char_id,slug,talent_type,label_index,label_zh,scaling_stat,value_unit,param_refs,value_lv1,value_lv10,version,source
10000002,kamisato_ayaka,alternate_sprint,1,启动体力消耗,NA,flat,1,10,,2.0,datamine
10000002,kamisato_ayaka,alternate_sprint,2,持续体力消耗,NA,sec,2,15,,2.0,datamine
10000002,kamisato_ayaka,alternate_sprint,3,附魔持续时间,NA,sec,3,5,,2.0,datamine
10000002,kamisato_ayaka,elemental_burst,1,切割伤害,atk,pct,1,112.3,202.14,2.0,datamine
10000002,kamisato_ayaka,elemental_burst,2,绽放伤害,atk,pct,2,168.45,303.21,2.0,datamine
10000002,kamisato_ayaka,elemental_burst,3,持续时间,NA,sec,3,5,5,2.0,datamine
10000002,kamisato_ayaka,elemental_burst,4,冷却时间,NA,sec,4,20,20,2.0,datamine
10000002,kamisato_ayaka,elemental_burst,5,元素能量,NA,flat,5,80,80,2.0,datamine
10000002,kamisato_ayaka,elemental_skill,1,技能伤害,atk,pct,1,239.2,430.56,2.0,datamine
10000002,kamisato_ayaka,elemental_skill,2,冷却时间,NA,sec,2,10,10,2.0,datamine
10000002,kamisato_ayaka,normal_attack,1,一段伤害,atk,pct,1,45.7253,90.3873,2.0,datamine
10000002,kamisato_ayaka,normal_attack,2,二段伤害,atk,pct,2,48.6846,96.237,2.0,datamine
10000002,kamisato_ayaka,normal_attack,3,三段伤害,atk,pct,3,62.6218,123.7872,2.0,datamine
10000002,kamisato_ayaka,normal_attack,4,四段伤害,atk,pct,4,22.6464,44.7661,2.0,datamine
10000002,kamisato_ayaka,normal_attack,5,五段伤害,atk,pct,7,78.1817,154.5453,2.0,datamine
10000002,kamisato_ayaka,normal_attack,6,重击伤害,atk,pct,8,55.126,108.97,2.0,datamine
10000002,kamisato_ayaka,normal_attack,7,重击体力消耗,NA,flat,9,20,20,2.0,datamine
10000002,kamisato_ayaka,normal_attack,8,下坠期间伤害,atk,pct,10,63.9324,126.378,2.0,datamine
10000002,kamisato_ayaka,normal_attack,9,低空/高空坠地冲击伤害,atk;atk,pct;pct,11;12,127.8377;159.6762,252.7025;315.639,2.0,datamine
10000003,jean,elemental_burst,1,爆发伤害,atk,pct,1,424.8,764.64,1.0,datamine
10000003,jean,elemental_burst,2,出入领域伤害,atk,pct,2,78.4,141.12,1.0,datamine
10000003,jean,elemental_burst,3,领域发动治疗量,atk;atk,pct;flat,3;4,251.2;1540.3248,452.16;3388.9717,1.0,datamine
10000003,jean,elemental_burst,4,持续治疗,atk;atk,pct;sec,5;6,25.12;154.0325,45.216;338.8972,1.0,datamine
10000003,jean,elemental_burst,5,冷却时间,NA,sec,7,20,20,1.0,datamine
10000003,jean,elemental_burst,6,元素能量,NA,flat,8,80,80,1.0,datamine
10000003,jean,elemental_skill,1,技能伤害,atk,pct,1,292,525.6,1.0,datamine
10000003,jean,elemental_skill,2,体力消耗,NA,sec,2,20,20,1.0,datamine
10000003,jean,elemental_skill,3,最大持续时间,NA,sec,3,5,5,1.0,datamine
10000003,jean,elemental_skill,4,冷却时间,NA,sec,4,6,6,1.0,datamine
10000003,jean,normal_attack,1,一段伤害,atk,pct,1,48.332,95.54,1.0,datamine
10000003,jean,normal_attack,2,二段伤害,atk,pct,2,45.58,90.1,1.0,datamine
10000003,jean,normal_attack,3,三段伤害,atk,pct,3,60.286,119.17,1.0,datamine
10000003,jean,normal_attack,4,四段伤害,atk,pct,4,65.876,130.22,1.0,datamine
10000003,jean,normal_attack,5,五段伤害,atk,pct,5,79.206,156.57,1.0,datamine
10000003,jean,normal_attack,6,重击伤害,atk,pct,6,162.024,320.28,1.0,datamine
10000003,jean,normal_attack,7,重击体力消耗,NA,flat,7,20,20,1.0,datamine
10000003,jean,normal_attack,8,下坠期间伤害,atk,pct,8,63.9324,126.378,1.0,datamine
10000003,jean,normal_attack,9,低空/高空坠地冲击伤害,atk;atk,pct;pct,9;10,127.8377;159.6762,252.7025;315.639,1.0,datamine
10000006,lisa,elemental_burst,1,放电伤害,atk,pct,1,36.56,65.808,1.0,datamine
10000006,lisa,elemental_burst,2,持续时间,NA,sec,2,15,15,1.0,datamine
10000006,lisa,elemental_burst,3,冷却时间,NA,sec,3,20,20,1.0,datamine
10000006,lisa,elemental_burst,4,元素能量,NA,flat,4,80,80,1.0,datamine
10000006,lisa,elemental_skill,1,点按伤害,atk,pct,6,80,144,1.0,datamine
10000006,lisa,elemental_skill,2,点按冷却时间,NA,sec,7,1,1,1.0,datamine
10000006,lisa,elemental_skill,3,无引雷长按伤害,atk,pct,1,320,576,1.0,datamine
10000006,lisa,elemental_skill,4,一层引雷长按伤害,atk,pct,2,368,662.4,1.0,datamine
10000006,lisa,elemental_skill,5,二层引雷长按伤害,atk,pct,3,424,763.2,1.0,datamine
10000006,lisa,elemental_skill,6,三层引雷长按伤害,atk,pct,4,487.2,876.96,1.0,datamine
10000006,lisa,elemental_skill,7,长按冷却时间,NA,sec,5,16,16,1.0,datamine
10000006,lisa,normal_attack,1,一段伤害,atk,pct,1,39.6,71.28,1.0,datamine
10000006,lisa,normal_attack,2,二段伤害,atk,pct,2,35.92,64.656,1.0,datamine
10000006,lisa,normal_attack,3,三段伤害,atk,pct,3,42.8,77.04,1.0,datamine
10000006,lisa,normal_attack,4,四段伤害,atk,pct,4,54.96,98.928,1.0,datamine
10000006,lisa,normal_attack,5,重击伤害,atk,pct,5,177.12,318.816,1.0,datamine
10000006,lisa,normal_attack,6,重击体力消耗,NA,flat,6,50,50,1.0,datamine
10000006,lisa,normal_attack,7,下坠期间伤害,atk,pct,7,56.8288,112.336,1.0,datamine
10000006,lisa,normal_attack,8,低空/高空坠地冲击伤害,atk;atk,pct;pct,8;9,113.6335;141.9344,224.6244;280.568,1.0,datamine
10000014,barbara,elemental_burst,1,治疗量,hp;hp,pct;flat,1;2,17.6;1694.2819,31.68;3727.7026,1.0,datamine
10000014,barbara,elemental_burst,2,冷却时间,NA,sec,3,20,20,1.0,datamine
10000014,barbara,elemental_burst,3,元素能量,NA,flat,4,80,80,1.0,datamine
10000014,barbara,elemental_skill,1,命中治疗量,hp;hp,pct;flat,3;4,0.75;72.2227,1.35;158.902,1.0,datamine
10000014,barbara,elemental_skill,2,持续治疗量,hp;hp,pct;flat,1;2,4;385.1877,7.2;847.4773,1.0,datamine
10000014,barbara,elemental_skill,3,水珠伤害,atk,pct,5,58.4,105.12,1.0,datamine
10000014,barbara,elemental_skill,4,持续时间,NA,sec,6,15,15,1.0,datamine
10000014,barbara,elemental_skill,5,冷却时间,NA,sec,7,32,32,1.0,datamine
10000014,barbara,normal_attack,1,一段伤害,atk,pct,1,37.84,68.112,1.0,datamine
10000014,barbara,normal_attack,2,二段伤害,atk,pct,2,35.52,63.936,1.0,datamine
10000014,barbara,normal_attack,3,三段伤害,atk,pct,3,41.04,73.872,1.0,datamine
10000014,barbara,normal_attack,4,四段伤害,atk,pct,4,55.2,99.36,1.0,datamine
10000014,barbara,normal_attack,5,重击伤害,atk,pct,5,166.24,299.232,1.0,datamine
10000014,barbara,normal_attack,6,重击体力消耗,NA,flat,6,50,50,1.0,datamine
10000014,barbara,normal_attack,7,下坠期间伤害,atk,pct,7,56.8288,112.336,1.0,datamine
10000014,barbara,normal_attack,8,低空/高空坠地冲击伤害,atk;atk,pct;pct,8;9,113.6335;141.9344,224.6244;280.568,1.0,datamine
10000015,kaeya,elemental_burst,1,技能伤害,atk,pct,1,77.6,139.68,1.0,datamine
10000015,kaeya,elemental_burst,2,冷却时间,NA,sec,2,15,15,1.0,datamine
10000015,kaeya,elemental_burst,3,持续时间,NA,sec,3,8,8,1.0,datamine
10000015,kaeya,elemental_burst,4,元素能量,NA,flat,4,60,60,1.0,datamine
10000015,kaeya,elemental_skill,1,技能伤害,atk,pct,1,191.2,344.16,1.0,datamine
10000015,kaeya,elemental_skill,2,冷却时间,NA,sec,2,6,6,1.0,datamine
10000015,kaeya,normal_attack,1,一段伤害,atk,pct,1,53.75,106.25,1.0,datamine
10000015,kaeya,normal_attack,2,二段伤害,atk,pct,2,51.686,102.17,1.0,datamine
10000015,kaeya,normal_attack,3,三段伤害,atk,pct,3,65.274,129.03,1.0,datamine
10000015,kaeya,normal_attack,4,四段伤害,atk,pct,4,70.864,140.08,1.0,datamine
10000015,kaeya,normal_attack,5,五段伤害,atk,pct,5,88.236,174.42,1.0,datamine
10000015,kaeya,normal_attack,6,重击伤害,atk;atk,pct;pct,6;7,55.04;73.1,108.8;144.5,1.0,datamine
10000015,kaeya,normal_attack,7,重击体力消耗,NA,flat,8,20,20,1.0,datamine
10000015,kaeya,normal_attack,8,下坠期间伤害,atk,pct,9,63.9324,126.378,1.0,datamine
10000015,kaeya,normal_attack,9,低空/高空坠地冲击伤害,atk;atk,pct;pct,10;11,127.8377;159.6762,252.7025;315.639,1.0,datamine
10000016,diluc,elemental_burst,1,斩击伤害,atk,pct,1,204,367.2,1.0,datamine
10000016,diluc,elemental_burst,2,持续伤害,NA,pct,2,60,108,1.0,datamine
10000016,diluc,elemental_burst,3,爆裂伤害,atk,pct,3,204,367.2,1.0,datamine
10000016,diluc,elemental_burst,4,冷却时间,NA,sec,4,12,12,1.0,datamine
10000016,diluc,elemental_burst,5,附魔持续时间,NA,sec,5,8,8,1.0,datamine
10000016,diluc,elemental_burst,6,元素能量,NA,flat,6,40,40,1.0,datamine
10000016,diluc,elemental_skill,1,一段伤害,atk,pct,1,94.4,169.92,1.0,datamine
10000016,diluc,elemental_skill,2,二段伤害,atk,pct,2,97.6,175.68,1.0,datamine
10000016,diluc,elemental_skill,3,三段伤害,atk,pct,3,128.8,231.84,1.0,datamine
10000016,diluc,elemental_skill,4,冷却时间,NA,sec,4,10,10,1.0,datamine
10000016,diluc,normal_attack,1,一段伤害,atk,pct,1,89.698,177.31,1.0,datamine
10000016,diluc,normal_attack,2,二段伤害,atk,pct,2,87.634,173.23,1.0,datamine
10000016,diluc,normal_attack,3,三段伤害,atk,pct,3,98.814,195.33,1.0,datamine
10000016,diluc,normal_attack,4,四段伤害,atk,pct,4,133.988,264.86,1.0,datamine
10000016,diluc,normal_attack,5,重击循环伤害,atk,pct,5,68.8,136,1.0,datamine
10000016,diluc,normal_attack,6,重击终结伤害,atk,pct,6,124.7,246.5,1.0,datamine
10000016,diluc,normal_attack,7,重击体力消耗,NA,sec,7,40,40,1.0,datamine
10000016,diluc,normal_attack,8,最大持续时间,NA,sec,8,5,5,1.0,datamine
10000016,diluc,normal_attack,9,下坠期间伤害,atk,pct,9,89.5054,176.9292,1.0,datamine
10000016,diluc,normal_attack,10,低空/高空坠地冲击伤害,atk;atk,pct;pct,10;11,178.9728;223.5467,353.7834;441.8946,1.0,datamine
10000020,razor,elemental_burst,1,爆发伤害,atk,pct,1,160,288,1.0,datamine
10000020,razor,elemental_burst,2,狼魂伤害,atk,pct,2,24,43.2,1.0,datamine
10000020,razor,elemental_burst,3,普通攻击速度提升,NA,pct,3,26,40,1.0,datamine
10000020,razor,elemental_burst,4,雷元素抗性提升,NA,pct,4,80,80,1.0,datamine
10000020,razor,elemental_burst,5,持续时间,NA,sec,5,15,15,1.0,datamine
10000020,razor,elemental_burst,6,冷却时间,NA,sec,6,20,20,1.0,datamine
10000020,razor,elemental_burst,7,元素能量,NA,flat,7,80,80,1.0,datamine
10000020,razor,elemental_skill,1,点按技能伤害,atk,pct,1,199.2,358.56,1.0,datamine
10000020,razor,elemental_skill,2,长按技能伤害,atk,pct,2,295.2,531.36,1.0,datamine
10000020,razor,elemental_skill,3,雷之印充能效率提升,NA,pct,3,20,20,1.0,datamine
10000020,razor,elemental_skill,4,雷之印吸收恢复能量,NA,flat,4,5,5,1.0,datamine
10000020,razor,elemental_skill,5,雷之印持续时间,NA,sec,5,18,18,1.0,datamine
10000020,razor,elemental_skill,6,点按冷却时间,NA,sec,6,6,6,1.0,datamine
10000020,razor,elemental_skill,7,长按冷却时间,NA,sec,7,10,10,1.0,datamine
10000020,razor,normal_attack,1,一段伤害,atk,pct,1,95.92,171.13,1.0,datamine
10000020,razor,normal_attack,2,二段伤害,atk,pct,2,82.632,147.423,1.0,datamine
10000020,razor,normal_attack,3,三段伤害,atk,pct,3,103.312,184.318,1.0,datamine
10000020,razor,normal_attack,4,四段伤害,atk,pct,4,136.048,242.722,1.0,datamine
10000020,razor,normal_attack,5,重击循环伤害,atk,pct,5,62.5392,123.624,1.0,datamine
10000020,razor,normal_attack,6,重击终结伤害,atk,pct,6,113.09,223.55,1.0,datamine
10000020,razor,normal_attack,7,重击体力消耗,NA,sec,7,40,40,1.0,datamine
10000020,razor,normal_attack,8,最大持续时间,NA,sec,8,5,5,1.0,datamine
10000020,razor,normal_attack,9,下坠期间伤害,atk,pct,9,82.0466,162.1851,1.0,datamine
10000020,razor,normal_attack,10,低空/高空坠地冲击伤害,atk;atk,pct;pct,10;11,164.0584;204.9178,324.3015;405.0701,1.0,datamine
10000021,amber,elemental_burst,1,箭雨单次伤害,atk,pct,1,28.08,50.544,1.0,datamine
10000021,amber,elemental_burst,2,箭雨总伤害,atk,pct,4,505.44,909.792,1.0,datamine
10000021,amber,elemental_burst,3,持续时间,NA,sec,5,2,2,1.0,datamine
10000021,amber,elemental_burst,4,冷却时间,NA,sec,2,12,12,1.0,datamine
10000021,amber,elemental_burst,5,元素能量,NA,flat,3,40,40,1.0,datamine
10000021,amber,elemental_skill,1,继承生命,NA,pct,1,41.36,74.448,1.0,datamine
10000021,amber,elemental_skill,2,爆炸伤害,atk,pct,2,123.2,221.76,1.0,datamine
10000021,amber,elemental_skill,3,冷却时间,NA,sec,4,15,15,1.0,datamine
10000021,amber,normal_attack,1,一段伤害,atk,pct,1,36.12,71.4,1.0,datamine
10000021,amber,normal_attack,2,二段伤害,atk,pct,2,36.12,71.4,1.0,datamine
10000021,amber,normal_attack,3,三段伤害,atk,pct,3,46.44,91.8,1.0,datamine
10000021,amber,normal_attack,4,四段伤害,atk,pct,4,47.3,93.5,1.0,datamine
10000021,amber,normal_attack,5,五段伤害,atk,pct,5,59.34,117.3,1.0,datamine
10000021,amber,normal_attack,6,瞄准射击,NA,pct,6,43.86,86.7,1.0,datamine
10000021,amber,normal_attack,7,满蓄力瞄准射击,NA,pct,7,124,223.2,1.0,datamine
10000021,amber,normal_attack,8,下坠期间伤害,atk,pct,8,56.8288,112.336,1.0,datamine
10000021,amber,normal_attack,9,低空/高空坠地冲击伤害,atk;atk,pct;pct,9;10,113.6335;141.9344,224.6244;280.568,1.0,datamine
10000022,venti,elemental_burst,1,持续伤害,NA,pct,1,37.6,67.68,1.0,datamine
10000022,venti,elemental_burst,2,附加元素伤害,atk,pct,2,18.8,33.84,1.0,datamine
10000022,venti,elemental_burst,3,持续时间,NA,sec,3,8,8,1.0,datamine
10000022,venti,elemental_burst,4,冷却时间,NA,sec,4,15,15,1.0,datamine
10000022,venti,elemental_burst,5,元素能量,NA,flat,5,60,60,1.0,datamine
10000022,venti,elemental_skill,1,点按伤害,atk,pct,1,276,496.8,1.0,datamine
10000022,venti,elemental_skill,2,点按冷却时间,NA,sec,2,6,6,1.0,datamine
10000022,venti,elemental_skill,3,长按伤害,atk,pct,3,380,684,1.0,datamine
10000022,venti,elemental_skill,4,长按冷却时间,NA,sec,4,15,15,1.0,datamine
10000022,venti,normal_attack,1,一段伤害,atk;atk,pct;pct,1;1,20.382;20.382,40.29;40.29,1.0,datamine
10000022,venti,normal_attack,2,二段伤害,atk,pct,2,44.376,87.72,1.0,datamine
10000022,venti,normal_attack,3,三段伤害,atk,pct,3,52.374,103.53,1.0,datamine
10000022,venti,normal_attack,4,四段伤害,atk;atk,pct;pct,4;4,26.058;26.058,51.51;51.51,1.0,datamine
10000022,venti,normal_attack,5,五段伤害,atk,pct,5,50.654,100.13,1.0,datamine
10000022,venti,normal_attack,6,六段伤害,atk,pct,6,70.95,140.25,1.0,datamine
10000022,venti,normal_attack,7,瞄准射击,NA,pct,7,43.86,86.7,1.0,datamine
10000022,venti,normal_attack,8,满蓄力瞄准射击,NA,pct,8,124,223.2,1.0,datamine
10000022,venti,normal_attack,9,下坠期间伤害,atk,pct,9,56.8288,112.336,1.0,datamine
10000022,venti,normal_attack,10,低空/高空坠地冲击伤害,atk;atk,pct;pct,10;11,113.6335;141.9344,224.6244;280.568,1.0,datamine
10000022,venti,normal_attack,11,飓风箭伤害,atk,pct,12,160,250,1.0,datamine
10000023,xiangling,elemental_burst,1,一段挥舞伤害,atk,pct,1,72,129.6,1.0,datamine
10000023,xiangling,elemental_burst,2,二段挥舞伤害,atk,pct,2,88,158.4,1.0,datamine
10000023,xiangling,elemental_burst,3,三段挥舞伤害,atk,pct,3,109.6,197.28,1.0,datamine
10000023,xiangling,elemental_burst,4,旋火轮伤害,atk,pct,4,112,201.6,1.0,datamine
10000023,xiangling,elemental_burst,5,持续时间,NA,sec,5,10,10,1.0,datamine
10000023,xiangling,elemental_burst,6,冷却时间,NA,sec,6,20,20,1.0,datamine
10000023,xiangling,elemental_burst,7,元素能量,NA,flat,7,80,80,1.0,datamine
10000023,xiangling,elemental_skill,1,喷火伤害,atk,pct,1,111.28,200.304,1.0,datamine
10000023,xiangling,elemental_skill,2,冷却时间,NA,sec,2,12,12,1.0,datamine
10000023,xiangling,normal_attack,1,一段伤害,atk,pct,1,42.054,83.13,1.0,datamine
10000023,xiangling,normal_attack,2,二段伤害,atk,pct,2,42.14,83.3,1.0,datamine
10000023,xiangling,normal_attack,3,三段伤害,atk;atk,pct;pct,3;3,26.058;26.058,51.51;51.51,1.0,datamine
10000023,xiangling,normal_attack,4,四段伤害,atk,pct,4,14.104,27.88,1.0,datamine
10000023,xiangling,normal_attack,5,五段伤害,atk,pct,5,71.036,140.42,1.0,datamine
10000023,xiangling,normal_attack,6,重击伤害,atk,pct,6,121.69,240.55,1.0,datamine
10000023,xiangling,normal_attack,7,重击体力消耗,NA,flat,7,25,25,1.0,datamine
10000023,xiangling,normal_attack,8,下坠期间伤害,atk,pct,8,63.9324,126.378,1.0,datamine
10000023,xiangling,normal_attack,9,低空/高空坠地冲击伤害,atk;atk,pct;pct,9;10,127.8377;159.6762,252.7025;315.639,1.0,datamine
10000024,beidou,elemental_burst,1,技能伤害,atk,pct,1,121.6,218.88,1.0,datamine
10000024,beidou,elemental_burst,2,闪雷伤害,atk,pct,2,96,172.8,1.0,datamine
10000024,beidou,elemental_burst,3,伤害减免,atk,pct,3,20,34,1.0,datamine
10000024,beidou,elemental_burst,4,持续时间,NA,sec,4,15,15,1.0,datamine
10000024,beidou,elemental_burst,5,冷却时间,NA,sec,5,20,20,1.0,datamine
10000024,beidou,elemental_burst,6,元素能量,NA,flat,6,80,80,1.0,datamine
10000024,beidou,elemental_skill,1,护盾吸收量,hp;hp,pct;flat,1;2,14.4;1386.3678,25.92;3050.2405,1.0,datamine
10000024,beidou,elemental_skill,2,基础伤害,atk,pct,3,121.6,218.88,1.0,datamine
10000024,beidou,elemental_skill,3,受击时伤害提升,atk,pct,4,160,288,1.0,datamine
10000024,beidou,elemental_skill,4,冷却时间,NA,sec,5,7.5,7.5,1.0,datamine
10000024,beidou,normal_attack,1,一段伤害,atk,pct,1,71.122,140.59,1.0,datamine
10000024,beidou,normal_attack,2,二段伤害,atk,pct,2,70.864,140.08,1.0,datamine
10000024,beidou,normal_attack,3,三段伤害,atk,pct,3,88.322,174.59,1.0,datamine
10000024,beidou,normal_attack,4,四段伤害,atk,pct,4,86.516,171.02,1.0,datamine
10000024,beidou,normal_attack,5,五段伤害,atk,pct,5,112.144,221.68,1.0,datamine
10000024,beidou,normal_attack,6,重击循环伤害,atk,pct,6,56.244,111.18,1.0,datamine
10000024,beidou,normal_attack,7,重击终结伤害,atk,pct,7,101.824,201.28,1.0,datamine
10000024,beidou,normal_attack,8,重击体力消耗,NA,sec,8,40,40,1.0,datamine
10000024,beidou,normal_attack,9,最大持续时间,NA,sec,9,5,5,1.0,datamine
10000024,beidou,normal_attack,10,下坠期间伤害,atk,pct,10,74.5878,147.441,1.0,datamine
10000024,beidou,normal_attack,11,低空/高空坠地冲击伤害,atk;atk,pct;pct,11;12,149.144;186.2889,294.8195;368.2455,1.0,datamine
10000025,xingqiu,elemental_burst,1,剑雨伤害,atk,pct,1,54.272,97.6896,1.0,datamine
10000025,xingqiu,elemental_burst,2,持续时间,NA,sec,2,15,15,1.0,datamine
10000025,xingqiu,elemental_burst,3,冷却时间,NA,sec,3,20,20,1.0,datamine
10000025,xingqiu,elemental_burst,4,元素能量,NA,flat,4,80,80,1.0,datamine
10000025,xingqiu,elemental_skill,1,技能伤害,atk;atk,pct;pct,1;2,168;191.2,302.4;344.16,1.0,datamine
10000025,xingqiu,elemental_skill,2,减伤比例,NA,pct,3,20,29,1.0,datamine
10000025,xingqiu,elemental_skill,3,持续时间,NA,sec,4,15,15,1.0,datamine
10000025,xingqiu,elemental_skill,4,冷却时间,NA,sec,5,21,21,1.0,datamine
10000025,xingqiu,normal_attack,1,一段伤害,atk,pct,1,46.612,92.14,1.0,datamine
10000025,xingqiu,normal_attack,2,二段伤害,atk,pct,2,47.644,94.18,1.0,datamine
10000025,xingqiu,normal_attack,3,三段伤害,atk;atk,pct;pct,3;4,28.552;28.552,56.44;56.44,1.0,datamine
10000025,xingqiu,normal_attack,4,四段伤害,atk,pct,5,55.986,110.67,1.0,datamine
10000025,xingqiu,normal_attack,5,五段伤害,atk;atk,pct;pct,6;7,35.862;35.862,70.89;70.89,1.0,datamine
10000025,xingqiu,normal_attack,6,重击伤害,atk;atk,pct;pct,8;9,47.3;56.158,93.5;111.01,1.0,datamine
10000025,xingqiu,normal_attack,7,重击体力消耗,NA,flat,10,20,20,1.0,datamine
10000025,xingqiu,normal_attack,8,下坠期间伤害,atk,pct,11,63.9324,126.378,1.0,datamine
10000025,xingqiu,normal_attack,9,低空/高空坠地冲击伤害,atk;atk,pct;pct,12;13,127.8377;159.6762,252.7025;315.639,1.0,datamine
10000026,xiao,elemental_burst,1,普通攻击/重击/下落攻击伤害提升,atk,pct,1,58.45,95.2,1.3,datamine
10000026,xiao,elemental_burst,2,生命流失,NA,pct,2,3,2,1.3,datamine
10000026,xiao,elemental_burst,3,持续时间,NA,sec,3,15,15,1.3,datamine
10000026,xiao,elemental_burst,4,冷却时间,NA,sec,4,18,18,1.3,datamine
10000026,xiao,elemental_burst,5,元素能量,NA,flat,5,70,70,1.3,datamine
10000026,xiao,elemental_skill,1,技能伤害,atk,pct,1,252.8,455.04,1.3,datamine
10000026,xiao,elemental_skill,2,冷却时间,NA,sec,2,10,10,1.3,datamine
10000026,xiao,normal_attack,1,一段伤害,atk;atk,pct;pct,1;2,27.544;27.544,49.141;49.141,1.3,datamine
10000026,xiao,normal_attack,2,二段伤害,atk,pct,3,56.936,101.579,1.3,datamine
10000026,xiao,normal_attack,3,三段伤害,atk,pct,4,68.552,122.303,1.3,datamine
10000026,xiao,normal_attack,4,四段伤害,atk;atk,pct;pct,5;6,37.664;37.664,67.196;67.196,1.3,datamine
10000026,xiao,normal_attack,5,五段伤害,atk,pct,7,71.544,127.641,1.3,datamine
10000026,xiao,normal_attack,6,六段伤害,atk,pct,8,95.832,170.973,1.3,datamine
10000026,xiao,normal_attack,7,重击伤害,atk,pct,9,121.088,216.032,1.3,datamine
10000026,xiao,normal_attack,8,重击体力消耗,NA,flat,10,25,25,1.3,datamine
10000026,xiao,normal_attack,9,下坠期间伤害,atk,pct,11,81.8335,161.7638,1.3,datamine
10000026,xiao,normal_attack,10,低空/高空坠地冲击伤害,atk;atk,pct;pct,12;13,163.6323;204.3855,323.4591;404.0179,1.3,datamine
10000027,ningguang,elemental_burst,1,宝石伤害,atk,pct,1,86.96,156.528,1.0,datamine
10000027,ningguang,elemental_burst,2,冷却时间,NA,sec,2,12,12,1.0,datamine
10000027,ningguang,elemental_burst,3,元素能量,NA,flat,3,40,40,1.0,datamine
10000027,ningguang,elemental_skill,1,继承生命,NA,pct,3,50.1,81.6,1.0,datamine
10000027,ningguang,elemental_skill,2,技能伤害,atk,pct,2,230.4,414.72,1.0,datamine
10000027,ningguang,elemental_skill,3,冷却时间,NA,sec,4,12,12,1.0,datamine
10000027,ningguang,normal_attack,1,普通攻击伤害,atk,pct,1,28,50.4,1.0,datamine
10000027,ningguang,normal_attack,2,重击伤害,atk,pct,2,174.08,313.344,1.0,datamine
10000027,ningguang,normal_attack,3,星璇伤害,atk,pct,3,49.6,89.28,1.0,datamine
10000027,ningguang,normal_attack,4,重击体力消耗,NA,flat,4,50,50,1.0,datamine
10000027,ningguang,normal_attack,5,下坠期间伤害,atk,pct,5,56.8288,112.336,1.0,datamine
10000027,ningguang,normal_attack,6,低空/高空坠地冲击伤害,atk;atk,pct;pct,6;7,113.6335;141.9344,224.6244;280.568,1.0,datamine
10000029,klee,elemental_burst,1,轰轰火花伤害,atk,pct,1,42.64,76.752,1.0,datamine
10000029,klee,elemental_burst,2,持续时间,NA,sec,5,10,10,1.0,datamine
10000029,klee,elemental_burst,3,冷却时间,NA,sec,2,15,15,1.0,datamine
10000029,klee,elemental_burst,4,元素能量,NA,flat,3,60,60,1.0,datamine
10000029,klee,elemental_skill,1,蹦蹦炸弹伤害,atk,pct,1,95.2,171.36,1.0,datamine
10000029,klee,elemental_skill,2,诡雷伤害,atk,pct,4,32.8,59.04,1.0,datamine
10000029,klee,elemental_skill,3,诡雷持续时间,NA,sec,5,15,15,1.0,datamine
10000029,klee,elemental_skill,4,冷却时间,NA,sec,6,20,20,1.0,datamine
10000029,klee,normal_attack,1,一段伤害,atk,pct,1,72.16,129.888,1.0,datamine
10000029,klee,normal_attack,2,二段伤害,atk,pct,2,62.4,112.32,1.0,datamine
10000029,klee,normal_attack,3,三段伤害,atk,pct,3,89.92,161.856,1.0,datamine
10000029,klee,normal_attack,4,重击伤害,atk,pct,4,157.36,283.248,1.0,datamine
10000029,klee,normal_attack,5,重击体力消耗,NA,flat,5,50,50,1.0,datamine
10000029,klee,normal_attack,6,下坠期间伤害,atk,pct,6,56.8288,112.336,1.0,datamine
10000029,klee,normal_attack,7,低空/高空坠地冲击伤害,atk;atk,pct;pct,7;8,113.6335;141.9344,224.6244;280.568,1.0,datamine
10000030,zhongli,elemental_burst,1,技能伤害,atk,pct,1,401.08,899.72,1.1,datamine
10000030,zhongli,elemental_burst,2,石化时间,NA,sec,2,3.1,4,1.1,datamine
10000030,zhongli,elemental_burst,3,冷却时间,NA,sec,3,12,12,1.1,datamine
10000030,zhongli,elemental_burst,4,元素能量,NA,flat,4,40,40,1.1,datamine
10000030,zhongli,elemental_skill,1,岩脊伤害/共鸣伤害,atk;atk,pct;pct,1;2,16;32,28.8;57.6,1.1,datamine
10000030,zhongli,elemental_skill,2,点按冷却时间,NA,sec,3,4,4,1.1,datamine
10000030,zhongli,elemental_skill,3,长按伤害,atk,pct,4,80,144,1.1,datamine
10000030,zhongli,elemental_skill,4,护盾基础吸收量,NA,flat,5,1232.4108,2711.5093,1.1,datamine
10000030,zhongli,elemental_skill,5,护盾附加吸收量,hp,pct,6,12.8,23.04,1.1,datamine
10000030,zhongli,elemental_skill,6,护盾持续时间,NA,sec,7,20,20,1.1,datamine
10000030,zhongli,elemental_skill,7,长按冷却时间,NA,sec,8,12,12,1.1,datamine
10000030,zhongli,normal_attack,1,一段伤害,atk,pct,1,30.7691,60.8226,1.1,datamine
10000030,zhongli,normal_attack,2,二段伤害,atk,pct,2,31.1518,61.5791,1.1,datamine
10000030,zhongli,normal_attack,3,三段伤害,atk,pct,3,38.5762,76.2552,1.1,datamine
10000030,zhongli,normal_attack,4,四段伤害,atk,pct,4,42.9389,84.8793,1.1,datamine
10000030,zhongli,normal_attack,5,五段伤害,atk,pct,5,10.75,21.25,1.1,datamine
10000030,zhongli,normal_attack,6,六段伤害,atk,pct,6,54.4965,107.7256,1.1,datamine
10000030,zhongli,normal_attack,7,重击伤害,atk,pct,7,111.026,219.47,1.1,datamine
10000030,zhongli,normal_attack,8,重击体力消耗,NA,flat,8,25,25,1.1,datamine
10000030,zhongli,normal_attack,9,下坠期间伤害,atk,pct,9,63.9324,126.378,1.1,datamine
10000030,zhongli,normal_attack,10,低空/高空坠地冲击伤害,atk;atk,pct;pct,10;11,127.8377;159.6762,252.7025;315.639,1.1,datamine
10000031,fischl,elemental_burst,1,落雷伤害,atk,pct,1,208,374.4,1.0,datamine
10000031,fischl,elemental_burst,2,冷却时间,NA,sec,5,15,15,1.0,datamine
10000031,fischl,elemental_burst,3,元素能量,NA,flat,6,60,60,1.0,datamine
10000031,fischl,elemental_skill,1,奥兹攻击伤害,atk,pct,1,88.8,159.84,1.0,datamine
10000031,fischl,elemental_skill,2,召唤伤害,atk,pct,2,115.44,207.792,1.0,datamine
10000031,fischl,elemental_skill,3,奥兹存在时间,NA,sec,4,10,10,1.0,datamine
10000031,fischl,elemental_skill,4,冷却时间,NA,sec,5,25,25,1.0,datamine
10000031,fischl,normal_attack,1,一段伤害,atk,pct,1,44.118,87.21,1.0,datamine
10000031,fischl,normal_attack,2,二段伤害,atk,pct,2,46.784,92.48,1.0,datamine
10000031,fischl,normal_attack,3,三段伤害,atk,pct,3,58.136,114.92,1.0,datamine
10000031,fischl,normal_attack,4,四段伤害,atk,pct,4,57.706,114.07,1.0,datamine
10000031,fischl,normal_attack,5,五段伤害,atk,pct,5,72.068,142.46,1.0,datamine
10000031,fischl,normal_attack,6,瞄准射击,NA,pct,6,43.86,86.7,1.0,datamine
10000031,fischl,normal_attack,7,满蓄力瞄准射击,NA,pct,7,124,223.2,1.0,datamine
10000031,fischl,normal_attack,8,下坠期间伤害,atk,pct,8,56.8288,112.336,1.0,datamine
10000031,fischl,normal_attack,9,低空/高空坠地冲击伤害,atk;atk,pct;pct,9;10,113.6335;141.9344,224.6244;280.568,1.0,datamine
10000032,bennett,elemental_burst,1,技能伤害,atk,pct,1,232.8,419.04,1.0,datamine
10000032,bennett,elemental_burst,2,持续治疗,hp;hp,pct;sec,2;3,6;577.3388,10.8;1270.2417,1.0,datamine
10000032,bennett,elemental_burst,3,攻击力加成比例,NA,pct,4,56,100.8,1.0,datamine
10000032,bennett,elemental_burst,4,持续时间,NA,sec,5,12,12,1.0,datamine
10000032,bennett,elemental_burst,5,冷却时间,NA,sec,6,15,15,1.0,datamine
10000032,bennett,elemental_burst,6,元素能量,NA,flat,7,60,60,1.0,datamine
10000032,bennett,elemental_skill,1,点按伤害,atk,pct,1,137.6,247.68,1.0,datamine
10000032,bennett,elemental_skill,2,一段蓄力伤害,atk;atk,pct;pct,2;3,84;92,151.2;165.6,1.0,datamine
10000032,bennett,elemental_skill,3,二段蓄力伤害,atk;atk,pct;pct,4;5,88;96,158.4;172.8,1.0,datamine
10000032,bennett,elemental_skill,4,爆炸伤害,atk,pct,6,132,237.6,1.0,datamine
10000032,bennett,elemental_skill,5,冷却时间,NA;NA;NA,sec;sec;sec,7;8;9,5;7.5;10,5;7.5;10,1.0,datamine
10000032,bennett,normal_attack,1,一段伤害,atk,pct,1,44.548,88.06,1.0,datamine
10000032,bennett,normal_attack,2,二段伤害,atk,pct,2,42.742,84.49,1.0,datamine
10000032,bennett,normal_attack,3,三段伤害,atk,pct,3,54.61,107.95,1.0,datamine
10000032,bennett,normal_attack,4,四段伤害,atk,pct,4,59.684,117.98,1.0,datamine
10000032,bennett,normal_attack,5,五段伤害,atk,pct,5,71.896,142.12,1.0,datamine
10000032,bennett,normal_attack,6,重击伤害,atk;atk,pct;pct,6;7,55.9;60.716,110.5;120.02,1.0,datamine
10000032,bennett,normal_attack,7,重击体力消耗,NA,flat,8,20,20,1.0,datamine
10000032,bennett,normal_attack,8,下坠期间伤害,atk,pct,9,63.9324,126.378,1.0,datamine
10000032,bennett,normal_attack,9,低空/高空坠地冲击伤害,atk;atk,pct;pct,10;11,127.8377;159.6762,252.7025;315.639,1.0,datamine
10000033,tartaglia,elemental_burst,1,技能伤害·近战,atk,pct,1,464,835.2,1.1,datamine
10000033,tartaglia,elemental_burst,2,技能伤害·远程,atk,pct,3,378.4,681.12,1.1,datamine
10000033,tartaglia,elemental_burst,3,断流·爆 伤害,atk,pct,2,120,216,1.1,datamine
10000033,tartaglia,elemental_burst,4,技能返还元素能量（远程）,NA,flat,4,20,20,1.1,datamine
10000033,tartaglia,elemental_burst,5,冷却时间,NA,sec,5,15,15,1.1,datamine
10000033,tartaglia,elemental_burst,6,元素能量,NA,flat,6,60,60,1.1,datamine
10000033,tartaglia,elemental_skill,1,状态激发伤害,atk,pct,1,72,129.6,1.1,datamine
10000033,tartaglia,elemental_skill,2,一段伤害,atk,pct,2,38.872,76.84,1.1,datamine
10000033,tartaglia,elemental_skill,3,二段伤害,atk,pct,3,41.624,82.28,1.1,datamine
10000033,tartaglia,elemental_skill,4,三段伤害,atk,pct,4,56.33,111.35,1.1,datamine
10000033,tartaglia,elemental_skill,5,四段伤害,atk,pct,5,59.942,118.49,1.1,datamine
10000033,tartaglia,elemental_skill,6,五段伤害,atk,pct,6,55.298,109.31,1.1,datamine
10000033,tartaglia,elemental_skill,7,六段伤害,atk;atk,pct;pct,7;8,35.432;37.668,70.04;74.46,1.1,datamine
10000033,tartaglia,elemental_skill,8,重击伤害,atk;atk,pct;pct,9;10,60.2;71.982,119;142.29,1.1,datamine
10000033,tartaglia,elemental_skill,9,重击体力消耗,NA,flat,12,20,20,1.1,datamine
10000033,tartaglia,elemental_skill,10,断流·斩 伤害,atk,pct,11,60.2,119,1.1,datamine
10000033,tartaglia,elemental_skill,11,最大持续时间,NA,sec,13,30,30,1.1,datamine
10000033,tartaglia,elemental_skill,12,冷却时间,NA;NA,sec;sec,14;15,6;36,6;36,1.1,datamine
10000033,tartaglia,elemental_skill,13,持续时间耗尽冷却时间,NA,sec,16,45,45,1.1,datamine
10000033,tartaglia,normal_attack,1,一段伤害,atk,pct,1,41.28,81.6,1.1,datamine
10000033,tartaglia,normal_attack,2,二段伤害,atk,pct,2,46.268,91.46,1.1,datamine
10000033,tartaglia,normal_attack,3,三段伤害,atk,pct,3,55.384,109.48,1.1,datamine
10000033,tartaglia,normal_attack,4,四段伤害,atk,pct,4,57.018,112.71,1.1,datamine
10000033,tartaglia,normal_attack,5,五段伤害,atk,pct,5,60.888,120.36,1.1,datamine
10000033,tartaglia,normal_attack,6,六段伤害,atk,pct,6,72.756,143.82,1.1,datamine
10000033,tartaglia,normal_attack,7,瞄准射击,NA,pct,7,43.86,86.7,1.1,datamine
10000033,tartaglia,normal_attack,8,满蓄力瞄准射击,NA,pct,8,124,223.2,1.1,datamine
10000033,tartaglia,normal_attack,9,断流·闪 伤害,atk,pct,9,12.4,22.32,1.1,datamine
10000033,tartaglia,normal_attack,10,断流·破 伤害,atk,pct,10,62,111.6,1.1,datamine
10000033,tartaglia,normal_attack,11,断流持续时间,NA,sec,14,10,10,1.1,datamine
10000033,tartaglia,normal_attack,12,下坠期间伤害,atk,pct,11,63.9324,126.378,1.1,datamine
10000033,tartaglia,normal_attack,13,低空/高空坠地冲击伤害,atk;atk,pct;pct,12;13,127.8377;159.6762,252.7025;315.639,1.1,datamine
10000034,noelle,elemental_burst,1,爆发伤害,atk,pct,1,67.2,120.96,1.0,datamine
10000034,noelle,elemental_burst,2,技能伤害,atk,pct,2,92.8,167.04,1.0,datamine
10000034,noelle,elemental_burst,3,攻击力提高,def,pct,3,40,72,1.0,datamine
10000034,noelle,elemental_burst,4,持续时间,NA,sec,4,15,15,1.0,datamine
10000034,noelle,elemental_burst,5,冷却时间,NA,sec,5,15,15,1.0,datamine
10000034,noelle,elemental_burst,6,元素能量,NA,flat,6,60,60,1.0,datamine
10000034,noelle,elemental_skill,1,技能伤害,def,pct,6,120,216,1.0,datamine
10000034,noelle,elemental_skill,2,吸收量,def;def,pct;flat,1;7,160;769.7851,288;1693.6555,1.0,datamine
10000034,noelle,elemental_skill,3,治疗量,def;def,pct;flat,2;8,21.28;102.718,38.304;225.9968,1.0,datamine
10000034,noelle,elemental_skill,4,治疗触发几率,atk,pct,3,50,59,1.0,datamine
10000034,noelle,elemental_skill,5,持续时间,NA,sec,4,12,12,1.0,datamine
10000034,noelle,elemental_skill,6,冷却时间,NA,sec,5,24,24,1.0,datamine
10000034,noelle,normal_attack,1,一段伤害,atk,pct,1,79.12,156.4,1.0,datamine
10000034,noelle,normal_attack,2,二段伤害,atk,pct,2,73.358,145.01,1.0,datamine
10000034,noelle,normal_attack,3,三段伤害,atk,pct,3,86.258,170.51,1.0,datamine
10000034,noelle,normal_attack,4,四段伤害,atk,pct,4,113.434,224.23,1.0,datamine
10000034,noelle,normal_attack,5,重击循环伤害,atk,pct,5,50.74,100.3,1.0,datamine
10000034,noelle,normal_attack,6,重击终结伤害,atk,pct,6,90.472,178.84,1.0,datamine
10000034,noelle,normal_attack,7,重击体力消耗,NA,sec,7,40,40,1.0,datamine
10000034,noelle,normal_attack,8,最大持续时间,NA,sec,8,5,5,1.0,datamine
10000034,noelle,normal_attack,9,下坠期间伤害,atk,pct,9,74.5878,147.441,1.0,datamine
10000034,noelle,normal_attack,10,低空/高空坠地冲击伤害,atk;atk,pct;pct,10;11,149.144;186.2889,294.8195;368.2455,1.0,datamine
10000035,qiqi,elemental_burst,1,技能伤害,atk,pct,3,284.8,512.64,1.0,datamine
10000035,qiqi,elemental_burst,2,治疗量,atk;atk,pct;flat,1;2,90;577.3388,162;1270.2417,1.0,datamine
10000035,qiqi,elemental_burst,3,持续时间,NA,sec,4,15,15,1.0,datamine
10000035,qiqi,elemental_burst,4,冷却时间,NA,sec,5,20,20,1.0,datamine
10000035,qiqi,elemental_burst,5,元素能量,NA,flat,6,80,80,1.0,datamine
10000035,qiqi,elemental_burst,6,星超导伤害,atk,pct,7,297.3336,535.2005,1.0,datamine
10000035,qiqi,elemental_skill,1,技能伤害,atk,pct,8,96,172.8,1.0,datamine
10000035,qiqi,elemental_skill,2,命中治疗量,atk;atk,pct;flat,1;2,10.56;67.4079,19.008;148.3085,1.0,datamine
10000035,qiqi,elemental_skill,3,持续治疗量,atk;atk,pct;flat,3;4,69.6;450.5507,125.28;991.2866,1.0,datamine
10000035,qiqi,elemental_skill,4,寒病鬼差伤害,atk,pct,5,36,64.8,1.0,datamine
10000035,qiqi,elemental_skill,5,持续时间,NA,sec,6,15,15,1.0,datamine
10000035,qiqi,elemental_skill,6,冷却时间,NA,sec,7,30,30,1.0,datamine
10000035,qiqi,elemental_skill,7,寒病鬼差协同攻击伤害,atk,pct,9,24,43.2,1.0,datamine
10000035,qiqi,elemental_skill,8,寒病鬼差协同攻击冷却时间,NA,sec,10,2.2,2.2,1.0,datamine
10000035,qiqi,elemental_skill,9,冷却时间,NA,sec,11,15,15,1.0,datamine
10000035,qiqi,normal_attack,1,一段伤害,atk,pct,1,37.754,74.63,1.0,datamine
10000035,qiqi,normal_attack,2,二段伤害,atk,pct,2,38.872,76.84,1.0,datamine
10000035,qiqi,normal_attack,3,三段伤害,atk;atk,pct;pct,3;3,24.166;24.166,47.77;47.77,1.0,datamine
10000035,qiqi,normal_attack,4,四段伤害,atk;atk,pct;pct,4;4,24.682;24.682,48.79;48.79,1.0,datamine
10000035,qiqi,normal_attack,5,五段伤害,atk,pct,5,63.038,124.61,1.0,datamine
10000035,qiqi,normal_attack,6,重击伤害,atk;atk,pct;pct,6;6,64.328;64.328,127.16;127.16,1.0,datamine
10000035,qiqi,normal_attack,7,重击体力消耗,NA,flat,7,20,20,1.0,datamine
10000035,qiqi,normal_attack,8,下坠期间伤害,atk,pct,8,63.9324,126.378,1.0,datamine
10000035,qiqi,normal_attack,9,低空/高空坠地冲击伤害,atk;atk,pct;pct,9;10,127.8377;159.6762,252.7025;315.639,1.0,datamine
10000036,chongyun,elemental_burst,1,技能伤害,atk,pct,1,142.4,256.32,1.0,datamine
10000036,chongyun,elemental_burst,2,冷却时间,NA,sec,2,12,12,1.0,datamine
10000036,chongyun,elemental_burst,3,元素能量,NA,flat,3,40,40,1.0,datamine
10000036,chongyun,elemental_skill,1,技能伤害,atk,pct,1,172.04,309.672,1.0,datamine
10000036,chongyun,elemental_skill,2,附魔持续时间,NA,sec,2,2,2.9,1.0,datamine
10000036,chongyun,elemental_skill,3,领域持续时间,NA,sec,4,10,10,1.0,datamine
10000036,chongyun,elemental_skill,4,冷却时间,NA,sec,3,15,15,1.0,datamine
10000036,chongyun,normal_attack,1,一段伤害,atk,pct,1,70.004,138.38,1.0,datamine
10000036,chongyun,normal_attack,2,二段伤害,atk,pct,2,63.124,124.78,1.0,datamine
10000036,chongyun,normal_attack,3,三段伤害,atk,pct,3,80.324,158.78,1.0,datamine
10000036,chongyun,normal_attack,4,四段伤害,atk,pct,4,101.222,200.09,1.0,datamine
10000036,chongyun,normal_attack,5,重击循环伤害,atk,pct,5,56.2853,111.2616,1.0,datamine
10000036,chongyun,normal_attack,6,重击终结伤害,atk,pct,6,101.781,201.195,1.0,datamine
10000036,chongyun,normal_attack,7,重击体力消耗,NA,sec,7,40,40,1.0,datamine
10000036,chongyun,normal_attack,8,最大持续时间,NA,sec,8,5,5,1.0,datamine
10000036,chongyun,normal_attack,9,下坠期间伤害,atk,pct,9,74.5878,147.441,1.0,datamine
10000036,chongyun,normal_attack,10,低空/高空坠地冲击伤害,atk;atk,pct;pct,10;11,149.144;186.2889,294.8195;368.2455,1.0,datamine
10000037,ganyu,elemental_burst,1,冰棱伤害,atk,pct,1,70.272,126.4896,1.2,datamine
10000037,ganyu,elemental_burst,2,持续时间,NA,sec,2,15,15,1.2,datamine
10000037,ganyu,elemental_burst,3,冷却时间,NA,sec,3,15,15,1.2,datamine
10000037,ganyu,elemental_burst,4,元素能量,NA,flat,4,60,60,1.2,datamine
10000037,ganyu,elemental_skill,1,继承生命,NA,pct,1,120,216,1.2,datamine
10000037,ganyu,elemental_skill,2,技能伤害,atk,pct,2,132,237.6,1.2,datamine
10000037,ganyu,elemental_skill,3,持续时间,NA,sec,3,6,6,1.2,datamine
10000037,ganyu,elemental_skill,4,冷却时间,NA,sec,4,10,10,1.2,datamine
10000037,ganyu,normal_attack,1,一段伤害,atk,pct,1,31.734,62.73,1.2,datamine
10000037,ganyu,normal_attack,2,二段伤害,atk,pct,2,35.604,70.38,1.2,datamine
10000037,ganyu,normal_attack,3,三段伤害,atk,pct,3,45.494,89.93,1.2,datamine
10000037,ganyu,normal_attack,4,四段伤害,atk,pct,4,45.494,89.93,1.2,datamine
10000037,ganyu,normal_attack,5,五段伤害,atk,pct,5,48.246,95.37,1.2,datamine
10000037,ganyu,normal_attack,6,六段伤害,atk,pct,6,57.62,113.9,1.2,datamine
10000037,ganyu,normal_attack,7,瞄准射击,NA,pct,7,43.86,86.7,1.2,datamine
10000037,ganyu,normal_attack,8,一段蓄力瞄准射击,NA,pct,8,124,223.2,1.2,datamine
10000037,ganyu,normal_attack,9,霜华矢命中伤害,atk,pct,9,128,230.4,1.2,datamine
10000037,ganyu,normal_attack,10,霜华矢·霜华绽发伤害,atk,pct,10,217.6,391.68,1.2,datamine
10000037,ganyu,normal_attack,11,下坠期间伤害,atk,pct,11,56.8288,112.336,1.2,datamine
10000037,ganyu,normal_attack,12,低空/高空坠地冲击伤害,atk;atk,pct;pct,12;13,113.6335;141.9344,224.6244;280.568,1.2,datamine
10000038,albedo,elemental_burst,1,爆发伤害,atk,pct,1,367.2,660.96,1.2,datamine
10000038,albedo,elemental_burst,2,生灭之花伤害,atk,pct,2,72,129.6,1.2,datamine
10000038,albedo,elemental_burst,3,冷却时间,NA,sec,3,12,12,1.2,datamine
10000038,albedo,elemental_burst,4,元素能量,NA,flat,4,40,40,1.2,datamine
10000038,albedo,elemental_skill,1,技能伤害,atk,pct,1,130.4,234.72,1.2,datamine
10000038,albedo,elemental_skill,2,刹那之花伤害,def,pct,2,133.6,240.48,1.2,datamine
10000038,albedo,elemental_skill,3,持续时间,NA,sec,3,30,30,1.2,datamine
10000038,albedo,elemental_skill,4,技能冷却,NA,sec,4,4,4,1.2,datamine
10000038,albedo,normal_attack,1,一段伤害,atk,pct,1,36.7392,72.624,1.2,datamine
10000038,albedo,normal_attack,2,二段伤害,atk,pct,2,36.7392,72.624,1.2,datamine
10000038,albedo,normal_attack,3,三段伤害,atk,pct,3,47.4548,93.806,1.2,datamine
10000038,albedo,normal_attack,4,四段伤害,atk,pct,4,49.751,98.345,1.2,datamine
10000038,albedo,normal_attack,5,五段伤害,atk,pct,5,62.0739,122.7043,1.2,datamine
10000038,albedo,normal_attack,6,重击伤害,atk;atk,pct;pct,6;7,47.3;60.2,93.5;119,1.2,datamine
10000038,albedo,normal_attack,7,重击体力消耗,NA,flat,8,20,20,1.2,datamine
10000038,albedo,normal_attack,8,下坠期间伤害,atk,pct,9,63.9324,126.378,1.2,datamine
10000038,albedo,normal_attack,9,低空/高空坠地冲击伤害,atk;atk,pct;pct,10;11,127.8377;159.6762,252.7025;315.639,1.2,datamine
10000039,diona,elemental_burst,1,技能伤害,atk,pct,1,80,144,1.1,datamine
10000039,diona,elemental_burst,2,领域持续伤害,NA,pct,2,52.64,94.752,1.1,datamine
10000039,diona,elemental_burst,3,持续治疗量,hp;hp,pct;flat,3;4,5.336;513.1901,9.6048;1129.1038,1.1,datamine
10000039,diona,elemental_burst,4,持续时间,NA,sec,7,12,12,1.1,datamine
10000039,diona,elemental_burst,5,冷却时间,NA,sec,5,20,20,1.1,datamine
10000039,diona,elemental_burst,6,元素能量,NA,flat,6,80,80,1.1,datamine
10000039,diona,elemental_skill,1,猫爪伤害,atk,pct,1,41.92,75.456,1.1,datamine
10000039,diona,elemental_skill,2,护盾基础吸收量,hp;hp,pct;flat,2;3,7.2;692.8066,12.96;1524.29,1.1,datamine
10000039,diona,elemental_skill,3,持续时间,NA,sec,6,1.8,2.4,1.1,datamine
10000039,diona,elemental_skill,4,点按冷却时间,NA,sec,4,6,6,1.1,datamine
10000039,diona,elemental_skill,5,长按冷却时间,NA,sec,5,15,15,1.1,datamine
10000039,diona,normal_attack,1,一段伤害,atk,pct,1,36.12,71.4,1.1,datamine
10000039,diona,normal_attack,2,二段伤害,atk,pct,2,33.54,66.3,1.1,datamine
10000039,diona,normal_attack,3,三段伤害,atk,pct,3,45.58,90.1,1.1,datamine
10000039,diona,normal_attack,4,四段伤害,atk,pct,4,43,85,1.1,datamine
10000039,diona,normal_attack,5,五段伤害,atk,pct,5,53.75,106.25,1.1,datamine
10000039,diona,normal_attack,6,瞄准射击,NA,pct,7,43.86,86.7,1.1,datamine
10000039,diona,normal_attack,7,满蓄力瞄准射击,NA,pct,8,124,223.2,1.1,datamine
10000039,diona,normal_attack,8,下坠期间伤害,atk,pct,9,56.8288,112.336,1.1,datamine
10000039,diona,normal_attack,9,低空/高空坠地冲击伤害,atk;atk,pct;pct,10;11,113.6335;141.9344,224.6244;280.568,1.1,datamine
10000041,mona,alternate_sprint,1,启动体力消耗,NA,flat,1,10,,1.0,datamine
10000041,mona,alternate_sprint,2,持续体力消耗,NA,sec,2,15,,1.0,datamine
10000041,mona,elemental_burst,1,泡影持续时间,NA,sec,1,8,8,1.0,datamine
10000041,mona,elemental_burst,2,泡影破裂伤害,atk,pct,2,442.4,796.32,1.0,datamine
10000041,mona,elemental_burst,3,伤害加成,NA,pct,10,42,60,1.0,datamine
10000041,mona,elemental_burst,4,星异持续时间,NA,sec,4,4,5,1.0,datamine
10000041,mona,elemental_burst,5,冷却时间,NA,sec,5,15,15,1.0,datamine
10000041,mona,elemental_burst,6,元素能量,NA,flat,6,60,60,1.0,datamine
10000041,mona,elemental_skill,1,持续伤害,NA,pct,1,32,57.6,1.0,datamine
10000041,mona,elemental_skill,2,爆裂伤害,atk,pct,2,132.8,239.04,1.0,datamine
10000041,mona,elemental_skill,3,冷却时间,NA,sec,5,12,12,1.0,datamine
10000041,mona,normal_attack,1,一段伤害,atk,pct,1,37.6,67.68,1.0,datamine
10000041,mona,normal_attack,2,二段伤害,atk,pct,2,36,64.8,1.0,datamine
10000041,mona,normal_attack,3,三段伤害,atk,pct,3,44.8,80.64,1.0,datamine
10000041,mona,normal_attack,4,四段伤害,atk,pct,4,56.16,101.088,1.0,datamine
10000041,mona,normal_attack,5,重击伤害,atk,pct,5,149.72,269.496,1.0,datamine
10000041,mona,normal_attack,6,重击体力消耗,NA,flat,6,50,50,1.0,datamine
10000041,mona,normal_attack,7,下坠期间伤害,atk,pct,7,56.8288,112.336,1.0,datamine
10000041,mona,normal_attack,8,低空/高空坠地冲击伤害,atk;atk,pct;pct,8;9,113.6335;141.9344,224.6244;280.568,1.0,datamine
10000042,keqing,elemental_burst,1,技能伤害,atk,pct,1,88,158.4,1.0,datamine
10000042,keqing,elemental_burst,2,连斩伤害,atk,pct,2,24,43.2,1.0,datamine
10000042,keqing,elemental_burst,3,最后一击伤害,atk,pct,3,188.8,339.84,1.0,datamine
10000042,keqing,elemental_burst,4,冷却时间,NA,sec,4,12,12,1.0,datamine
10000042,keqing,elemental_burst,5,元素能量,NA,flat,5,40,40,1.0,datamine
10000042,keqing,elemental_skill,1,雷楔伤害,atk,pct,1,50.4,90.72,1.0,datamine
10000042,keqing,elemental_skill,2,斩击伤害,atk,pct,2,168,302.4,1.0,datamine
10000042,keqing,elemental_skill,3,雷暴连斩伤害,atk,pct,3,84,151.2,1.0,datamine
10000042,keqing,elemental_skill,4,冷却时间,NA,sec,4,7.5,7.5,1.0,datamine
10000042,keqing,normal_attack,1,一段伤害,atk,pct,1,41.022,81.09,1.0,datamine
10000042,keqing,normal_attack,2,二段伤害,atk,pct,2,41.022,81.09,1.0,datamine
10000042,keqing,normal_attack,3,三段伤害,atk,pct,3,54.438,107.61,1.0,datamine
10000042,keqing,normal_attack,4,四段伤害,atk;atk,pct;pct,4;5,31.476;34.4,62.22;68,1.0,datamine
10000042,keqing,normal_attack,5,五段伤害,atk,pct,6,66.994,132.43,1.0,datamine
10000042,keqing,normal_attack,6,重击伤害,atk;atk,pct;pct,7;8,76.798;86,151.81;170,1.0,datamine
10000042,keqing,normal_attack,7,重击体力消耗,NA,flat,9,25,25,1.0,datamine
10000042,keqing,normal_attack,8,下坠期间伤害,atk,pct,10,63.9324,126.378,1.0,datamine
10000042,keqing,normal_attack,9,低空/高空坠地冲击伤害,atk;atk,pct;pct,11;12,127.8377;159.6762,252.7025;315.639,1.0,datamine
10000043,sucrose,elemental_burst,1,持续伤害,NA,pct,1,148,266.4,1.0,datamine
10000043,sucrose,elemental_burst,2,附加元素伤害,atk,pct,2,44,79.2,1.0,datamine
10000043,sucrose,elemental_burst,3,持续时间,NA,sec,3,6,6,1.0,datamine
10000043,sucrose,elemental_burst,4,冷却时间,NA,sec,4,20,20,1.0,datamine
10000043,sucrose,elemental_burst,5,元素能量,NA,flat,5,80,80,1.0,datamine
10000043,sucrose,elemental_skill,1,技能伤害,atk,pct,1,211.2,380.16,1.0,datamine
10000043,sucrose,elemental_skill,2,冷却时间,NA,sec,2,15,15,1.0,datamine
10000043,sucrose,normal_attack,1,一段伤害,atk,pct,1,33.464,60.2352,1.0,datamine
10000043,sucrose,normal_attack,2,二段伤害,atk,pct,2,30.616,55.1088,1.0,datamine
10000043,sucrose,normal_attack,3,三段伤害,atk,pct,3,38.448,69.2064,1.0,datamine
10000043,sucrose,normal_attack,4,四段伤害,atk,pct,4,47.9176,86.2517,1.0,datamine
10000043,sucrose,normal_attack,5,重击伤害,atk,pct,5,120.16,216.288,1.0,datamine
10000043,sucrose,normal_attack,6,重击体力消耗,NA,flat,6,50,50,1.0,datamine
10000043,sucrose,normal_attack,7,下坠期间伤害,atk,pct,7,56.8288,112.336,1.0,datamine
10000043,sucrose,normal_attack,8,低空/高空坠地冲击伤害,atk;atk,pct;pct,8;9,113.6335;141.9344,224.6244;280.568,1.0,datamine
10000044,xinyan,elemental_burst,1,技能伤害,atk,pct,1,340.8,613.44,1.1,datamine
10000044,xinyan,elemental_burst,2,火元素持续伤害,NA,pct,2,40,72,1.1,datamine
10000044,xinyan,elemental_burst,3,持续时间,NA,sec,5,2,2,1.1,datamine
10000044,xinyan,elemental_burst,4,冷却时间,NA,sec,3,15,15,1.1,datamine
10000044,xinyan,elemental_burst,5,元素能量,NA,flat,4,60,60,1.1,datamine
10000044,xinyan,elemental_skill,1,挥舞伤害,atk,pct,1,169.6,305.28,1.1,datamine
10000044,xinyan,elemental_skill,2,一级护盾吸收量,def;def,pct;flat,2;3,104.04;500.5527,187.272;1101.2996,1.1,datamine
10000044,xinyan,elemental_skill,3,二级护盾吸收量,def;def,pct;flat,4;5,122.4;588.8856,220.32;1295.6465,1.1,datamine
10000044,xinyan,elemental_skill,4,三级护盾吸收量,def;def,pct;flat,6;7,144;692.8066,259.2;1524.29,1.1,datamine
10000044,xinyan,elemental_skill,5,持续伤害,NA,pct,8,33.6,60.48,1.1,datamine
10000044,xinyan,elemental_skill,6,护盾持续时间,NA,sec,9,12,12,1.1,datamine
10000044,xinyan,elemental_skill,7,冷却时间,NA,sec,10,18,18,1.1,datamine
10000044,xinyan,normal_attack,1,一段伤害,atk,pct,1,76.54,151.3,1.1,datamine
10000044,xinyan,normal_attack,2,二段伤害,atk,pct,2,73.96,146.2,1.1,datamine
10000044,xinyan,normal_attack,3,三段伤害,atk,pct,3,95.46,188.7,1.1,datamine
10000044,xinyan,normal_attack,4,四段伤害,atk,pct,4,115.842,228.99,1.1,datamine
10000044,xinyan,normal_attack,5,重击循环伤害,atk,pct,5,62.5455,123.6364,1.1,datamine
10000044,xinyan,normal_attack,6,重击终结伤害,atk,pct,6,113.09,223.55,1.1,datamine
10000044,xinyan,normal_attack,7,重击体力消耗,NA,sec,7,40,40,1.1,datamine
10000044,xinyan,normal_attack,8,最大持续时间,NA,sec,8,5,5,1.1,datamine
10000044,xinyan,normal_attack,9,下坠期间伤害,atk,pct,9,74.5878,147.441,1.1,datamine
10000044,xinyan,normal_attack,10,低空/高空坠地冲击伤害,atk;atk,pct;pct,10;11,149.144;186.2889,294.8195;368.2455,1.1,datamine
10000045,rosaria,elemental_burst,1,技能伤害,atk;atk,pct;pct,1;2,104;152,187.2;273.6,1.4,datamine
10000045,rosaria,elemental_burst,2,冰枪持续伤害,NA,pct,3,132,237.6,1.4,datamine
10000045,rosaria,elemental_burst,3,持续时间,NA,sec,4,8,8,1.4,datamine
10000045,rosaria,elemental_burst,4,冷却时间,NA,sec,5,15,15,1.4,datamine
10000045,rosaria,elemental_burst,5,元素能量,NA,flat,6,60,60,1.4,datamine
10000045,rosaria,elemental_skill,1,技能伤害,atk;atk,pct;pct,1;2,58.4;136,105.12;244.8,1.4,datamine
10000045,rosaria,elemental_skill,2,冷却时间,NA,sec,3,6,6,1.4,datamine
10000045,rosaria,normal_attack,1,一段伤害,atk,pct,1,52.46,103.7,1.4,datamine
10000045,rosaria,normal_attack,2,二段伤害,atk,pct,2,51.6,102,1.4,datamine
10000045,rosaria,normal_attack,3,三段伤害,atk,pct,3,31.82,62.9,1.4,datamine
10000045,rosaria,normal_attack,4,四段伤害,atk,pct,4,69.66,137.7,1.4,datamine
10000045,rosaria,normal_attack,5,五段伤害,atk;atk,pct;pct,5;6,41.624;43,82.28;85,1.4,datamine
10000045,rosaria,normal_attack,6,重击伤害,atk,pct,7,136.74,270.3,1.4,datamine
10000045,rosaria,normal_attack,7,重击体力消耗,NA,flat,8,25,25,1.4,datamine
10000045,rosaria,normal_attack,8,下坠期间伤害,atk,pct,9,63.9324,126.378,1.4,datamine
10000045,rosaria,normal_attack,9,低空/高空坠地冲击伤害,atk;atk,pct;pct,10;11,127.8377;159.6762,252.7025;315.639,1.4,datamine
10000046,hu_tao,elemental_burst,1,技能伤害,atk,pct,1,303.272,493.952,1.3,datamine
10000046,hu_tao,elemental_burst,2,低血量时技能伤害,atk,pct,2,379.09,617.44,1.3,datamine
10000046,hu_tao,elemental_burst,3,技能治疗量,hp,pct,3,6.2625,10.2,1.3,datamine
10000046,hu_tao,elemental_burst,4,低血量时技能治疗量,hp,pct,4,8.35,13.6,1.3,datamine
10000046,hu_tao,elemental_burst,5,冷却时间,NA,sec,5,15,15,1.3,datamine
10000046,hu_tao,elemental_burst,6,元素能量,NA,flat,6,60,60,1.3,datamine
10000046,hu_tao,elemental_skill,1,技能消耗,NA,pct,1,30,30,1.3,datamine
10000046,hu_tao,elemental_skill,2,攻击力提高,hp,pct,2,3.841,6.256,1.3,datamine
10000046,hu_tao,elemental_skill,3,血梅香伤害,atk,pct,3,64,115.2,1.3,datamine
10000046,hu_tao,elemental_skill,4,血梅香持续时间,NA,sec,4,8,8,1.3,datamine
10000046,hu_tao,elemental_skill,5,持续时间,NA,sec,5,9,9,1.3,datamine
10000046,hu_tao,elemental_skill,6,冷却时间,NA,sec,6,16,16,1.3,datamine
10000046,hu_tao,normal_attack,1,一段伤害,atk,pct,1,46.8864,83.6496,1.3,datamine
10000046,hu_tao,normal_attack,2,二段伤害,atk,pct,2,48.2539,86.0894,1.3,datamine
10000046,hu_tao,normal_attack,3,三段伤害,atk,pct,3,61.05,108.9188,1.3,datamine
10000046,hu_tao,normal_attack,4,四段伤害,atk,pct,4,65.641,117.1094,1.3,datamine
10000046,hu_tao,normal_attack,5,五段伤害,atk;atk,pct;pct,5;6,33.2737;35.2,59.3633;62.8,1.3,datamine
10000046,hu_tao,normal_attack,6,六段伤害,atk,pct,7,85.9584,153.3576,1.3,datamine
10000046,hu_tao,normal_attack,7,重击伤害,atk,pct,8,135.96,242.565,1.3,datamine
10000046,hu_tao,normal_attack,8,重击体力消耗,NA,flat,9,25,25,1.3,datamine
10000046,hu_tao,normal_attack,9,下坠期间伤害,atk,pct,10,65.4192,116.7138,1.3,datamine
10000046,hu_tao,normal_attack,10,低空/高空坠地冲击伤害,atk;atk,pct;pct,11;12,130.8107;163.3896,233.3781;291.5019,1.3,datamine
10000047,kaedehara_kazuha,elemental_burst,1,斩击伤害,atk,pct,1,262.4,472.32,1.6,datamine
10000047,kaedehara_kazuha,elemental_burst,2,持续伤害,NA,pct,2,120,216,1.6,datamine
10000047,kaedehara_kazuha,elemental_burst,3,附加元素伤害,atk,pct,3,36,64.8,1.6,datamine
10000047,kaedehara_kazuha,elemental_burst,4,持续时间,NA,sec,4,8,8,1.6,datamine
10000047,kaedehara_kazuha,elemental_burst,5,冷却时间,NA,sec,5,15,15,1.6,datamine
10000047,kaedehara_kazuha,elemental_burst,6,元素能量,NA,flat,6,60,60,1.6,datamine
10000047,kaedehara_kazuha,elemental_skill,1,点按技能伤害,atk,pct,1,192,345.6,1.6,datamine
10000047,kaedehara_kazuha,elemental_skill,2,点按冷却时间,NA,sec,2,6,6,1.6,datamine
10000047,kaedehara_kazuha,elemental_skill,3,长按技能伤害,atk,pct,3,260.8,469.44,1.6,datamine
10000047,kaedehara_kazuha,elemental_skill,4,长按冷却时间,NA,sec,4,9,9,1.6,datamine
10000047,kaedehara_kazuha,normal_attack,1,一段伤害,atk,pct,1,44.978,88.91,1.6,datamine
10000047,kaedehara_kazuha,normal_attack,2,二段伤害,atk,pct,2,45.236,89.42,1.6,datamine
10000047,kaedehara_kazuha,normal_attack,3,三段伤害,atk;atk,pct;pct,3;4,25.8;30.96,51;61.2,1.6,datamine
10000047,kaedehara_kazuha,normal_attack,4,四段伤害,atk,pct,5,60.716,120.02,1.6,datamine
10000047,kaedehara_kazuha,normal_attack,5,五段伤害,atk,pct,6,25.37,50.15,1.6,datamine
10000047,kaedehara_kazuha,normal_attack,6,重击伤害,atk;atk,pct;pct,7;8,43;74.648,85;147.56,1.6,datamine
10000047,kaedehara_kazuha,normal_attack,7,重击体力消耗,NA,flat,9,20,20,1.6,datamine
10000047,kaedehara_kazuha,normal_attack,8,下坠期间伤害,atk,pct,10,81.8335,161.7638,1.6,datamine
10000047,kaedehara_kazuha,normal_attack,9,低空/高空坠地冲击伤害,atk;atk,pct;pct,11;12,163.6323;204.3855,323.4591;404.0179,1.6,datamine
10000048,yanfei,elemental_burst,1,技能伤害,atk,pct,1,182.4,328.32,1.5,datamine
10000048,yanfei,elemental_burst,2,丹火印赋予间隔,NA,sec,4,1,1,1.5,datamine
10000048,yanfei,elemental_burst,3,重击伤害提升,atk,pct,2,33.4,54.4,1.5,datamine
10000048,yanfei,elemental_burst,4,持续时间,NA,sec,3,15,15,1.5,datamine
10000048,yanfei,elemental_burst,5,冷却时间,NA,sec,5,20,20,1.5,datamine
10000048,yanfei,elemental_burst,6,元素能量,NA,flat,6,80,80,1.5,datamine
10000048,yanfei,elemental_skill,1,技能伤害,atk,pct,1,169.6,305.28,1.5,datamine
10000048,yanfei,elemental_skill,2,冷却时间,NA,sec,2,9,9,1.5,datamine
10000048,yanfei,normal_attack,1,一段伤害,atk,pct,1,58.3416,105.0149,1.5,datamine
10000048,yanfei,normal_attack,2,二段伤害,atk,pct,2,52.1256,93.8261,1.5,datamine
10000048,yanfei,normal_attack,3,三段伤害,atk,pct,3,76.0128,136.823,1.5,datamine
10000048,yanfei,normal_attack,4,重击伤害,atk;atk;atk;atk;atk,pct;pct;pct;pct;pct,4;5;6;7;8,98.2294;115.564;132.8986;150.2332;167.5678,159.9904;188.224;216.4576;244.6912;272.9248,1.5,datamine
10000048,yanfei,normal_attack,5,重击体力消耗,NA,flat,14,50,50,1.5,datamine
10000048,yanfei,normal_attack,6,丹火印降低体力消耗,NA,pct,15,15,15,1.5,datamine
10000048,yanfei,normal_attack,7,丹火印持续时间,NA,sec,19,10,10,1.5,datamine
10000048,yanfei,normal_attack,8,下坠期间伤害,atk,pct,16,56.8288,112.336,1.5,datamine
10000048,yanfei,normal_attack,9,低空/高空坠地冲击伤害,atk;atk,pct;pct,17;18,113.6335;141.9344,224.6244;280.568,1.5,datamine
10000049,yoimiya,elemental_burst,1,技能伤害,atk,pct,1,127.2,228.96,2.0,datamine
10000049,yoimiya,elemental_burst,2,琉金火光爆炸伤害,atk,pct,2,122,219.6,2.0,datamine
10000049,yoimiya,elemental_burst,3,持续时间,NA,sec,4,10,10,2.0,datamine
10000049,yoimiya,elemental_burst,4,冷却时间,NA,sec,5,15,15,2.0,datamine
10000049,yoimiya,elemental_burst,5,元素能量,NA,flat,6,60,60,2.0,datamine
10000049,yoimiya,elemental_skill,1,炽焰箭伤害,atk,pct,4,137.909,161.744,2.0,datamine
10000049,yoimiya,elemental_skill,2,持续时间,NA,sec,2,10,10,2.0,datamine
10000049,yoimiya,elemental_skill,3,冷却时间,NA,sec,3,18,18,2.0,datamine
10000049,yoimiya,normal_attack,1,一段伤害,atk,pct,1,35.64,63.585,2.0,datamine
10000049,yoimiya,normal_attack,2,二段伤害,atk,pct,2,68.376,121.989,2.0,datamine
10000049,yoimiya,normal_attack,3,三段伤害,atk,pct,3,88.8888,158.5857,2.0,datamine
10000049,yoimiya,normal_attack,4,四段伤害,atk,pct,4,46.42,82.8175,2.0,datamine
10000049,yoimiya,normal_attack,5,五段伤害,atk,pct,5,105.864,188.871,2.0,datamine
10000049,yoimiya,normal_attack,6,瞄准射击,NA,pct,6,43.86,86.7,2.0,datamine
10000049,yoimiya,normal_attack,7,满蓄力瞄准射击,NA,pct,7,124,223.2,2.0,datamine
10000049,yoimiya,normal_attack,8,焰硝矢伤害,atk,pct,8,16.4,29.52,2.0,datamine
10000049,yoimiya,normal_attack,9,下坠期间伤害,atk,pct,9,56.8288,112.336,2.0,datamine
10000049,yoimiya,normal_attack,10,低空/高空坠地冲击伤害,atk;atk,pct;pct,10;11,113.6335;141.9344,224.6244;280.568,2.0,datamine
10000050,thoma,elemental_burst,1,技能伤害,atk,pct,1,88,158.4,2.2,datamine
10000050,thoma,elemental_burst,2,炽火崩破伤害,atk,pct,2,58,104.4,2.2,datamine
10000050,thoma,elemental_burst,3,护盾吸收量,hp;hp,pct;flat,3;4,1.144;110.034,2.0592;242.0931,2.2,datamine
10000050,thoma,elemental_burst,4,护盾持续时间,NA,sec,5,8,8,2.2,datamine
10000050,thoma,elemental_burst,5,炽火大铠持续时间,NA,sec,7,15,15,2.2,datamine
10000050,thoma,elemental_burst,6,冷却时间,NA,sec,8,20,20,2.2,datamine
10000050,thoma,elemental_burst,7,元素能量,NA,flat,9,80,80,2.2,datamine
10000050,thoma,elemental_skill,1,技能伤害,atk,pct,1,146.4,263.52,2.2,datamine
10000050,thoma,elemental_skill,2,护盾吸收量,hp;hp,pct;flat,2;3,7.2;693.3348,12.96;1525.4523,2.2,datamine
10000050,thoma,elemental_skill,3,护盾持续时间,NA,sec,4,8,8,2.2,datamine
10000050,thoma,elemental_skill,4,护盾吸收量上限,hp;hp,pct;flat,5;6,19.6;1887.4199,35.28;4152.6387,2.2,datamine
10000050,thoma,elemental_skill,5,冷却时间,NA,sec,7,15,15,2.2,datamine
10000050,thoma,normal_attack,1,一段伤害,atk,pct,1,44.3932,87.754,2.2,datamine
10000050,thoma,normal_attack,2,二段伤害,atk,pct,2,43.6278,86.241,2.2,datamine
10000050,thoma,normal_attack,3,三段伤害,atk,pct,3,26.789,52.955,2.2,datamine
10000050,thoma,normal_attack,4,四段伤害,atk,pct,4,67.3552,133.144,2.2,datamine
10000050,thoma,normal_attack,5,重击伤害,atk,pct,5,112.746,222.87,2.2,datamine
10000050,thoma,normal_attack,6,重击体力消耗,NA,flat,6,25,25,2.2,datamine
10000050,thoma,normal_attack,7,下坠期间伤害,atk,pct,7,63.9324,126.378,2.2,datamine
10000050,thoma,normal_attack,8,低空/高空坠地冲击伤害,atk;atk,pct;pct,8;9,127.8377;159.6762,252.7025;315.639,2.2,datamine
10000051,eula,elemental_burst,1,技能伤害,atk,pct,1,245.6,442.08,1.5,datamine
10000051,eula,elemental_burst,2,光降之剑基础伤害,atk,pct,2,367.048,725.56,1.5,datamine
10000051,eula,elemental_burst,3,每层能量伤害,atk,pct,3,74.992,148.24,1.5,datamine
10000051,eula,elemental_burst,4,能量层数上限,NA,flat,4,30,30,1.5,datamine
10000051,eula,elemental_burst,5,冷却时间,NA,sec,5,20,20,1.5,datamine
10000051,eula,elemental_burst,6,元素能量,NA,flat,6,80,80,1.5,datamine
10000051,eula,elemental_skill,1,点按伤害,atk,pct,1,146.4,263.52,1.5,datamine
10000051,eula,elemental_skill,2,长按伤害,atk,pct,2,245.6,442.08,1.5,datamine
10000051,eula,elemental_skill,3,冰涡之剑伤害,atk,pct,3,96,172.8,1.5,datamine
10000051,eula,elemental_skill,4,防御力提升,NA,pct,9,30,30,1.5,datamine
10000051,eula,elemental_skill,5,冷酷之心持续时间,NA,sec,13,18,18,1.5,datamine
10000051,eula,elemental_skill,6,物理抗性降低,NA,pct,4,16,25,1.5,datamine
10000051,eula,elemental_skill,7,冰元素抗性降低,NA,pct,5,16,25,1.5,datamine
10000051,eula,elemental_skill,8,抗性降低时间,NA,sec,6,7,7,1.5,datamine
10000051,eula,elemental_skill,9,点按冷却时间,NA,sec,7,4,4,1.5,datamine
10000051,eula,elemental_skill,10,长按冷却时间,NA,sec,8,10,10,1.5,datamine
10000051,eula,normal_attack,1,一段伤害,atk,pct,1,89.7324,177.378,1.5,datamine
10000051,eula,normal_attack,2,二段伤害,atk,pct,2,93.5508,184.926,1.5,datamine
10000051,eula,normal_attack,3,三段伤害,atk;atk,pct;pct,3;3,56.7987;56.7987,112.2765;112.2765,1.5,datamine
10000051,eula,normal_attack,4,四段伤害,atk,pct,4,112.6428,222.666,1.5,datamine
10000051,eula,normal_attack,5,五段伤害,atk;atk,pct;pct,5;5,71.8336;71.8336,141.9968;141.9968,1.5,datamine
10000051,eula,normal_attack,6,重击循环伤害,atk,pct,6,68.8,136,1.5,datamine
10000051,eula,normal_attack,7,重击终结伤害,atk,pct,7,124.399,245.905,1.5,datamine
10000051,eula,normal_attack,8,重击体力消耗,NA,sec,8,40,40,1.5,datamine
10000051,eula,normal_attack,9,最大持续时间,NA,sec,9,5,5,1.5,datamine
10000051,eula,normal_attack,10,下坠期间伤害,atk,pct,10,74.5878,147.441,1.5,datamine
10000051,eula,normal_attack,11,低空/高空坠地冲击伤害,atk;atk,pct;pct,11;12,149.144;186.2889,294.8195;368.2455,1.5,datamine
10000052,raiden_shogun,elemental_burst,1,梦想一刀基础伤害,atk,pct,1,400.8,721.44,2.1,datamine
10000052,raiden_shogun,elemental_burst,2,愿力加成,atk;atk,pct;pct,2;3,3.888;0.7262,6.9984;1.3071,2.1,datamine
10000052,raiden_shogun,elemental_burst,3,积攒愿力层数,NA,flat,4,0.15,0.2,2.1,datamine
10000052,raiden_shogun,elemental_burst,4,一段伤害,atk,pct,5,44.7374,79.8157,2.1,datamine
10000052,raiden_shogun,elemental_burst,5,二段伤害,atk,pct,6,43.956,78.4215,2.1,datamine
10000052,raiden_shogun,elemental_burst,6,三段伤害,atk,pct,7,53.8217,96.0228,2.1,datamine
10000052,raiden_shogun,elemental_burst,7,四段伤害,atk;atk,pct;pct,8;9,30.888;30.976,55.107;55.264,2.1,datamine
10000052,raiden_shogun,elemental_burst,8,五段伤害,atk,pct,10,73.9438,131.9224,2.1,datamine
10000052,raiden_shogun,elemental_burst,9,重击伤害,atk;atk,pct;pct,11;12,61.6;74.36,109.9;132.665,2.1,datamine
10000052,raiden_shogun,elemental_burst,10,重击体力消耗,NA,flat,13,20,20,2.1,datamine
10000052,raiden_shogun,elemental_burst,11,下坠期间伤害,atk,pct,14,63.9324,126.378,2.1,datamine
10000052,raiden_shogun,elemental_burst,12,低空/高空坠地冲击伤害,atk;atk,pct;pct,15;16,127.8377;159.6762,252.7025;315.639,2.1,datamine
10000052,raiden_shogun,elemental_burst,13,梦想一心能量恢复,NA,flat,17,1.6,2.5,2.1,datamine
10000052,raiden_shogun,elemental_burst,14,梦想一心持续时间,NA,sec,18,7,7,2.1,datamine
10000052,raiden_shogun,elemental_burst,15,冷却时间,NA,sec,19,18,18,2.1,datamine
10000052,raiden_shogun,elemental_burst,16,元素能量,NA,flat,20,90,90,2.1,datamine
10000052,raiden_shogun,elemental_skill,1,技能伤害,atk,pct,1,117.2,210.96,2.1,datamine
10000052,raiden_shogun,elemental_skill,2,协同攻击伤害,atk,pct,2,42,75.6,2.1,datamine
10000052,raiden_shogun,elemental_skill,3,持续时间,NA,sec,3,25,25,2.1,datamine
10000052,raiden_shogun,elemental_skill,4,元素爆发伤害提高,NA,pct,4,0.22,0.3,2.1,datamine
10000052,raiden_shogun,elemental_skill,5,冷却时间,NA,sec,5,10,10,2.1,datamine
10000052,raiden_shogun,normal_attack,1,一段伤害,atk,pct,1,39.646,78.37,2.1,datamine
10000052,raiden_shogun,normal_attack,2,二段伤害,atk,pct,2,39.732,78.54,2.1,datamine
10000052,raiden_shogun,normal_attack,3,三段伤害,atk,pct,3,49.88,98.6,2.1,datamine
10000052,raiden_shogun,normal_attack,4,四段伤害,atk;atk,pct;pct,4;5,28.982;28.982,57.29;57.29,2.1,datamine
10000052,raiden_shogun,normal_attack,5,五段伤害,atk,pct,6,65.446,129.37,2.1,datamine
10000052,raiden_shogun,normal_attack,6,重击伤害,atk,pct,7,99.588,196.86,2.1,datamine
10000052,raiden_shogun,normal_attack,7,重击体力消耗,NA,flat,8,25,25,2.1,datamine
10000052,raiden_shogun,normal_attack,8,下坠期间伤害,atk,pct,9,63.9324,126.378,2.1,datamine
10000052,raiden_shogun,normal_attack,9,低空/高空坠地冲击伤害,atk;atk,pct;pct,10;11,127.8377;159.6762,252.7025;315.639,2.1,datamine
10000053,sayu,elemental_burst,1,技能发动伤害,atk,pct,1,116.8,210.24,2.0,datamine
10000053,sayu,elemental_burst,2,技能发动治疗量,atk;atk,pct;flat,3;2,92.16;577.3388,165.888;1270.2417,2.0,datamine
10000053,sayu,elemental_burst,3,不倒貉貉伤害,atk,pct,4,52,93.6,2.0,datamine
10000053,sayu,elemental_burst,4,不倒貉貉治疗量,atk;atk,pct;flat,6;5,79.872;500.3603,143.7696;1100.8761,2.0,datamine
10000053,sayu,elemental_burst,5,持续时间,NA,sec,7,12,12,2.0,datamine
10000053,sayu,elemental_burst,6,冷却时间,NA,sec,8,20,20,2.0,datamine
10000053,sayu,elemental_burst,7,元素能量,NA,flat,9,80,80,2.0,datamine
10000053,sayu,elemental_skill,1,风风轮伤害,atk,pct,1,36,64.8,2.0,datamine
10000053,sayu,elemental_skill,2,风风轮舞踢点按伤害,atk,pct,3,158.4,285.12,2.0,datamine
10000053,sayu,elemental_skill,3,风风轮舞踢长按伤害,atk,pct,4,217.6,391.68,2.0,datamine
10000053,sayu,elemental_skill,4,风风轮附带元素伤害,atk,pct,2,16.8,30.24,2.0,datamine
10000053,sayu,elemental_skill,5,风风轮舞踢长按附带元素伤害,atk,pct,5,76.16,137.088,2.0,datamine
10000053,sayu,elemental_skill,6,长按最大持续时间,NA,sec,6,10,10,2.0,datamine
10000053,sayu,elemental_skill,7,冷却时间,NA;NA,sec;sec,7;8,6;11,6;11,2.0,datamine
10000053,sayu,normal_attack,1,一段伤害,atk,pct,1,72.24,142.8,2.0,datamine
10000053,sayu,normal_attack,2,二段伤害,atk,pct,2,71.38,141.1,2.0,datamine
10000053,sayu,normal_attack,3,三段伤害,atk;atk,pct;pct,3;4,43.43;43.43,85.85;85.85,2.0,datamine
10000053,sayu,normal_attack,4,四段伤害,atk,pct,5,98.126,193.97,2.0,datamine
10000053,sayu,normal_attack,5,重击循环伤害,atk,pct,6,62.5455,123.6364,2.0,datamine
10000053,sayu,normal_attack,6,重击终结伤害,atk,pct,7,113.09,223.55,2.0,datamine
10000053,sayu,normal_attack,7,重击体力消耗,NA,sec,8,40,40,2.0,datamine
10000053,sayu,normal_attack,8,最大持续时间,NA,sec,9,5,5,2.0,datamine
10000053,sayu,normal_attack,9,下坠期间伤害,atk,pct,10,74.5878,147.441,2.0,datamine
10000053,sayu,normal_attack,10,低空/高空坠地冲击伤害,atk;atk,pct;pct,11;12,149.144;186.2889,294.8195;368.2455,2.0,datamine
10000054,sangonomiya_kokomi,elemental_burst,1,技能伤害,hp,pct,1,10.416,18.7488,2.1,datamine
10000054,sangonomiya_kokomi,elemental_burst,2,普通攻击伤害提升,hp,pct,4,4.84,8.712,2.1,datamine
10000054,sangonomiya_kokomi,elemental_burst,3,重击伤害提升,hp,pct,5,6.776,12.1968,2.1,datamine
10000054,sangonomiya_kokomi,elemental_burst,4,化海月伤害提升,hp,pct,9,7.0963,12.7734,2.1,datamine
10000054,sangonomiya_kokomi,elemental_burst,5,命中治疗量,hp;hp,pct;flat,2;3,0.808;77.0374,1.4544;169.4951,2.1,datamine
10000054,sangonomiya_kokomi,elemental_burst,6,持续时间,NA,sec,6,10,10,2.1,datamine
10000054,sangonomiya_kokomi,elemental_burst,7,冷却时间,NA,sec,7,18,18,2.1,datamine
10000054,sangonomiya_kokomi,elemental_burst,8,元素能量,NA,flat,8,70,70,2.1,datamine
10000054,sangonomiya_kokomi,elemental_skill,1,治疗量,hp;hp,pct;flat,1;2,4.4;423.7063,7.92;932.2246,2.1,datamine
10000054,sangonomiya_kokomi,elemental_skill,2,波纹伤害,atk,pct,3,109.1904,196.5427,2.1,datamine
10000054,sangonomiya_kokomi,elemental_skill,3,存在时间,NA,sec,4,12,12,2.1,datamine
10000054,sangonomiya_kokomi,elemental_skill,4,冷却时间,NA,sec,5,20,20,2.1,datamine
10000054,sangonomiya_kokomi,normal_attack,1,一段伤害,atk,pct,1,68.376,123.0768,2.1,datamine
10000054,sangonomiya_kokomi,normal_attack,2,二段伤害,atk,pct,2,61.5384,110.7691,2.1,datamine
10000054,sangonomiya_kokomi,normal_attack,3,三段伤害,atk,pct,3,94.3056,169.7501,2.1,datamine
10000054,sangonomiya_kokomi,normal_attack,4,重击伤害,atk,pct,4,148.32,266.976,2.1,datamine
10000054,sangonomiya_kokomi,normal_attack,5,重击体力消耗,NA,flat,5,50,50,2.1,datamine
10000054,sangonomiya_kokomi,normal_attack,6,下坠期间伤害,atk,pct,6,56.8288,112.336,2.1,datamine
10000054,sangonomiya_kokomi,normal_attack,7,低空/高空坠地冲击伤害,atk;atk,pct;pct,7;8,113.6335;141.9344,224.6244;280.568,2.1,datamine
10000055,gorou,elemental_burst,1,技能伤害,def,pct,1,98.216,176.7888,2.3,datamine
10000055,gorou,elemental_burst,2,岩晶崩破伤害,def,pct,2,61.3,110.34,2.3,datamine
10000055,gorou,elemental_burst,3,持续时间,NA,sec,3,9,9,2.3,datamine
10000055,gorou,elemental_burst,4,冷却时间,NA,sec,4,20,20,2.3,datamine
10000055,gorou,elemental_burst,5,元素能量,NA,flat,5,80,80,2.3,datamine
10000055,gorou,elemental_skill,1,技能伤害,atk,pct,1,107.2,192.96,2.3,datamine
10000055,gorou,elemental_skill,2,防御力提升,NA,flat,2,206.16,371.088,2.3,datamine
10000055,gorou,elemental_skill,3,岩元素伤害加成,NA,pct,3,15,15,2.3,datamine
10000055,gorou,elemental_skill,4,持续时间,NA,sec,4,10,10,2.3,datamine
10000055,gorou,elemental_skill,5,冷却时间,NA,sec,5,10,10,2.3,datamine
10000055,gorou,normal_attack,1,一段伤害,atk,pct,1,37.754,74.63,2.3,datamine
10000055,gorou,normal_attack,2,二段伤害,atk,pct,2,37.152,73.44,2.3,datamine
10000055,gorou,normal_attack,3,三段伤害,atk,pct,3,49.45,97.75,2.3,datamine
10000055,gorou,normal_attack,4,四段伤害,atk,pct,4,58.996,116.62,2.3,datamine
10000055,gorou,normal_attack,5,瞄准射击,NA,pct,5,43.86,86.7,2.3,datamine
10000055,gorou,normal_attack,6,满蓄力瞄准射击,NA,pct,6,124,223.2,2.3,datamine
10000055,gorou,normal_attack,7,下坠期间伤害,atk,pct,7,56.8288,112.336,2.3,datamine
10000055,gorou,normal_attack,8,低空/高空坠地冲击伤害,atk;atk,pct;pct,8;9,113.6335;141.9344,224.6244;280.568,2.3,datamine
10000056,kujou_sara,elemental_burst,1,天狗咒雷·金刚坏 伤害,atk,pct,1,409.6,737.28,2.1,datamine
10000056,kujou_sara,elemental_burst,2,天狗咒雷·雷砾 伤害,atk,pct,2,34.12,61.416,2.1,datamine
10000056,kujou_sara,elemental_burst,3,冷却时间,NA,sec,3,20,20,2.1,datamine
10000056,kujou_sara,elemental_burst,4,元素能量,NA,flat,4,80,80,2.1,datamine
10000056,kujou_sara,elemental_skill,1,天狗咒雷·伏 伤害,atk,pct,1,125.76,226.368,2.1,datamine
10000056,kujou_sara,elemental_skill,2,攻击力加成比例,NA,pct,2,42.96,77.328,2.1,datamine
10000056,kujou_sara,elemental_skill,3,攻击力加成持续时间,NA,sec,3,6,6,2.1,datamine
10000056,kujou_sara,elemental_skill,4,冷却时间,NA,sec,4,10,10,2.1,datamine
10000056,kujou_sara,normal_attack,1,一段伤害,atk,pct,1,36.894,72.93,2.1,datamine
10000056,kujou_sara,normal_attack,2,二段伤害,atk,pct,2,38.7,76.5,2.1,datamine
10000056,kujou_sara,normal_attack,3,三段伤害,atk,pct,3,48.504,95.88,2.1,datamine
10000056,kujou_sara,normal_attack,4,四段伤害,atk,pct,4,50.396,99.62,2.1,datamine
10000056,kujou_sara,normal_attack,5,五段伤害,atk,pct,5,58.05,114.75,2.1,datamine
10000056,kujou_sara,normal_attack,6,瞄准射击,NA,pct,6,43.86,86.7,2.1,datamine
10000056,kujou_sara,normal_attack,7,满蓄力瞄准射击,NA,pct,7,124,223.2,2.1,datamine
10000056,kujou_sara,normal_attack,8,下坠期间伤害,atk,pct,8,56.8288,112.336,2.1,datamine
10000056,kujou_sara,normal_attack,9,低空/高空坠地冲击伤害,atk;atk,pct;pct,9;10,113.6335;141.9344,224.6244;280.568,2.1,datamine
10000057,arataki_itto,elemental_burst,1,攻击力提高,def,pct,2,57.6,103.68,2.3,datamine
10000057,arataki_itto,elemental_burst,2,攻击速度提高,NA,pct,1,10,10,2.3,datamine
10000057,arataki_itto,elemental_burst,3,持续时间,NA,sec,4,11,11,2.3,datamine
10000057,arataki_itto,elemental_burst,4,冷却时间,NA,sec,5,18,18,2.3,datamine
10000057,arataki_itto,elemental_burst,5,元素能量,NA,flat,6,70,70,2.3,datamine
10000057,arataki_itto,elemental_skill,1,技能伤害,atk,pct,1,307.2,552.96,2.3,datamine
10000057,arataki_itto,elemental_skill,2,继承生命,NA,pct,2,100,100,2.3,datamine
10000057,arataki_itto,elemental_skill,3,持续时间,NA,sec,3,6,6,2.3,datamine
10000057,arataki_itto,elemental_skill,4,冷却时间,NA,sec,5,10,10,2.3,datamine
10000057,arataki_itto,normal_attack,1,一段伤害,atk,pct,1,79.2318,156.621,2.3,datamine
10000057,arataki_itto,normal_attack,2,二段伤害,atk,pct,2,76.368,150.96,2.3,datamine
10000057,arataki_itto,normal_attack,3,三段伤害,atk,pct,3,91.6416,181.152,2.3,datamine
10000057,arataki_itto,normal_attack,4,四段伤害,atk,pct,4,117.2249,231.7236,2.3,datamine
10000057,arataki_itto,normal_attack,5,荒泷逆袈裟连斩伤害,atk,pct,6,91.16,180.2,2.3,datamine
10000057,arataki_itto,normal_attack,6,荒泷逆袈裟终结伤害,atk,pct,7,190.92,377.4,2.3,datamine
10000057,arataki_itto,normal_attack,7,乱神之怪力持续时间,NA,sec,12,60,60,2.3,datamine
10000057,arataki_itto,normal_attack,8,左一文字斩伤害,atk,pct,5,90.472,178.84,2.3,datamine
10000057,arataki_itto,normal_attack,9,左一文字斩体力消耗,NA,flat,8,20,20,2.3,datamine
10000057,arataki_itto,normal_attack,10,下坠期间伤害,atk,pct,9,81.8335,161.7638,2.3,datamine
10000057,arataki_itto,normal_attack,11,低空/高空坠地冲击伤害,atk;atk,pct;pct,10;11,163.6323;204.3855,323.4591;404.0179,2.3,datamine
10000058,yae_miko,elemental_burst,1,技能伤害,atk,pct,1,260,468,2.5,datamine
10000058,yae_miko,elemental_burst,2,天狐霆雷伤害,atk,pct,2,333.816,600.8688,2.5,datamine
10000058,yae_miko,elemental_burst,3,冷却时间,NA,sec,3,22,22,2.5,datamine
10000058,yae_miko,elemental_burst,4,元素能量,NA,flat,4,90,90,2.5,datamine
10000058,yae_miko,elemental_skill,1,杀生樱伤害·壹阶,atk,pct,1,60.672,109.2096,2.5,datamine
10000058,yae_miko,elemental_skill,2,杀生樱伤害·贰阶,atk,pct,2,75.84,136.512,2.5,datamine
10000058,yae_miko,elemental_skill,3,杀生樱伤害·叁阶,atk,pct,3,94.8,170.64,2.5,datamine
10000058,yae_miko,elemental_skill,4,杀生樱伤害·肆阶,atk,pct,4,118.5,213.3,2.5,datamine
10000058,yae_miko,elemental_skill,5,持续时间,NA,sec,5,14,14,2.5,datamine
10000058,yae_miko,elemental_skill,6,冷却时间,NA,sec,6,4,4,2.5,datamine
10000058,yae_miko,normal_attack,1,一段伤害,atk,pct,1,39.6584,71.3851,2.5,datamine
10000058,yae_miko,normal_attack,2,二段伤害,atk,pct,2,38.5192,69.3346,2.5,datamine
10000058,yae_miko,normal_attack,3,三段伤害,atk,pct,3,56.8888,102.3998,2.5,datamine
10000058,yae_miko,normal_attack,4,重击伤害,atk,pct,4,142.8948,257.2107,2.5,datamine
10000058,yae_miko,normal_attack,5,重击体力消耗,NA,flat,5,50,50,2.5,datamine
10000058,yae_miko,normal_attack,6,下坠期间伤害,atk,pct,6,56.8288,112.336,2.5,datamine
10000058,yae_miko,normal_attack,7,低空/高空坠地冲击伤害,atk;atk,pct;pct,7;8,113.6335;141.9344,224.6244;280.568,2.5,datamine
10000059,shikanoin_heizou,elemental_burst,1,不动流·真空弹伤害,atk,pct,1,314.688,566.4384,2.8,datamine
10000059,shikanoin_heizou,elemental_burst,2,聚风真眼伤害,atk,pct,2,21.456,38.6208,2.8,datamine
10000059,shikanoin_heizou,elemental_burst,3,冷却时间,NA,sec,3,12,12,2.8,datamine
10000059,shikanoin_heizou,elemental_burst,4,元素能量,NA,flat,4,40,40,2.8,datamine
10000059,shikanoin_heizou,elemental_skill,1,技能伤害,atk,pct,1,227.52,409.536,2.8,datamine
10000059,shikanoin_heizou,elemental_skill,2,变格伤害提升,atk,pct,2,56.88,102.384,2.8,datamine
10000059,shikanoin_heizou,elemental_skill,3,正论伤害提升,atk,pct,3,113.76,204.768,2.8,datamine
10000059,shikanoin_heizou,elemental_skill,4,变格持续时间,NA,sec,5,60,60,2.8,datamine
10000059,shikanoin_heizou,elemental_skill,5,冷却时间,NA,sec,4,10,10,2.8,datamine
10000059,shikanoin_heizou,normal_attack,1,一段伤害,atk,pct,1,37.4736,67.4525,2.8,datamine
10000059,shikanoin_heizou,normal_attack,2,二段伤害,atk,pct,2,36.852,66.3336,2.8,datamine
10000059,shikanoin_heizou,normal_attack,3,三段伤害,atk,pct,3,51.06,91.908,2.8,datamine
10000059,shikanoin_heizou,normal_attack,4,四段伤害,atk;atk;atk,pct;pct;pct,4;5;6,14.7824;16.2608;19.2176,26.6083;29.2694;34.5917,2.8,datamine
10000059,shikanoin_heizou,normal_attack,5,五段伤害,atk,pct,7,61.4496,110.6093,2.8,datamine
10000059,shikanoin_heizou,normal_attack,6,重击伤害,atk,pct,8,73,131.4,2.8,datamine
10000059,shikanoin_heizou,normal_attack,7,重击体力消耗,NA,flat,9,25,25,2.8,datamine
10000059,shikanoin_heizou,normal_attack,8,下坠期间伤害,atk,pct,10,56.8288,112.336,2.8,datamine
10000059,shikanoin_heizou,normal_attack,9,低空/高空坠地冲击伤害,atk;atk,pct;pct,11;12,113.6335;141.9344,224.6244;280.568,2.8,datamine
10000060,yelan,elemental_burst,1,技能伤害,hp,pct,1,7.308,13.1544,2.7,datamine
10000060,yelan,elemental_burst,2,玄掷玲珑伤害,hp,pct,2,4.872,8.7696,2.7,datamine
10000060,yelan,elemental_burst,3,持续时间,NA,sec,3,15,15,2.7,datamine
10000060,yelan,elemental_burst,4,冷却时间,NA,sec,4,18,18,2.7,datamine
10000060,yelan,elemental_burst,5,元素能量,NA,flat,5,70,70,2.7,datamine
10000060,yelan,elemental_skill,1,技能伤害,hp,pct,1,22.6136,40.7045,2.7,datamine
10000060,yelan,elemental_skill,2,长按最大持续时间,NA,sec,3,3,3,2.7,datamine
10000060,yelan,elemental_skill,3,冷却时间,NA,sec,4,10,10,2.7,datamine
10000060,yelan,normal_attack,1,一段伤害,atk,pct,1,40.678,80.41,2.7,datamine
10000060,yelan,normal_attack,2,二段伤害,atk,pct,2,39.044,77.18,2.7,datamine
10000060,yelan,normal_attack,3,三段伤害,atk,pct,3,51.6,102,2.7,datamine
10000060,yelan,normal_attack,4,四段伤害,atk;atk,pct;pct,4;4,32.508;32.508,64.26;64.26,2.7,datamine
10000060,yelan,normal_attack,5,瞄准射击,NA,pct,5,43.86,86.7,2.7,datamine
10000060,yelan,normal_attack,6,满蓄力瞄准射击,NA,pct,6,124,223.2,2.7,datamine
10000060,yelan,normal_attack,7,破局矢伤害,hp,pct,7,11.576,20.8368,2.7,datamine
10000060,yelan,normal_attack,8,下坠期间伤害,atk,pct,8,56.8288,112.336,2.7,datamine
10000060,yelan,normal_attack,9,低空/高空坠地冲击伤害,atk;atk,pct;pct,9;10,113.6335;141.9344,224.6244;280.568,2.7,datamine
10000061,kirara,elemental_burst,1,技能伤害,atk,pct,1,570.24,1026.432,3.7,datamine
10000061,kirara,elemental_burst,2,猫草豆蔻爆炸伤害,atk,pct,2,35.64,64.152,3.7,datamine
10000061,kirara,elemental_burst,3,猫草豆蔻存在时间,NA,sec,3,12,12,3.7,datamine
10000061,kirara,elemental_burst,4,冷却时间,NA,sec,4,15,15,3.7,datamine
10000061,kirara,elemental_burst,5,元素能量,NA,flat,5,60,60,3.7,datamine
10000061,kirara,elemental_skill,1,甩尾飞踢伤害,atk,pct,1,104,187.2,3.7,datamine
10000061,kirara,elemental_skill,2,护盾吸收量,hp;hp,pct;flat,2;3,10;962.2313,18;2117.0693,3.7,datamine
10000061,kirara,elemental_skill,3,护盾吸收量上限,hp;hp,pct;flat,4;5,16;1541.0796,28.8;3390.632,3.7,datamine
10000061,kirara,elemental_skill,4,护盾持续时间,NA,sec,6,12,12,3.7,datamine
10000061,kirara,elemental_skill,5,猫箱急件冲撞伤害,atk,pct,7,33.6,60.48,3.7,datamine
10000061,kirara,elemental_skill,6,猫箱急件状态最大持续时间,NA,sec,8,10,10,3.7,datamine
10000061,kirara,elemental_skill,7,翻正爪击伤害,atk,pct,9,144,259.2,3.7,datamine
10000061,kirara,elemental_skill,8,冷却时间,NA;NA,sec;sec,10;11,8;12,8;12,3.7,datamine
10000061,kirara,normal_attack,1,一段伤害,atk,pct,1,47.902,94.69,3.7,datamine
10000061,kirara,normal_attack,2,二段伤害,atk,pct,2,46.354,91.63,3.7,datamine
10000061,kirara,normal_attack,3,三段伤害,atk;atk,pct;pct,3;4,25.4216;38.1324,50.252;75.378,3.7,datamine
10000061,kirara,normal_attack,4,四段伤害,atk,pct,5,73.272,144.84,3.7,datamine
10000061,kirara,normal_attack,5,重击伤害,atk;atk;atk,pct;pct;pct,6;7;8,22.3772;44.7544;44.7544,44.234;88.468;88.468,3.7,datamine
10000061,kirara,normal_attack,6,重击体力消耗,NA,flat,9,20,20,3.7,datamine
10000061,kirara,normal_attack,7,下坠期间伤害,atk,pct,10,63.9324,126.378,3.7,datamine
10000061,kirara,normal_attack,8,低空/高空坠地冲击伤害,atk;atk,pct;pct,11;12,127.8377;159.6762,252.7025;315.639,3.7,datamine
10000062,aloy,elemental_burst,1,技能伤害,atk,pct,1,359.2,646.56,2.1,datamine
10000062,aloy,elemental_burst,2,冷却时间,NA,sec,2,12,12,2.1,datamine
10000062,aloy,elemental_burst,3,元素能量,NA,flat,3,40,40,2.1,datamine
10000062,aloy,elemental_skill,1,冰尘弹伤害,atk,pct,1,177.6,319.68,2.1,datamine
10000062,aloy,elemental_skill,2,冷冻炸弹伤害,atk,pct,2,40,72,2.1,datamine
10000062,aloy,elemental_skill,3,攻击力降低,NA,pct,3,12,15,2.1,datamine
10000062,aloy,elemental_skill,4,攻击力降低持续时间,NA,sec,4,6,6,2.1,datamine
10000062,aloy,elemental_skill,5,线圈普通攻击伤害提升,atk;atk;atk,pct;pct;pct,5;6;7,5.845;11.69;17.535,9.52;19.04;28.56,2.1,datamine
10000062,aloy,elemental_skill,6,冰驰普通攻击伤害提升,atk,pct,8,29.225,47.6,2.1,datamine
10000062,aloy,elemental_skill,7,冰驰持续时间,NA,sec,9,10,10,2.1,datamine
10000062,aloy,elemental_skill,8,冷却时间,NA,sec,10,20,20,2.1,datamine
10000062,aloy,normal_attack,1,一段伤害,atk;atk,pct;pct,1;2,21.12;23.76,37.68;42.39,2.1,datamine
10000062,aloy,normal_attack,2,二段伤害,atk,pct,3,43.12,76.93,2.1,datamine
10000062,aloy,normal_attack,3,三段伤害,atk,pct,4,52.8,94.2,2.1,datamine
10000062,aloy,normal_attack,4,四段伤害,atk,pct,5,65.648,117.122,2.1,datamine
10000062,aloy,normal_attack,5,瞄准射击,NA,pct,6,43.86,86.7,2.1,datamine
10000062,aloy,normal_attack,6,满蓄力瞄准射击,NA,pct,7,124,223.2,2.1,datamine
10000062,aloy,normal_attack,7,下坠期间伤害,atk,pct,8,56.8288,112.336,2.1,datamine
10000062,aloy,normal_attack,8,低空/高空坠地冲击伤害,atk;atk,pct;pct,9;10,113.6335;141.9344,224.6244;280.568,2.1,datamine
10000063,shenhe,elemental_burst,1,技能伤害,atk,pct,1,100.8,181.44,2.4,datamine
10000063,shenhe,elemental_burst,2,抗性降低,NA,pct,2,6,15,2.4,datamine
10000063,shenhe,elemental_burst,3,持续伤害,NA,pct,3,33.12,59.616,2.4,datamine
10000063,shenhe,elemental_burst,4,持续时间,NA,sec,4,12,12,2.4,datamine
10000063,shenhe,elemental_burst,5,冷却时间,NA,sec,5,20,20,2.4,datamine
10000063,shenhe,elemental_burst,6,元素能量,NA,flat,6,80,80,2.4,datamine
10000063,shenhe,elemental_skill,1,点按技能伤害,atk,pct,1,139.2,250.56,2.4,datamine
10000063,shenhe,elemental_skill,2,长按技能伤害,atk,pct,2,188.8,339.84,2.4,datamine
10000063,shenhe,elemental_skill,3,伤害值提升,atk,pct,3,45.656,82.1808,2.4,datamine
10000063,shenhe,elemental_skill,4,点按/长按持续时间,NA;NA,sec;sec,4;5,10;15,10;15,2.4,datamine
10000063,shenhe,elemental_skill,5,点按/长按生效次数,NA;NA,flat;flat,6;7,5;7,5;7,2.4,datamine
10000063,shenhe,elemental_skill,6,点按冷却时间,NA,sec,8,10,10,2.4,datamine
10000063,shenhe,elemental_skill,7,长按冷却时间,NA,sec,9,15,15,2.4,datamine
10000063,shenhe,normal_attack,1,一段伤害,atk,pct,1,43.258,85.51,2.4,datamine
10000063,shenhe,normal_attack,2,二段伤害,atk,pct,2,40.248,79.56,2.4,datamine
10000063,shenhe,normal_attack,3,三段伤害,atk,pct,3,53.32,105.4,2.4,datamine
10000063,shenhe,normal_attack,4,四段伤害,atk;atk,pct;pct,4;5,26.316;26.316,52.02;52.02,2.4,datamine
10000063,shenhe,normal_attack,5,五段伤害,atk,pct,6,65.618,129.71,2.4,datamine
10000063,shenhe,normal_attack,6,重击伤害,atk,pct,7,110.6734,218.773,2.4,datamine
10000063,shenhe,normal_attack,7,重击体力消耗,NA,flat,8,25,25,2.4,datamine
10000063,shenhe,normal_attack,8,下坠期间伤害,atk,pct,9,63.9324,126.378,2.4,datamine
10000063,shenhe,normal_attack,9,低空/高空坠地冲击伤害,atk;atk,pct;pct,10;11,127.8377;159.6762,252.7025;315.639,2.4,datamine
10000064,yun_jin,elemental_burst,1,技能伤害,atk,pct,1,244,439.2,2.4,datamine
10000064,yun_jin,elemental_burst,2,伤害值提升,def,pct,2,32.16,57.888,2.4,datamine
10000064,yun_jin,elemental_burst,3,持续时间,NA,sec,3,12,12,2.4,datamine
10000064,yun_jin,elemental_burst,4,生效次数,NA,flat,6,30,30,2.4,datamine
10000064,yun_jin,elemental_burst,5,冷却时间,NA,sec,4,15,15,2.4,datamine
10000064,yun_jin,elemental_burst,6,元素能量,NA,flat,5,60,60,2.4,datamine
10000064,yun_jin,elemental_skill,1,点按伤害,def,pct,3,149.12,268.416,2.4,datamine
10000064,yun_jin,elemental_skill,2,一段蓄力伤害,def,pct,4,260.96,469.728,2.4,datamine
10000064,yun_jin,elemental_skill,3,二段蓄力伤害,def,pct,5,372.8,671.04,2.4,datamine
10000064,yun_jin,elemental_skill,4,护盾吸收量,hp;hp,pct;flat,1;2,12;1155.4323,21.6;2542.1438,2.4,datamine
10000064,yun_jin,elemental_skill,5,冷却时间,NA,sec,6,9,9,2.4,datamine
10000064,yun_jin,normal_attack,1,一段伤害,atk,pct,1,40.506,80.07,2.4,datamine
10000064,yun_jin,normal_attack,2,二段伤害,atk,pct,2,40.248,79.56,2.4,datamine
10000064,yun_jin,normal_attack,3,三段伤害,atk;atk,pct;pct,3;4,22.962;27.52,45.39;54.4,2.4,datamine
10000064,yun_jin,normal_attack,4,四段伤害,atk;atk,pct;pct,5;6,23.994;28.81,47.43;56.95,2.4,datamine
10000064,yun_jin,normal_attack,5,五段伤害,atk,pct,7,67.338,133.11,2.4,datamine
10000064,yun_jin,normal_attack,6,重击伤害,atk,pct,8,121.69,240.55,2.4,datamine
10000064,yun_jin,normal_attack,7,重击体力消耗,NA,flat,9,25,25,2.4,datamine
10000064,yun_jin,normal_attack,8,下坠期间伤害,atk,pct,10,63.9324,126.378,2.4,datamine
10000064,yun_jin,normal_attack,9,低空/高空坠地冲击伤害,atk;atk,pct;pct,11;12,127.8377;159.6762,252.7025;315.639,2.4,datamine
10000065,kuki_shinobu,elemental_burst,1,单次伤害,hp,pct,1,3.6048,6.4886,2.7,datamine
10000065,kuki_shinobu,elemental_burst,2,总伤害,hp;hp,pct;pct,2;3,25.2336;43.2576,45.4205;77.8637,2.7,datamine
10000065,kuki_shinobu,elemental_burst,3,持续时间,NA;NA,sec;sec,4;5,2;3.5,2;3.5,2.7,datamine
10000065,kuki_shinobu,elemental_burst,4,冷却时间,NA,sec,6,15,15,2.7,datamine
10000065,kuki_shinobu,elemental_burst,5,元素能量,NA,flat,7,60,60,2.7,datamine
10000065,kuki_shinobu,elemental_skill,1,技能伤害,atk,pct,1,75.712,136.2816,2.7,datamine
10000065,kuki_shinobu,elemental_skill,2,越祓草轮治疗量,hp;hp,pct;flat,2;3,3;288.8908,5.4;635.608,2.7,datamine
10000065,kuki_shinobu,elemental_skill,3,越祓草轮伤害,atk,pct,4,25.24,45.432,2.7,datamine
10000065,kuki_shinobu,elemental_skill,4,技能消耗,NA,pct,5,30,30,2.7,datamine
10000065,kuki_shinobu,elemental_skill,5,持续时间,NA,sec,6,12,12,2.7,datamine
10000065,kuki_shinobu,elemental_skill,6,冷却时间,NA,sec,7,15,15,2.7,datamine
10000065,kuki_shinobu,normal_attack,1,一段伤害,atk,pct,1,48.762,96.39,2.7,datamine
10000065,kuki_shinobu,normal_attack,2,二段伤害,atk,pct,2,44.548,88.06,2.7,datamine
10000065,kuki_shinobu,normal_attack,3,三段伤害,atk,pct,3,59.34,117.3,2.7,datamine
10000065,kuki_shinobu,normal_attack,4,四段伤害,atk,pct,4,76.11,150.45,2.7,datamine
10000065,kuki_shinobu,normal_attack,5,重击伤害,atk;atk,pct;pct,5;6,55.6334;66.7652,109.973;131.9778,2.7,datamine
10000065,kuki_shinobu,normal_attack,6,重击体力消耗,NA,flat,7,20,20,2.7,datamine
10000065,kuki_shinobu,normal_attack,7,下坠期间伤害,atk,pct,8,63.9324,126.378,2.7,datamine
10000065,kuki_shinobu,normal_attack,8,低空/高空坠地冲击伤害,atk;atk,pct;pct,9;10,127.8377;159.6762,252.7025;315.639,2.7,datamine
10000066,kamisato_ayato,elemental_burst,1,水花剑伤害,atk,pct,1,66.456,119.6208,2.6,datamine
10000066,kamisato_ayato,elemental_burst,2,普通攻击伤害提升,atk,pct,2,11,20,2.6,datamine
10000066,kamisato_ayato,elemental_burst,3,持续时间,NA,sec,3,18,18,2.6,datamine
10000066,kamisato_ayato,elemental_burst,4,冷却时间,NA,sec,4,20,20,2.6,datamine
10000066,kamisato_ayato,elemental_burst,5,元素能量,NA,flat,5,80,80,2.6,datamine
10000066,kamisato_ayato,elemental_skill,1,一段瞬水剑伤害,atk,pct,1,52.89,104.55,2.6,datamine
10000066,kamisato_ayato,elemental_skill,2,二段瞬水剑伤害,atk,pct,2,58.91,116.45,2.6,datamine
10000066,kamisato_ayato,elemental_skill,3,三段瞬水剑伤害,atk,pct,3,64.93,128.35,2.6,datamine
10000066,kamisato_ayato,elemental_skill,4,泷廻鉴花持续时间,NA,sec,4,6,6,2.6,datamine
10000066,kamisato_ayato,elemental_skill,5,浪闪伤害值提高,hp,pct,5,0.5611,1.1091,2.6,datamine
10000066,kamisato_ayato,elemental_skill,6,水影伤害,atk,pct,6,101.48,200.6,2.6,datamine
10000066,kamisato_ayato,elemental_skill,7,水影持续时间,NA,sec,7,6,6,2.6,datamine
10000066,kamisato_ayato,elemental_skill,8,冷却时间,NA,sec,8,12,12,2.6,datamine
10000066,kamisato_ayato,normal_attack,1,一段伤害,atk,pct,1,44.9617,88.8777,2.6,datamine
10000066,kamisato_ayato,normal_attack,2,二段伤害,atk,pct,2,47.1572,93.2178,2.6,datamine
10000066,kamisato_ayato,normal_attack,3,三段伤害,atk,pct,3,58.6124,115.8618,2.6,datamine
10000066,kamisato_ayato,normal_attack,4,四段伤害,atk,pct,4,29.4485,58.2122,2.6,datamine
10000066,kamisato_ayato,normal_attack,5,五段伤害,atk,pct,5,75.6043,149.4504,2.6,datamine
10000066,kamisato_ayato,normal_attack,6,重击伤害,atk,pct,6,129.5297,256.047,2.6,datamine
10000066,kamisato_ayato,normal_attack,7,重击体力消耗,NA,flat,7,20,20,2.6,datamine
10000066,kamisato_ayato,normal_attack,8,下坠期间伤害,atk,pct,8,63.9324,126.378,2.6,datamine
10000066,kamisato_ayato,normal_attack,9,低空/高空坠地冲击伤害,atk;atk,pct;pct,9;10,127.8377;159.6762,252.7025;315.639,2.6,datamine
10000067,collei,elemental_burst,1,爆发伤害,atk,pct,1,201.824,363.2832,3.0,datamine
10000067,collei,elemental_burst,2,跃动伤害,atk,pct,2,43.248,77.8464,3.0,datamine
10000067,collei,elemental_burst,3,持续时间,NA,sec,3,6,6,3.0,datamine
10000067,collei,elemental_burst,4,冷却时间,NA,sec,4,15,15,3.0,datamine
10000067,collei,elemental_burst,5,元素能量,NA,flat,5,60,60,3.0,datamine
10000067,collei,elemental_skill,1,技能伤害,atk,pct,1,151.2,272.16,3.0,datamine
10000067,collei,elemental_skill,2,冷却时间,NA,sec,2,12,12,3.0,datamine
10000067,collei,normal_attack,1,一段伤害,atk,pct,1,43.602,86.19,3.0,datamine
10000067,collei,normal_attack,2,二段伤害,atk,pct,2,42.656,84.32,3.0,datamine
10000067,collei,normal_attack,3,三段伤害,atk,pct,3,54.094,106.93,3.0,datamine
10000067,collei,normal_attack,4,四段伤害,atk,pct,4,68.026,134.47,3.0,datamine
10000067,collei,normal_attack,5,瞄准射击,NA,pct,5,43.86,86.7,3.0,datamine
10000067,collei,normal_attack,6,满蓄力瞄准射击,NA,pct,6,124,223.2,3.0,datamine
10000067,collei,normal_attack,7,下坠期间伤害,atk,pct,7,56.8288,112.336,3.0,datamine
10000067,collei,normal_attack,8,低空/高空坠地冲击伤害,atk;atk,pct;pct,8;9,113.6335;141.9344,224.6244;280.568,3.0,datamine
10000068,dori,elemental_burst,1,连接伤害,atk,pct,1,15.8824,28.5883,3.0,datamine
10000068,dori,elemental_burst,2,持续治疗量,hp;hp,pct;flat,2;3,6.67;641.9796,12.006;1412.4622,3.0,datamine
10000068,dori,elemental_burst,3,元素能量恢复,NA,flat,4,1.6,2.5,3.0,datamine
10000068,dori,elemental_burst,4,持续时间,NA,sec,5,12,12,3.0,datamine
10000068,dori,elemental_burst,5,冷却时间,NA,sec,6,20,20,3.0,datamine
10000068,dori,elemental_burst,6,元素能量,NA,flat,7,80,80,3.0,datamine
10000068,dori,elemental_skill,1,断除烦恼炮伤害,atk,pct,1,147.28,265.104,3.0,datamine
10000068,dori,elemental_skill,2,售后服务弹伤害,atk,pct,2,31.56,56.808,3.0,datamine
10000068,dori,elemental_skill,3,冷却时间,NA,sec,3,9,9,3.0,datamine
10000068,dori,normal_attack,1,一段伤害,atk,pct,1,90.214,178.33,3.0,datamine
10000068,dori,normal_attack,2,二段伤害,atk;atk,pct;pct,2;3,41.0736;43.1204,81.192;85.238,3.0,datamine
10000068,dori,normal_attack,3,三段伤害,atk,pct,4,128.398,253.81,3.0,datamine
10000068,dori,normal_attack,4,重击循环伤害,atk,pct,5,62.5455,123.6364,3.0,datamine
10000068,dori,normal_attack,5,重击终结伤害,atk,pct,6,113.09,223.55,3.0,datamine
10000068,dori,normal_attack,6,重击体力消耗,NA,sec,7,40,40,3.0,datamine
10000068,dori,normal_attack,7,最大持续时间,NA,sec,8,5,5,3.0,datamine
10000068,dori,normal_attack,8,下坠期间伤害,atk,pct,9,74.5878,147.441,3.0,datamine
10000068,dori,normal_attack,9,低空/高空坠地冲击伤害,atk;atk,pct;pct,10;11,149.144;186.2889,294.8195;368.2455,3.0,datamine
10000069,tighnari,elemental_burst,1,缠藤箭伤害,atk,pct,1,55.62,100.116,3.0,datamine
10000069,tighnari,elemental_burst,2,次级缠藤箭伤害,atk,pct,2,67.98,122.364,3.0,datamine
10000069,tighnari,elemental_burst,3,冷却时间,NA,sec,3,12,12,3.0,datamine
10000069,tighnari,elemental_burst,4,元素能量,NA,flat,4,40,40,3.0,datamine
10000069,tighnari,elemental_skill,1,技能伤害,atk,pct,1,149.6,269.28,3.0,datamine
10000069,tighnari,elemental_skill,2,识蕴领域持续时间,NA,sec,2,8,8,3.0,datamine
10000069,tighnari,elemental_skill,3,通塞识持续时间,NA,sec,3,12,12,3.0,datamine
10000069,tighnari,elemental_skill,4,冷却时间,NA,sec,4,12,12,3.0,datamine
10000069,tighnari,normal_attack,1,一段伤害,atk,pct,1,44.634,88.23,3.0,datamine
10000069,tighnari,normal_attack,2,二段伤害,atk,pct,2,41.968,82.96,3.0,datamine
10000069,tighnari,normal_attack,3,三段伤害,atk,pct,3,26.445,52.275,3.0,datamine
10000069,tighnari,normal_attack,4,四段伤害,atk,pct,4,68.628,135.66,3.0,datamine
10000069,tighnari,normal_attack,5,瞄准射击,NA,pct,5,43.86,86.7,3.0,datamine
10000069,tighnari,normal_attack,6,一段蓄力瞄准射击,NA,pct,6,124,223.2,3.0,datamine
10000069,tighnari,normal_attack,7,花筥箭伤害,atk,pct,7,87.2,156.96,3.0,datamine
10000069,tighnari,normal_attack,8,藏蕴花矢伤害,atk,pct,8,38.6,69.48,3.0,datamine
10000069,tighnari,normal_attack,9,下坠期间伤害,atk,pct,9,56.8288,112.336,3.0,datamine
10000069,tighnari,normal_attack,10,低空/高空坠地冲击伤害,atk;atk,pct;pct,10;11,113.6335;141.9344,224.6244;280.568,3.0,datamine
10000070,nilou,elemental_burst,1,技能伤害,hp,pct,1,18.432,33.1776,3.1,datamine
10000070,nilou,elemental_burst,2,永世流沔伤害,hp,pct,2,22.528,40.5504,3.1,datamine
10000070,nilou,elemental_burst,3,冷却时间,NA,sec,3,18,18,3.1,datamine
10000070,nilou,elemental_burst,4,元素能量,NA,flat,4,70,70,3.1,datamine
10000070,nilou,elemental_skill,1,技能伤害,hp,pct,1,3.3389,6.01,3.1,datamine
10000070,nilou,elemental_skill,2,剑舞步/旋舞步一段伤害,hp;hp,pct;pct,6;2,4.5525;3.2619,8.1945;5.8715,3.1,datamine
10000070,nilou,elemental_skill,3,剑舞步/旋舞步二段伤害,hp;hp,pct;pct,7;3,5.1445;3.9605,9.2601;7.1289,3.1,datamine
10000070,nilou,elemental_skill,4,水月/水轮伤害,hp;hp,pct;pct,4;5,7.1688;5.0616,12.9038;9.1109,3.1,datamine
10000070,nilou,elemental_skill,5,翩转持续时间,NA,sec,11,10,10,3.1,datamine
10000070,nilou,elemental_skill,6,祷月持续时间,NA,sec,10,8,8,3.1,datamine
10000070,nilou,elemental_skill,7,净天水环持续时间,NA,sec,8,12,12,3.1,datamine
10000070,nilou,elemental_skill,8,冷却时间,NA,sec,9,18,18,3.1,datamine
10000070,nilou,normal_attack,1,一段伤害,atk,pct,1,50.3074,99.4449,3.1,datamine
10000070,nilou,normal_attack,2,二段伤害,atk,pct,2,45.439,89.8212,3.1,datamine
10000070,nilou,normal_attack,3,三段伤害,atk,pct,3,70.354,139.0719,3.1,datamine
10000070,nilou,normal_attack,4,重击伤害,atk;atk,pct;pct,4;5,50.224;54.438,99.28;107.61,3.1,datamine
10000070,nilou,normal_attack,5,重击体力消耗,NA,flat,6,20,20,3.1,datamine
10000070,nilou,normal_attack,6,下坠期间伤害,atk,pct,7,63.9324,126.378,3.1,datamine
10000070,nilou,normal_attack,7,低空/高空坠地冲击伤害,atk;atk,pct;pct,8;9,127.8377;159.6762,252.7025;315.639,3.1,datamine
10000071,cyno,elemental_burst,1,一段伤害,atk,pct,1,78.2832,154.7459,3.1,datamine
10000071,cyno,elemental_burst,2,二段伤害,atk,pct,2,82.4688,163.0198,3.1,datamine
10000071,cyno,elemental_burst,3,三段伤害,atk,pct,3,104.6336,206.8339,3.1,datamine
10000071,cyno,elemental_burst,4,四段伤害,atk;atk,pct;pct,4;5,51.6942;51.6942,102.1861;102.1861,3.1,datamine
10000071,cyno,elemental_burst,5,五段伤害,atk,pct,6,130.8447,258.6465,3.1,datamine
10000071,cyno,elemental_burst,6,重击伤害,atk,pct,7,101.05,199.75,3.1,datamine
10000071,cyno,elemental_burst,7,重击体力消耗,NA,flat,8,25,25,3.1,datamine
10000071,cyno,elemental_burst,8,下坠期间伤害,atk,pct,9,63.9324,126.378,3.1,datamine
10000071,cyno,elemental_burst,9,低空/高空坠地冲击伤害,atk;atk,pct;pct,10;11,127.8377;159.6762,252.7025;315.639,3.1,datamine
10000071,cyno,elemental_burst,10,元素精通提升,NA,flat,12,100,100,3.1,datamine
10000071,cyno,elemental_burst,11,基础持续时间,NA,sec,13,10,10,3.1,datamine
10000071,cyno,elemental_burst,12,冷却时间,NA,sec,14,20,20,3.1,datamine
10000071,cyno,elemental_burst,13,元素能量,NA,flat,15,80,80,3.1,datamine
10000071,cyno,elemental_skill,1,技能伤害,atk,pct,1,130.4,234.72,3.1,datamine
10000071,cyno,elemental_skill,2,冥祭伤害,atk,pct,2,156.8,282.24,3.1,datamine
10000071,cyno,elemental_skill,3,启途誓使时间延长,NA,sec,3,4,4,3.1,datamine
10000071,cyno,elemental_skill,4,冷却时间,NA,sec,4,7.5,7.5,3.1,datamine
10000071,cyno,elemental_skill,5,冥祭冷却时间,NA,sec,5,3,3,3.1,datamine
10000071,cyno,normal_attack,1,一段伤害,atk,pct,1,49.2574,97.3692,3.1,datamine
10000071,cyno,normal_attack,2,二段伤害,atk,pct,2,47.9209,94.7274,3.1,datamine
10000071,cyno,normal_attack,3,三段伤害,atk;atk,pct;pct,3;4,29.3062;29.3062,57.9309;57.9309,3.1,datamine
10000071,cyno,normal_attack,4,四段伤害,atk,pct,5,75.8907,150.0165,3.1,datamine
10000071,cyno,normal_attack,5,重击伤害,atk,pct,6,122.378,241.91,3.1,datamine
10000071,cyno,normal_attack,6,重击体力消耗,NA,flat,7,25,25,3.1,datamine
10000071,cyno,normal_attack,7,下坠期间伤害,atk,pct,8,63.9324,126.378,3.1,datamine
10000071,cyno,normal_attack,8,低空/高空坠地冲击伤害,atk;atk,pct;pct,9;10,127.8377;159.6762,252.7025;315.639,3.1,datamine
10000072,candace,elemental_burst,1,技能伤害,hp,pct,1,6.6104,11.8987,3.1,datamine
10000072,candace,elemental_burst,2,持续时间,NA,sec,2,9,9,3.1,datamine
10000072,candace,elemental_burst,3,伤害加成,NA,pct,3,20,20,3.1,datamine
10000072,candace,elemental_burst,4,水波冲击伤害,hp,pct,4,6.6104,11.8987,3.1,datamine
10000072,candace,elemental_burst,5,水波冲击触发次数,NA,flat,5,3,3,3.1,datamine
10000072,candace,elemental_burst,6,冷却时间,NA,sec,6,15,15,3.1,datamine
10000072,candace,elemental_burst,7,元素能量,NA,flat,7,60,60,3.1,datamine
10000072,candace,elemental_skill,1,护盾吸收量,hp;hp,pct;flat,1;2,12;1155.5629,21.6;2542.4312,3.1,datamine
10000072,candace,elemental_skill,2,基础伤害,hp,pct,3,12,21.6,3.1,datamine
10000072,candace,elemental_skill,3,蓄力完成伤害,hp,pct,4,19.04,34.272,3.1,datamine
10000072,candace,elemental_skill,4,点按冷却时间,NA,sec,5,6,6,3.1,datamine
10000072,candace,elemental_skill,5,长按冷却时间,NA,sec,6,9,9,3.1,datamine
10000072,candace,normal_attack,1,一段伤害,atk,pct,1,60.802,120.19,3.1,datamine
10000072,candace,normal_attack,2,二段伤害,atk,pct,2,61.146,120.87,3.1,datamine
10000072,candace,normal_attack,3,三段伤害,atk;atk,pct;pct,3;4,35.4879;43.3741,70.1505;85.7395,3.1,datamine
10000072,candace,normal_attack,4,四段伤害,atk,pct,5,94.944,187.68,3.1,datamine
10000072,candace,normal_attack,5,重击伤害,atk,pct,6,124.184,245.48,3.1,datamine
10000072,candace,normal_attack,6,重击体力消耗,NA,flat,7,25,25,3.1,datamine
10000072,candace,normal_attack,7,下坠期间伤害,atk,pct,8,63.9324,126.378,3.1,datamine
10000072,candace,normal_attack,8,低空/高空坠地冲击伤害,atk;atk,pct;pct,9;10,127.8377;159.6762,252.7025;315.639,3.1,datamine
10000073,nahida,elemental_burst,1,火：伤害提升,atk,pct,1,14.88,26.784,3.2,datamine
10000073,nahida,elemental_burst,2,火：伤害提升,atk,pct,2,22.32,40.176,3.2,datamine
10000073,nahida,elemental_burst,3,雷：间隔降低,NA,sec,3,0.248,0.4464,3.2,datamine
10000073,nahida,elemental_burst,4,雷：间隔降低,NA,sec,4,0.372,0.6696,3.2,datamine
10000073,nahida,elemental_burst,5,水：持续时间延长,NA,sec,5,3.344,6.0192,3.2,datamine
10000073,nahida,elemental_burst,6,水：持续时间延长,NA,sec,6,5.016,9.0288,3.2,datamine
10000073,nahida,elemental_burst,7,基础持续时间,NA,sec,7,15,15,3.2,datamine
10000073,nahida,elemental_burst,8,冷却时间,NA,sec,8,13.5,13.5,3.2,datamine
10000073,nahida,elemental_burst,9,元素能量,NA,flat,9,50,50,3.2,datamine
10000073,nahida,elemental_skill,1,点按伤害,atk,pct,1,98.4,177.12,3.2,datamine
10000073,nahida,elemental_skill,2,长按伤害,atk,pct,2,130.4,234.72,3.2,datamine
10000073,nahida,elemental_skill,3,灭净三业伤害,atk;em,pct;pct,3;4,103.2;206.4,185.76;371.52,3.2,datamine
10000073,nahida,elemental_skill,4,灭净三业触发间隔,NA,sec,5,2.5,2.5,3.2,datamine
10000073,nahida,elemental_skill,5,蕴种印持续时间,NA,sec,6,25,25,3.2,datamine
10000073,nahida,elemental_skill,6,点按冷却时间,NA,sec,7,5,5,3.2,datamine
10000073,nahida,elemental_skill,7,长按冷却时间,NA,sec,8,6,6,3.2,datamine
10000073,nahida,normal_attack,1,一段伤害,atk,pct,1,40.3048,72.5486,3.2,datamine
10000073,nahida,normal_attack,2,二段伤害,atk,pct,2,36.9744,66.5539,3.2,datamine
10000073,nahida,normal_attack,3,三段伤害,atk,pct,3,45.8744,82.5739,3.2,datamine
10000073,nahida,normal_attack,4,四段伤害,atk,pct,4,58.4064,105.1315,3.2,datamine
10000073,nahida,normal_attack,5,重击伤害,atk,pct,5,132,237.6,3.2,datamine
10000073,nahida,normal_attack,6,重击体力消耗,NA,flat,6,50,50,3.2,datamine
10000073,nahida,normal_attack,7,下坠期间伤害,atk,pct,7,56.8288,112.336,3.2,datamine
10000073,nahida,normal_attack,8,低空/高空坠地冲击伤害,atk;atk,pct;pct,8;9,113.6335;141.9344,224.6244;280.568,3.2,datamine
10000074,layla,elemental_burst,1,星光弹伤害,hp,pct,1,4.6488,8.3678,3.2,datamine
10000074,layla,elemental_burst,2,持续时间,NA,sec,2,12,12,3.2,datamine
10000074,layla,elemental_burst,3,冷却时间,NA,sec,3,12,12,3.2,datamine
10000074,layla,elemental_burst,4,元素能量,NA,flat,4,40,40,3.2,datamine
10000074,layla,elemental_skill,1,技能伤害,atk,pct,1,12.8,23.04,3.2,datamine
10000074,layla,elemental_skill,2,飞星伤害,atk,pct,2,14.72,26.496,3.2,datamine
10000074,layla,elemental_skill,3,护盾基础吸收量,hp;hp,pct;flat,3;4,10.8;1040.007,19.44;2288.1887,3.2,datamine
10000074,layla,elemental_skill,4,护盾持续时间,NA,sec,5,12,12,3.2,datamine
10000074,layla,elemental_skill,5,冷却时间,NA,sec,6,12,12,3.2,datamine
10000074,layla,normal_attack,1,一段伤害,atk,pct,1,51.2173,101.2435,3.2,datamine
10000074,layla,normal_attack,2,二段伤害,atk,pct,2,48.4834,95.8392,3.2,datamine
10000074,layla,normal_attack,3,三段伤害,atk,pct,3,72.9736,144.2501,3.2,datamine
10000074,layla,normal_attack,4,重击伤害,atk;atk,pct;pct,4;5,47.73;52.546,94.35;103.87,3.2,datamine
10000074,layla,normal_attack,5,重击体力消耗,NA,flat,6,20,20,3.2,datamine
10000074,layla,normal_attack,6,下坠期间伤害,atk,pct,7,63.9324,126.378,3.2,datamine
10000074,layla,normal_attack,7,低空/高空坠地冲击伤害,atk;atk,pct;pct,8;9,127.8377;159.6762,252.7025;315.639,3.2,datamine
10000075,wanderer,elemental_burst,1,技能伤害,atk,pct,1,147.2,264.96,3.3,datamine
10000075,wanderer,elemental_burst,2,冷却时间,NA,sec,2,15,15,3.3,datamine
10000075,wanderer,elemental_burst,3,元素能量,NA,flat,3,60,60,3.3,datamine
10000075,wanderer,elemental_skill,1,技能伤害,atk,pct,1,95.2,171.36,3.3,datamine
10000075,wanderer,elemental_skill,2,空居·不生断伤害,atk,pct,2,132.9825,153.72,3.3,datamine
10000075,wanderer,elemental_skill,3,空居·刀风界伤害,atk,pct,3,126.386,142.976,3.3,datamine
10000075,wanderer,elemental_skill,4,初始空居力,NA,flat,4,100,100,3.3,datamine
10000075,wanderer,elemental_skill,5,冷却时间,NA,sec,5,6,6,3.3,datamine
10000075,wanderer,normal_attack,1,一段伤害,atk,pct,1,68.714,135.83,3.3,datamine
10000075,wanderer,normal_attack,2,二段伤害,atk,pct,2,65.016,128.52,3.3,datamine
10000075,wanderer,normal_attack,3,三段伤害,atk;atk,pct;pct,3;4,47.644;47.644,94.18;94.18,3.3,datamine
10000075,wanderer,normal_attack,4,重击伤害,atk,pct,5,132.08,237.744,3.3,datamine
10000075,wanderer,normal_attack,5,重击体力消耗,NA,flat,6,50,50,3.3,datamine
10000075,wanderer,normal_attack,6,下坠期间伤害,atk,pct,7,56.8288,112.336,3.3,datamine
10000075,wanderer,normal_attack,7,低空/高空坠地冲击伤害,atk;atk,pct;pct,8;9,113.6335;141.9344,224.6244;280.568,3.3,datamine
10000076,faruzan,elemental_burst,1,技能伤害,atk,pct,1,377.6,679.68,3.3,datamine
10000076,faruzan,elemental_burst,2,风元素伤害加成,NA,pct,2,18,32.4,3.3,datamine
10000076,faruzan,elemental_burst,3,祈风之赐持续时间,NA,sec,3,4,4,3.3,datamine
10000076,faruzan,elemental_burst,4,风元素抗性降低,NA,pct,4,30,30,3.3,datamine
10000076,faruzan,elemental_burst,5,诡风之祸持续时间,NA,sec,5,4,4,3.3,datamine
10000076,faruzan,elemental_burst,6,持续时间,NA,sec,6,12,12,3.3,datamine
10000076,faruzan,elemental_burst,7,冷却时间,NA,sec,7,20,20,3.3,datamine
10000076,faruzan,elemental_burst,8,元素能量,NA,flat,8,80,80,3.3,datamine
10000076,faruzan,elemental_skill,1,技能伤害,atk,pct,1,148.8,267.84,3.3,datamine
10000076,faruzan,elemental_skill,2,风压坍陷风涡伤害,atk,pct,2,108,194.4,3.3,datamine
10000076,faruzan,elemental_skill,3,疾风示现持续时间,NA,sec,4,18,18,3.3,datamine
10000076,faruzan,elemental_skill,4,冷却时间,NA,sec,5,6,6,3.3,datamine
10000076,faruzan,normal_attack,1,一段伤害,atk,pct,1,44.7295,88.4187,3.3,datamine
10000076,faruzan,normal_attack,2,二段伤害,atk,pct,2,42.1864,83.3918,3.3,datamine
10000076,faruzan,normal_attack,3,三段伤害,atk,pct,3,53.1635,105.0906,3.3,datamine
10000076,faruzan,normal_attack,4,四段伤害,atk,pct,4,70.6206,139.5989,3.3,datamine
10000076,faruzan,normal_attack,5,瞄准射击,NA,pct,5,43.86,86.7,3.3,datamine
10000076,faruzan,normal_attack,6,满蓄力瞄准射击,NA,pct,6,124,223.2,3.3,datamine
10000076,faruzan,normal_attack,7,下坠期间伤害,atk,pct,7,56.8288,112.336,3.3,datamine
10000076,faruzan,normal_attack,8,低空/高空坠地冲击伤害,atk;atk,pct;pct,8;9,113.6335;141.9344,224.6244;280.568,3.3,datamine
10000077,yaoyao,elemental_burst,1,技能伤害,atk,pct,4,114.56,206.208,3.4,datamine
10000077,yaoyao,elemental_burst,2,桂子仙机白玉萝卜伤害,atk,pct,1,72.16,129.888,3.4,datamine
10000077,yaoyao,elemental_burst,3,桂子仙机白玉萝卜治疗量,hp;hp,pct;flat,2;3,2.0168;194.2123,3.6303;427.2995,3.4,datamine
10000077,yaoyao,elemental_burst,4,草元素抗性提升,NA,pct,5,50,50,3.4,datamine
10000077,yaoyao,elemental_burst,5,桂子仙机持续时间,NA,sec,6,5,5,3.4,datamine
10000077,yaoyao,elemental_burst,6,冷却时间,NA,sec,7,20,20,3.4,datamine
10000077,yaoyao,elemental_burst,7,元素能量,NA,flat,8,80,80,3.4,datamine
10000077,yaoyao,elemental_skill,1,白玉萝卜伤害,atk,pct,1,29.92,53.856,3.4,datamine
10000077,yaoyao,elemental_skill,2,白玉萝卜治疗量,hp;hp,pct;flat,2;3,1.7143;165.0799,3.0857;363.2033,3.4,datamine
10000077,yaoyao,elemental_skill,3,月桂·抛掷型持续时间,NA,sec,4,10,10,3.4,datamine
10000077,yaoyao,elemental_skill,4,白玉萝卜持续时间,NA,sec,5,5,5,3.4,datamine
10000077,yaoyao,elemental_skill,5,冷却时间,NA,sec,6,15,15,3.4,datamine
10000077,yaoyao,normal_attack,1,一段伤害,atk,pct,1,51.0014,100.8168,3.4,datamine
10000077,yaoyao,normal_attack,2,二段伤害,atk,pct,2,47.4428,93.7822,3.4,datamine
10000077,yaoyao,normal_attack,3,三段伤害,atk;atk,pct;pct,3;4,31.3771;32.9457,62.0245;65.1253,3.4,datamine
10000077,yaoyao,normal_attack,4,四段伤害,atk,pct,5,77.9315,154.0506,3.4,datamine
10000077,yaoyao,normal_attack,5,重击伤害,atk,pct,6,112.66,222.7,3.4,datamine
10000077,yaoyao,normal_attack,6,重击体力消耗,NA,flat,7,25,25,3.4,datamine
10000077,yaoyao,normal_attack,7,下坠期间伤害,atk,pct,8,63.9324,126.378,3.4,datamine
10000077,yaoyao,normal_attack,8,低空/高空坠地冲击伤害,atk;atk,pct;pct,9;10,127.8377;159.6762,252.7025;315.639,3.4,datamine
10000078,alhaitham,elemental_burst,1,单次伤害,atk;em,pct;pct,1;2,121.6;97.28,218.88;175.104,3.4,datamine
10000078,alhaitham,elemental_burst,2,基本攻击次数,NA,flat,3,4,4,3.4,datamine
10000078,alhaitham,elemental_burst,3,1枚攻击次数,NA,flat,4,6,6,3.4,datamine
10000078,alhaitham,elemental_burst,4,2枚攻击次数,NA,flat,5,8,8,3.4,datamine
10000078,alhaitham,elemental_burst,5,3枚攻击次数,NA,flat,6,10,10,3.4,datamine
10000078,alhaitham,elemental_burst,6,冷却时间,NA,sec,7,18,18,3.4,datamine
10000078,alhaitham,elemental_burst,7,元素能量,NA,flat,8,70,70,3.4,datamine
10000078,alhaitham,elemental_skill,1,突进攻击伤害,atk;em,pct;pct,1;2,193.6;154.88,348.48;278.784,3.4,datamine
10000078,alhaitham,elemental_skill,2,光幕攻击间隔,NA,sec,3,1.6,1.6,3.4,datamine
10000078,alhaitham,elemental_skill,3,1枚光幕攻击伤害,atk;em,pct;pct,4;5,67.2;134.4,120.96;241.92,3.4,datamine
10000078,alhaitham,elemental_skill,4,2枚光幕攻击伤害,atk;em,pct;pct,6;7,67.2;134.4,120.96;241.92,3.4,datamine
10000078,alhaitham,elemental_skill,5,3枚光幕攻击伤害,atk;em,pct;pct,8;9,67.2;134.4,120.96;241.92,3.4,datamine
10000078,alhaitham,elemental_skill,6,琢光镜消失间隔,NA,sec,10,4,4,3.4,datamine
10000078,alhaitham,elemental_skill,7,冷却时间,NA,sec,11,18,18,3.4,datamine
10000078,alhaitham,normal_attack,1,一段伤害,atk,pct,1,49.5257,97.8996,3.4,datamine
10000078,alhaitham,normal_attack,2,二段伤害,atk,pct,2,50.7495,100.3187,3.4,datamine
10000078,alhaitham,normal_attack,3,三段伤害,atk;atk,pct;pct,3;4,34.1785;34.1785,67.5622;67.5622,3.4,datamine
10000078,alhaitham,normal_attack,4,四段伤害,atk,pct,5,66.7678,131.9829,3.4,datamine
10000078,alhaitham,normal_attack,5,五段伤害,atk,pct,6,83.8509,165.7517,3.4,datamine
10000078,alhaitham,normal_attack,6,重击伤害,atk;atk,pct;pct,7;8,55.255;55.255,109.225;109.225,3.4,datamine
10000078,alhaitham,normal_attack,7,重击体力消耗,NA,flat,9,20,20,3.4,datamine
10000078,alhaitham,normal_attack,8,下坠期间伤害,atk,pct,10,63.9324,126.378,3.4,datamine
10000078,alhaitham,normal_attack,9,低空/高空坠地冲击伤害,atk;atk,pct;pct,11;12,127.8377;159.6762,252.7025;315.639,3.4,datamine
10000079,dehya,elemental_burst,1,炽鬃拳伤害,atk;hp,pct;pct,1;2,98.7;1.692,177.66;3.0456,3.5,datamine
10000079,dehya,elemental_burst,2,焚落踢伤害,atk;hp,pct;pct,3;4,139.3;2.388,250.74;4.2984,3.5,datamine
10000079,dehya,elemental_burst,3,持续时间,NA,sec,5,4,4,3.5,datamine
10000079,dehya,elemental_burst,4,冷却时间,NA,sec,6,18,18,3.5,datamine
10000079,dehya,elemental_burst,5,元素能量,NA,flat,7,70,70,3.5,datamine
10000079,dehya,elemental_skill,1,净焰昂藏伤害,atk,pct,1,112.88,203.184,3.5,datamine
10000079,dehya,elemental_skill,2,剑域炽焰伤害,atk,pct,2,132.8,239.04,3.5,datamine
10000079,dehya,elemental_skill,3,领域伤害,atk;hp,pct;pct,3;4,60.2;1.032,108.36;1.8576,3.5,datamine
10000079,dehya,elemental_skill,4,消解减免,NA,pct,5,32,50,3.5,datamine
10000079,dehya,elemental_skill,5,赤鬃之血上限,hp,pct,6,200,200,3.5,datamine
10000079,dehya,elemental_skill,6,领域持续时间,NA,sec,7,12,12,3.5,datamine
10000079,dehya,elemental_skill,7,冷却时间,NA,sec,8,20,20,3.5,datamine
10000079,dehya,normal_attack,1,一段伤害,atk,pct,1,62.1178,122.791,3.5,datamine
10000079,dehya,normal_attack,2,二段伤害,atk,pct,2,61.7102,121.9852,3.5,datamine
10000079,dehya,normal_attack,3,三段伤害,atk,pct,3,76.6312,151.4802,3.5,datamine
10000079,dehya,normal_attack,4,四段伤害,atk,pct,4,95.2914,188.3668,3.5,datamine
10000079,dehya,normal_attack,5,重击循环伤害,atk,pct,5,56.33,111.35,3.5,datamine
10000079,dehya,normal_attack,6,重击终结伤害,atk,pct,6,101.824,201.28,3.5,datamine
10000079,dehya,normal_attack,7,重击体力消耗,NA,sec,7,40,40,3.5,datamine
10000079,dehya,normal_attack,8,最大持续时间,NA,sec,8,5,5,3.5,datamine
10000079,dehya,normal_attack,9,下坠期间伤害,atk,pct,9,74.5878,147.441,3.5,datamine
10000079,dehya,normal_attack,10,低空/高空坠地冲击伤害,atk;atk,pct;pct,10;11,149.144;186.2889,294.8195;368.2455,3.5,datamine
10000080,mika,elemental_burst,1,施放治疗量,hp;hp,pct;flat,2;1,12.168;1172.0355,21.9024;2578.6736,3.5,datamine
10000080,mika,elemental_burst,2,鹰翎治疗量,hp;hp,pct;flat,4;3,2.432;233.9543,4.3776;514.7385,3.5,datamine
10000080,mika,elemental_burst,3,鹰翎治疗间隔,NA,sec,5,2.5,2.5,3.5,datamine
10000080,mika,elemental_burst,4,鹰翎持续时间,NA,sec,6,15,15,3.5,datamine
10000080,mika,elemental_burst,5,冷却时间,NA,sec,7,18,18,3.5,datamine
10000080,mika,elemental_burst,6,元素能量,NA,flat,8,70,70,3.5,datamine
10000080,mika,elemental_skill,1,霜流矢伤害,atk,pct,1,67.2,120.96,3.5,datamine
10000080,mika,elemental_skill,2,冰星信标伤害,atk,pct,2,84,151.2,3.5,datamine
10000080,mika,elemental_skill,3,冰星破片伤害,atk,pct,3,25.2,45.36,3.5,datamine
10000080,mika,elemental_skill,4,攻击速度提升,NA,pct,4,13,22,3.5,datamine
10000080,mika,elemental_skill,5,灵风持续时间,NA,sec,5,12,12,3.5,datamine
10000080,mika,elemental_skill,6,冷却时间,NA,sec,6,15,15,3.5,datamine
10000080,mika,normal_attack,1,一段伤害,atk,pct,1,43.2632,85.5202,3.5,datamine
10000080,mika,normal_attack,2,二段伤害,atk,pct,2,41.5019,82.0386,3.5,datamine
10000080,mika,normal_attack,3,三段伤害,atk,pct,3,54.5034,107.7392,3.5,datamine
10000080,mika,normal_attack,4,四段伤害,atk;atk,pct;pct,4;5,27.6146;27.6146,54.587;54.587,3.5,datamine
10000080,mika,normal_attack,5,五段伤害,atk,pct,6,70.8743,140.1004,3.5,datamine
10000080,mika,normal_attack,6,重击伤害,atk,pct,7,112.746,222.87,3.5,datamine
10000080,mika,normal_attack,7,重击体力消耗,NA,flat,8,25,25,3.5,datamine
10000080,mika,normal_attack,8,下坠期间伤害,atk,pct,9,63.9324,126.378,3.5,datamine
10000080,mika,normal_attack,9,低空/高空坠地冲击伤害,atk;atk,pct;pct,10;11,127.8377;159.6762,252.7025;315.639,3.5,datamine
10000081,kaveh,elemental_burst,1,技能伤害,atk,pct,1,160,288,3.6,datamine
10000081,kaveh,elemental_burst,2,持续时间,NA,sec,2,12,12,3.6,datamine
10000081,kaveh,elemental_burst,3,草原核迸发伤害加成,NA,pct,3,27.488,49.4784,3.6,datamine
10000081,kaveh,elemental_burst,4,冷却时间,NA,sec,4,20,20,3.6,datamine
10000081,kaveh,elemental_burst,5,元素能量,NA,flat,5,80,80,3.6,datamine
10000081,kaveh,elemental_skill,1,技能伤害,atk,pct,1,204,367.2,3.6,datamine
10000081,kaveh,elemental_skill,2,冷却时间,NA,sec,2,6,6,3.6,datamine
10000081,kaveh,normal_attack,1,一段伤害,atk,pct,1,76.1857,150.5996,3.6,datamine
10000081,kaveh,normal_attack,2,二段伤害,atk,pct,2,69.6385,137.6575,3.6,datamine
10000081,kaveh,normal_attack,3,三段伤害,atk,pct,3,84.2611,166.5626,3.6,datamine
10000081,kaveh,normal_attack,4,四段伤害,atk,pct,4,102.6883,202.9885,3.6,datamine
10000081,kaveh,normal_attack,5,重击循环伤害,atk,pct,5,53.148,105.06,3.6,datamine
10000081,kaveh,normal_attack,6,重击终结伤害,atk,pct,6,96.148,190.06,3.6,datamine
10000081,kaveh,normal_attack,7,重击体力消耗,NA,sec,7,40,40,3.6,datamine
10000081,kaveh,normal_attack,8,最大持续时间,NA,sec,8,5,5,3.6,datamine
10000081,kaveh,normal_attack,9,下坠期间伤害,atk,pct,9,74.5878,147.441,3.6,datamine
10000081,kaveh,normal_attack,10,低空/高空坠地冲击伤害,atk;atk,pct;pct,10;11,149.144;186.2889,294.8195;368.2455,3.6,datamine
10000082,baizhu,elemental_burst,1,无郤气护盾吸收量,hp;hp,pct;flat,1;2,0.8;77.0375,1.44;169.4954,3.6,datamine
10000082,baizhu,elemental_burst,2,无郤气护盾持续时间,NA,sec,3,2.5,2.5,3.6,datamine
10000082,baizhu,elemental_burst,3,无郤气护盾治疗量,hp;hp,pct;flat,5;6,5.2;500.7441,9.36;1101.7205,3.6,datamine
10000082,baizhu,elemental_burst,4,灵气脉技能伤害,atk,pct,7,97.064,174.7152,3.6,datamine
10000082,baizhu,elemental_burst,5,脉摄宣明持续时间,NA,sec,8,14,14,3.6,datamine
10000082,baizhu,elemental_burst,6,冷却时间,NA,sec,9,20,20,3.6,datamine
10000082,baizhu,elemental_burst,7,元素能量,NA,flat,10,80,80,3.6,datamine
10000082,baizhu,elemental_skill,1,技能伤害,atk,pct,1,79.2,142.56,3.6,datamine
10000082,baizhu,elemental_skill,2,治疗量,hp;hp,pct;flat,2;3,8;770.3755,14.4;1694.9546,3.6,datamine
10000082,baizhu,elemental_skill,3,冷却时间,NA,sec,4,10,10,3.6,datamine
10000082,baizhu,normal_attack,1,一段伤害,atk,pct,1,37.3704,67.2667,3.6,datamine
10000082,baizhu,normal_attack,2,二段伤害,atk,pct,2,36.4248,65.5646,3.6,datamine
10000082,baizhu,normal_attack,3,三段伤害,atk,pct,3,22.5416,40.5749,3.6,datamine
10000082,baizhu,normal_attack,4,四段伤害,atk,pct,4,54.1376,97.4477,3.6,datamine
10000082,baizhu,normal_attack,5,重击伤害,atk,pct,5,121.04,217.872,3.6,datamine
10000082,baizhu,normal_attack,6,重击体力消耗,NA,flat,6,50,50,3.6,datamine
10000082,baizhu,normal_attack,7,下坠期间伤害,atk,pct,7,56.8288,112.336,3.6,datamine
10000082,baizhu,normal_attack,8,低空/高空坠地冲击伤害,atk;atk,pct;pct,8;9,113.6335;141.9344,224.6244;280.568,3.6,datamine
10000083,lynette,elemental_burst,1,技能伤害,atk,pct,1,83.2,149.76,4.0,datamine
10000083,lynette,elemental_burst,2,惊奇猫猫盒伤害,atk,pct,2,51.2,92.16,4.0,datamine
10000083,lynette,elemental_burst,3,彩练术弹伤害,atk,pct,3,45.6,82.08,4.0,datamine
10000083,lynette,elemental_burst,4,惊奇猫猫盒持续时间,NA,sec,4,12,12,4.0,datamine
10000083,lynette,elemental_burst,5,冷却时间,NA,sec,5,18,18,4.0,datamine
10000083,lynette,elemental_burst,6,元素能量,NA,flat,6,70,70,4.0,datamine
10000083,lynette,elemental_skill,1,谜影突刺伤害,atk,pct,1,268,482.4,4.0,datamine
10000083,lynette,elemental_skill,2,流涌之刃伤害,atk,pct,3,31.2,56.16,4.0,datamine
10000083,lynette,elemental_skill,3,流涌之刃间隔,NA,sec,8,10,10,4.0,datamine
10000083,lynette,elemental_skill,4,命中治疗量,hp,pct,4,25,25,4.0,datamine
10000083,lynette,elemental_skill,5,生命值消耗,NA,pct,6,6,6,4.0,datamine
10000083,lynette,elemental_skill,6,长按最大持续时间,NA,sec,9,2.5,2.5,4.0,datamine
10000083,lynette,elemental_skill,7,冷却时间,NA,sec,7,12,12,4.0,datamine
10000083,lynette,normal_attack,1,一段伤害,atk,pct,1,43.0817,85.1615,4.0,datamine
10000083,lynette,normal_attack,2,二段伤害,atk,pct,2,37.6121,74.3495,4.0,datamine
10000083,lynette,normal_attack,3,三段伤害,atk;atk,pct;pct,3;4,27.864;21.5929,55.08;42.6836,4.0,datamine
10000083,lynette,normal_attack,4,四段伤害,atk,pct,5,63.1541,124.8395,4.0,datamine
10000083,lynette,normal_attack,5,重击伤害,atk;atk,pct;pct,6;7,44.204;61.404,87.38;121.38,4.0,datamine
10000083,lynette,normal_attack,6,重击体力消耗,NA,flat,8,20,20,4.0,datamine
10000083,lynette,normal_attack,7,下坠期间伤害,atk,pct,9,63.9324,126.378,4.0,datamine
10000083,lynette,normal_attack,8,低空/高空坠地冲击伤害,atk;atk,pct;pct,10;11,127.8377;159.6762,252.7025;315.639,4.0,datamine
10000084,lyney,elemental_burst,1,技能伤害,atk,pct,1,154,277.2,4.0,datamine
10000084,lyney,elemental_burst,2,引爆礼花伤害,atk,pct,2,414,745.2,4.0,datamine
10000084,lyney,elemental_burst,3,持续时间,NA,sec,3,3,3,4.0,datamine
10000084,lyney,elemental_burst,4,冷却时间,NA,sec,4,15,15,4.0,datamine
10000084,lyney,elemental_burst,5,元素能量,NA,flat,5,60,60,4.0,datamine
10000084,lyney,elemental_skill,1,技能伤害,atk,pct,1,167.2,300.96,4.0,datamine
10000084,lyney,elemental_skill,2,技能伤害加成,atk,pct,2,53.2,95.76,4.0,datamine
10000084,lyney,elemental_skill,3,恢复生命值,atk,pct,3,20,20,4.0,datamine
10000084,lyney,elemental_skill,4,冷却时间,NA,sec,5,15,15,4.0,datamine
10000084,lyney,normal_attack,1,一段伤害,atk,pct,1,38.786,76.67,4.0,datamine
10000084,lyney,normal_attack,2,二段伤害,atk,pct,2,38.012,75.14,4.0,datamine
10000084,lyney,normal_attack,3,三段伤害,atk;atk,pct;pct,3;4,27.262;27.262,53.89;53.89,4.0,datamine
10000084,lyney,normal_attack,4,四段伤害,atk,pct,5,56.932,112.54,4.0,datamine
10000084,lyney,normal_attack,5,下坠期间伤害,atk,pct,6,56.8288,112.336,4.0,datamine
10000084,lyney,normal_attack,6,低空/高空坠地冲击伤害,atk;atk,pct;pct,7;8,113.6335;141.9344,224.6244;280.568,4.0,datamine
10000084,lyney,normal_attack,7,瞄准射击,NA,pct,9,43.86,86.7,4.0,datamine
10000084,lyney,normal_attack,8,一段蓄力瞄准射击,NA,pct,10,124,223.2,4.0,datamine
10000084,lyney,normal_attack,9,隐具魔术箭伤害,atk,pct,11,172.8,311.04,4.0,datamine
10000084,lyney,normal_attack,10,生命值消耗,hp,pct,12,20,20,4.0,datamine
10000084,lyney,normal_attack,11,怪笑猫猫帽继承生命,NA,pct,13,64,115.2,4.0,datamine
10000084,lyney,normal_attack,12,怪笑猫猫帽持续时间,NA,sec,14,4,4,4.0,datamine
10000084,lyney,normal_attack,13,礼花术弹伤害,atk,pct,15,212,381.6,4.0,datamine
10000084,lyney,normal_attack,14,灵息之刺伤害,atk,pct,16,27.552,49.5936,4.0,datamine
10000084,lyney,normal_attack,15,灵息之刺间隔,NA,sec,17,6,6,4.0,datamine
10000085,freminet,elemental_burst,1,技能伤害,atk,pct,1,318.4,573.12,4.0,datamine
10000085,freminet,elemental_burst,2,持续时间,NA,sec,2,10,10,4.0,datamine
10000085,freminet,elemental_burst,3,冷却时间,NA,sec,3,15,15,4.0,datamine
10000085,freminet,elemental_burst,4,元素能量,NA,flat,4,60,60,4.0,datamine
10000085,freminet,elemental_skill,1,上挑攻击伤害,atk,pct,1,83.04,149.472,4.0,datamine
10000085,freminet,elemental_skill,2,霜寒伤害,atk,pct,3,7.16,12.888,4.0,datamine
10000085,freminet,elemental_skill,3,零阶高压粉碎伤害,atk,pct,4,200.48,360.864,4.0,datamine
10000085,freminet,elemental_skill,4,一阶高压粉碎伤害,atk;atk,pct;pct,5;6,100.24;48.688,180.432;87.6384,4.0,datamine
10000085,freminet,elemental_skill,5,二阶高压粉碎伤害,atk;atk,pct;pct,7;8,70.168;85.204,126.3024;153.3672,4.0,datamine
10000085,freminet,elemental_skill,6,三阶高压粉碎伤害,atk;atk,pct;pct,9;10,40.096;121.72,72.1728;219.096,4.0,datamine
10000085,freminet,elemental_skill,7,四阶高压粉碎伤害,atk,pct,11,243.44,438.192,4.0,datamine
10000085,freminet,elemental_skill,8,灵息之刺伤害,atk,pct,2,14.4,25.92,4.0,datamine
10000085,freminet,elemental_skill,9,灵息之刺间隔,NA,sec,13,9,9,4.0,datamine
10000085,freminet,elemental_skill,10,冷却时间,NA,sec,12,10,10,4.0,datamine
10000085,freminet,normal_attack,1,一段伤害,atk,pct,1,84.2379,166.5167,4.0,datamine
10000085,freminet,normal_attack,2,二段伤害,atk,pct,2,80.6757,159.4753,4.0,datamine
10000085,freminet,normal_attack,3,三段伤害,atk,pct,3,101.904,201.4381,4.0,datamine
10000085,freminet,normal_attack,4,四段伤害,atk,pct,4,123.8047,244.7303,4.0,datamine
10000085,freminet,normal_attack,5,重击循环伤害,atk,pct,5,62.522,123.59,4.0,datamine
10000085,freminet,normal_attack,6,重击终结伤害,atk,pct,6,113.09,223.55,4.0,datamine
10000085,freminet,normal_attack,7,重击体力消耗,NA,sec,7,40,40,4.0,datamine
10000085,freminet,normal_attack,8,最大持续时间,NA,sec,8,5,5,4.0,datamine
10000085,freminet,normal_attack,9,下坠期间伤害,atk,pct,9,74.5878,147.441,4.0,datamine
10000085,freminet,normal_attack,10,低空/高空坠地冲击伤害,atk;atk,pct;pct,10;11,149.144;186.2889,294.8195;368.2455,4.0,datamine
10000086,wriothesley,elemental_burst,1,技能伤害,atk,pct,1,127.2,228.96,4.1,datamine
10000086,wriothesley,elemental_burst,2,流涌之刃伤害,atk,pct,2,42.4,76.32,4.1,datamine
10000086,wriothesley,elemental_burst,3,冷却时间,NA,sec,3,15,15,4.1,datamine
10000086,wriothesley,elemental_burst,4,流涌之刃冷却时间,NA,sec,5,10,10,4.1,datamine
10000086,wriothesley,elemental_burst,5,元素能量,NA,flat,4,60,60,4.1,datamine
10000086,wriothesley,elemental_skill,1,强化斥逐拳伤害,atk,pct,1,143.1695,170.312,4.1,datamine
10000086,wriothesley,elemental_skill,2,消耗生命值,hp,pct,2,4.5,4.5,4.1,datamine
10000086,wriothesley,elemental_skill,3,持续时间,NA,sec,3,10,10,4.1,datamine
10000086,wriothesley,elemental_skill,4,冷却时间,NA,sec,4,16,16,4.1,datamine
10000086,wriothesley,normal_attack,1,一段伤害,atk,pct,1,53.3596,105.4782,4.1,datamine
10000086,wriothesley,normal_attack,2,二段伤害,atk,pct,2,51.7987,102.3927,4.1,datamine
10000086,wriothesley,normal_attack,3,三段伤害,atk,pct,3,67.2228,132.8822,4.1,datamine
10000086,wriothesley,normal_attack,4,四段伤害,atk;atk,pct;pct,4;5,37.9041;37.9041,74.9266;74.9266,4.1,datamine
10000086,wriothesley,normal_attack,5,五段伤害,atk,pct,6,90.742,179.3738,4.1,datamine
10000086,wriothesley,normal_attack,6,重击伤害,atk,pct,7,152.96,275.328,4.1,datamine
10000086,wriothesley,normal_attack,7,重击体力消耗,NA,flat,8,50,50,4.1,datamine
10000086,wriothesley,normal_attack,8,下坠期间伤害,atk,pct,9,56.8288,112.336,4.1,datamine
10000086,wriothesley,normal_attack,9,低空/高空坠地冲击伤害,atk;atk,pct;pct,10;11,113.6335;141.9344,224.6244;280.568,4.1,datamine
10000087,neuvillette,elemental_burst,1,技能伤害,hp,pct,1,22.2578,40.0641,4.1,datamine
10000087,neuvillette,elemental_burst,2,水瀑伤害,hp,pct,2,9.1055,16.3898,4.1,datamine
10000087,neuvillette,elemental_burst,3,冷却时间,NA,sec,3,18,18,4.1,datamine
10000087,neuvillette,elemental_burst,4,元素能量,NA,flat,4,70,70,4.1,datamine
10000087,neuvillette,elemental_skill,1,技能伤害,hp,pct,1,12.864,23.1552,4.1,datamine
10000087,neuvillette,elemental_skill,2,灵息之刺伤害,atk,pct,2,20.8,37.44,4.1,datamine
10000087,neuvillette,elemental_skill,3,灵息之刺间隔,NA,sec,5,10,10,4.1,datamine
10000087,neuvillette,elemental_skill,4,源水之滴持续时间,NA,sec,3,15,15,4.1,datamine
10000087,neuvillette,elemental_skill,5,冷却时间,NA,sec,4,12,12,4.1,datamine
10000087,neuvillette,normal_attack,1,一段伤害,atk,pct,1,54.5768,98.2382,4.1,datamine
10000087,neuvillette,normal_attack,2,二段伤害,atk,pct,2,46.2456,83.2421,4.1,datamine
10000087,neuvillette,normal_attack,3,三段伤害,atk,pct,3,72.3376,130.2077,4.1,datamine
10000087,neuvillette,normal_attack,4,重击伤害,atk,pct,4,136.8,246.24,4.1,datamine
10000087,neuvillette,normal_attack,5,重击体力消耗,NA,flat,6,50,50,4.1,datamine
10000087,neuvillette,normal_attack,6,重击·衡平推裁持续伤害,hp,pct,5,7.3186,14.467,4.1,datamine
10000087,neuvillette,normal_attack,7,恢复生命值,hp,pct,7,16,16,4.1,datamine
10000087,neuvillette,normal_attack,8,损失生命值,hp;hp,pct;sec,8;9,8;0.5,8;0.5,4.1,datamine
10000087,neuvillette,normal_attack,9,下坠期间伤害,atk,pct,11,56.8288,112.336,4.1,datamine
10000087,neuvillette,normal_attack,10,低空/高空坠地冲击伤害,atk;atk,pct;pct,12;13,113.6335;141.9344,224.6244;280.568,4.1,datamine
10000088,charlotte,elemental_burst,1,施放治疗量,atk;atk,pct;flat,1;2,256.5734;1608.4863,461.8322;3538.9382,4.2,datamine
10000088,charlotte,elemental_burst,2,技能伤害,atk,pct,3,77.616,139.7088,4.2,datamine
10000088,charlotte,elemental_burst,3,相机持续治疗量,atk;atk,pct;flat,4;5,9.216;57.4471,16.5888;126.3932,4.2,datamine
10000088,charlotte,elemental_burst,4,相机伤害,atk,pct,6,6.468,11.6424,4.2,datamine
10000088,charlotte,elemental_burst,5,「临事场域」持续时间,NA,sec,7,4,4,4.2,datamine
10000088,charlotte,elemental_burst,6,冷却时间,NA,sec,8,20,20,4.2,datamine
10000088,charlotte,elemental_burst,7,元素能量,NA,flat,9,80,80,4.2,datamine
10000088,charlotte,elemental_skill,1,点按拍照伤害,atk,pct,1,67.2,120.96,4.2,datamine
10000088,charlotte,elemental_skill,2,长按拍照伤害,atk,pct,2,139.2,250.56,4.2,datamine
10000088,charlotte,elemental_skill,3,「瞬时剪影」印记伤害,atk,pct,3,39.2,70.56,4.2,datamine
10000088,charlotte,elemental_skill,4,「瞬时剪影」印记触发间隔,NA,sec,4,1.5,1.5,4.2,datamine
10000088,charlotte,elemental_skill,5,「瞬时剪影」印记持续时间,NA,sec,5,6,6,4.2,datamine
10000088,charlotte,elemental_skill,6,「聚焦印象」印记伤害,atk,pct,6,40.6,73.08,4.2,datamine
10000088,charlotte,elemental_skill,7,「聚焦印象」印记触发间隔,NA,sec,7,1.5,1.5,4.2,datamine
10000088,charlotte,elemental_skill,8,「聚焦印象」印记持续时间,NA,sec,8,12,12,4.2,datamine
10000088,charlotte,elemental_skill,9,冷却时间,NA,sec,9,12,12,4.2,datamine
10000088,charlotte,elemental_skill,10,最大画幅施放冷却时间,NA,sec,10,18,18,4.2,datamine
10000088,charlotte,normal_attack,1,一段伤害,atk,pct,1,49.8456,89.7221,4.2,datamine
10000088,charlotte,normal_attack,2,二段伤害,atk,pct,2,43.3752,78.0754,4.2,datamine
10000088,charlotte,normal_attack,3,三段伤害,atk,pct,3,64.6008,116.2814,4.2,datamine
10000088,charlotte,normal_attack,4,重击伤害,atk,pct,4,100.512,180.9216,4.2,datamine
10000088,charlotte,normal_attack,5,重击体力消耗,NA,flat,5,50,50,4.2,datamine
10000088,charlotte,normal_attack,6,下坠期间伤害,atk,pct,6,56.8288,112.336,4.2,datamine
10000088,charlotte,normal_attack,7,低空/高空坠地冲击伤害,atk;atk,pct;pct,7;8,113.6335;141.9344,224.6244;280.568,4.2,datamine
10000088,charlotte,normal_attack,8,灵息之刺伤害,atk,pct,9,11.168,20.1024,4.2,datamine
10000088,charlotte,normal_attack,9,灵息之刺伤害间隔,NA,sec,10,6,6,4.2,datamine
10000089,furina,elemental_burst,1,技能伤害,hp,pct,1,11.4064,20.5315,4.2,datamine
10000089,furina,elemental_burst,2,持续时间,NA,sec,2,18,18,4.2,datamine
10000089,furina,elemental_burst,3,气氛值上限,NA,flat,4,300,300,4.2,datamine
10000089,furina,elemental_burst,4,气氛值转化提升伤害比例,atk,pct,5,0.07,0.25,4.2,datamine
10000089,furina,elemental_burst,5,气氛值转化受治疗加成比例,atk,pct,6,0.01,0.1,4.2,datamine
10000089,furina,elemental_burst,6,冷却时间,NA,sec,7,15,15,4.2,datamine
10000089,furina,elemental_burst,7,元素能量,NA,flat,8,60,60,4.2,datamine
10000089,furina,elemental_skill,1,荒性泡沫伤害,hp,pct,1,7.864,14.1552,4.2,datamine
10000089,furina,elemental_skill,2,持续时间,NA,sec,2,30,30,4.2,datamine
10000089,furina,elemental_skill,3,乌瑟勋爵伤害,hp,pct,3,5.96,10.728,4.2,datamine
10000089,furina,elemental_skill,4,海薇玛夫人伤害,hp,pct,4,3.232,5.8176,4.2,datamine
10000089,furina,elemental_skill,5,谢贝蕾妲小姐伤害,hp,pct,5,8.288,14.9184,4.2,datamine
10000089,furina,elemental_skill,6,乌瑟勋爵消耗生命值,hp,pct,6,2.4,2.4,4.2,datamine
10000089,furina,elemental_skill,7,海薇玛夫人消耗生命值,hp,pct,7,1.6,1.6,4.2,datamine
10000089,furina,elemental_skill,8,谢贝蕾妲小姐消耗生命值,hp,pct,8,3.6,3.6,4.2,datamine
10000089,furina,elemental_skill,9,众水的歌者治疗量,hp;hp,pct;flat,9;10,4.8;462.2253,8.64;1016.9728,4.2,datamine
10000089,furina,elemental_skill,10,冷却时间,NA,sec,11,20,20,4.2,datamine
10000089,furina,normal_attack,1,一段伤害,atk,pct,1,48.3862,95.6471,4.2,datamine
10000089,furina,normal_attack,2,二段伤害,atk,pct,2,43.7293,86.4416,4.2,datamine
10000089,furina,normal_attack,3,三段伤害,atk,pct,3,55.12,108.9581,4.2,datamine
10000089,furina,normal_attack,4,四段伤害,atk,pct,4,73.2978,144.891,4.2,datamine
10000089,furina,normal_attack,5,重击伤害,atk,pct,5,74.218,146.71,4.2,datamine
10000089,furina,normal_attack,6,重击体力消耗,NA,flat,6,20,20,4.2,datamine
10000089,furina,normal_attack,7,下坠期间伤害,atk,pct,7,63.9324,126.378,4.2,datamine
10000089,furina,normal_attack,8,低空/高空坠地冲击伤害,atk;atk,pct;pct,8;9,127.8377;159.6762,252.7025;315.639,4.2,datamine
10000089,furina,normal_attack,9,灵息之刺/流涌之刃伤害,atk,pct,10,9.46,18.7,4.2,datamine
10000089,furina,normal_attack,10,灵息之刺/流涌之刃伤害间隔,NA;NA,sec;sec,11;12,6;6,6;6,4.2,datamine
10000090,chevreuse,elemental_burst,1,爆轰榴弹伤害,atk,pct,1,368.16,662.688,4.3,datamine
10000090,chevreuse,elemental_burst,2,二重毁伤弹伤害,atk,pct,2,49.088,88.3584,4.3,datamine
10000090,chevreuse,elemental_burst,3,冷却时间,NA,sec,3,15,15,4.3,datamine
10000090,chevreuse,elemental_burst,4,元素能量,NA,flat,4,60,60,4.3,datamine
10000090,chevreuse,elemental_skill,1,点按伤害,atk,pct,1,115.2,207.36,4.3,datamine
10000090,chevreuse,elemental_skill,2,长按伤害,atk,pct,2,172.8,311.04,4.3,datamine
10000090,chevreuse,elemental_skill,3,「超量装药弹头」伤害,atk,pct,3,282.4,508.32,4.3,datamine
10000090,chevreuse,elemental_skill,4,持续治疗量,hp;hp,pct;flat,5;6,2.6667;256.7918,4.8;564.9849,4.3,datamine
10000090,chevreuse,elemental_skill,5,治疗持续时间,NA,sec,4,12,12,4.3,datamine
10000090,chevreuse,elemental_skill,6,流涌之刃伤害,atk,pct,7,28.8,51.84,4.3,datamine
10000090,chevreuse,elemental_skill,7,流涌之刃间隔,NA,sec,8,10,10,4.3,datamine
10000090,chevreuse,elemental_skill,8,冷却时间,NA,sec,9,15,15,4.3,datamine
10000090,chevreuse,normal_attack,1,一段伤害,atk,pct,1,53.1299,105.0243,4.3,datamine
10000090,chevreuse,normal_attack,2,二段伤害,atk,pct,2,49.3107,97.4746,4.3,datamine
10000090,chevreuse,normal_attack,3,三段伤害,atk;atk,pct;pct,3;4,27.6449;32.4527,54.6469;64.1508,4.3,datamine
10000090,chevreuse,normal_attack,4,四段伤害,atk,pct,5,77.2615,152.7263,4.3,datamine
10000090,chevreuse,normal_attack,5,重击伤害,atk,pct,6,121.69,240.55,4.3,datamine
10000090,chevreuse,normal_attack,6,重击体力消耗,NA,flat,7,25,25,4.3,datamine
10000090,chevreuse,normal_attack,7,下坠期间伤害,atk,pct,8,63.9324,126.378,4.3,datamine
10000090,chevreuse,normal_attack,8,低空/高空坠地冲击伤害,atk;atk,pct;pct,9;10,127.8377;159.6762,252.7025;315.639,4.3,datamine
10000091,navia,elemental_burst,1,技能伤害,atk,pct,1,75.2,135.36,4.3,datamine
10000091,navia,elemental_burst,2,支援炮击伤害,atk,pct,2,43.15,77.67,4.3,datamine
10000091,navia,elemental_burst,3,支援炮击持续时间,NA,sec,3,12,12,4.3,datamine
10000091,navia,elemental_burst,4,冷却时间,NA,sec,4,15,15,4.3,datamine
10000091,navia,elemental_burst,5,元素能量,NA,flat,5,60,60,4.3,datamine
10000091,navia,elemental_skill,1,玫瑰晶弹基础伤害,atk,pct,1,394.8,710.64,4.3,datamine
10000091,navia,elemental_skill,2,裂晶弹片持续时间,NA,sec,3,300,300,4.3,datamine
10000091,navia,elemental_skill,3,流涌之刃伤害,atk,pct,5,36,64.8,4.3,datamine
10000091,navia,elemental_skill,4,流涌之刃间隔,NA,sec,6,7,7,4.3,datamine
10000091,navia,elemental_skill,5,冷却时间,NA,sec,4,9,9,4.3,datamine
10000091,navia,normal_attack,1,一段伤害,atk,pct,1,93.519,184.8631,4.3,datamine
10000091,navia,normal_attack,2,二段伤害,atk,pct,2,86.5065,171.0013,4.3,datamine
10000091,navia,normal_attack,3,三段伤害,atk,pct,3,34.8859,68.9605,4.3,datamine
10000091,navia,normal_attack,4,四段伤害,atk,pct,4,133.4316,263.7601,4.3,datamine
10000091,navia,normal_attack,5,重击循环伤害,atk,pct,5,62.522,123.59,4.3,datamine
10000091,navia,normal_attack,6,重击终结伤害,atk,pct,6,113.09,223.55,4.3,datamine
10000091,navia,normal_attack,7,重击体力消耗,NA,sec,7,40,40,4.3,datamine
10000091,navia,normal_attack,8,最大持续时间,NA,sec,8,5,5,4.3,datamine
10000091,navia,normal_attack,9,下坠期间伤害,atk,pct,9,74.5878,147.441,4.3,datamine
10000091,navia,normal_attack,10,低空/高空坠地冲击伤害,atk;atk,pct;pct,10;11,149.144;186.2889,294.8195;368.2455,4.3,datamine
10000092,gaming,elemental_burst,1,猊兽·文仔砸击伤害,atk,pct,1,370.4,666.72,4.4,datamine
10000092,gaming,elemental_burst,2,技能治疗量,hp,pct,2,30,30,4.4,datamine
10000092,gaming,elemental_burst,3,舞兽态势持续时间,NA,sec,3,12,12,4.4,datamine
10000092,gaming,elemental_burst,4,冷却时间,NA,sec,4,15,15,4.4,datamine
10000092,gaming,elemental_burst,5,元素能量,NA,flat,5,60,60,4.4,datamine
10000092,gaming,elemental_skill,1,下落攻击·踏云献瑞伤害,atk,pct,1,230.4,414.72,4.4,datamine
10000092,gaming,elemental_skill,2,消耗生命值,hp,pct,2,15,15,4.4,datamine
10000092,gaming,elemental_skill,3,冷却时间,NA,sec,3,6,6,4.4,datamine
10000092,gaming,normal_attack,1,一段伤害,atk,pct,1,83.856,165.7619,4.4,datamine
10000092,gaming,normal_attack,2,二段伤害,atk,pct,2,79.0443,156.2504,4.4,datamine
10000092,gaming,normal_attack,3,三段伤害,atk,pct,3,106.646,210.8119,4.4,datamine
10000092,gaming,normal_attack,4,四段伤害,atk,pct,4,127.9491,252.9226,4.4,datamine
10000092,gaming,normal_attack,5,重击循环伤害,atk,pct,5,62.522,123.59,4.4,datamine
10000092,gaming,normal_attack,6,重击终结伤害,atk,pct,6,113.09,223.55,4.4,datamine
10000092,gaming,normal_attack,7,重击体力消耗,NA,sec,7,40,40,4.4,datamine
10000092,gaming,normal_attack,8,最大持续时间,NA,sec,8,5,5,4.4,datamine
10000092,gaming,normal_attack,9,下坠期间伤害,atk,pct,9,64.1457,126.7996,4.4,datamine
10000092,gaming,normal_attack,10,低空/高空坠地冲击伤害,atk;atk,pct;pct,10;11,128.2638;160.2085,253.5448;316.6913,4.4,datamine
10000093,xianyun,elemental_burst,1,技能伤害,atk,pct,1,108,194.4,4.4,datamine
10000093,xianyun,elemental_burst,2,竹星伤害,atk,pct,2,39.2,70.56,4.4,datamine
10000093,xianyun,elemental_burst,3,治疗量,atk;atk,pct;flat,4;3,92.16;577.7816,165.888;1271.216,4.4,datamine
10000093,xianyun,elemental_burst,4,持续治疗量,atk;atk,pct;flat,6;5,43.008;269.6314,77.4144;593.2341,4.4,datamine
10000093,xianyun,elemental_burst,5,持续时间,NA,sec,9,16,16,4.4,datamine
10000093,xianyun,elemental_burst,6,冷却时间,NA,sec,10,18,18,4.4,datamine
10000093,xianyun,elemental_burst,7,元素能量,NA,flat,11,70,70,4.4,datamine
10000093,xianyun,elemental_skill,1,技能伤害,atk,pct,1,24.8,44.64,4.4,datamine
10000093,xianyun,elemental_skill,2,闲云冲击波伤害,atk;atk;atk,pct;pct;pct,2;3;4,116;148;337.6,208.8;266.4;607.68,4.4,datamine
10000093,xianyun,elemental_skill,3,冷却时间,NA,sec,5,12,12,4.4,datamine
10000093,xianyun,normal_attack,1,一段伤害,atk,pct,1,40.3024,72.5443,4.4,datamine
10000093,xianyun,normal_attack,2,二段伤害,atk,pct,2,38.8552,69.9394,4.4,datamine
10000093,xianyun,normal_attack,3,三段伤害,atk,pct,3,48.8776,87.9797,4.4,datamine
10000093,xianyun,normal_attack,4,四段伤害,atk,pct,4,64.9168,116.8502,4.4,datamine
10000093,xianyun,normal_attack,5,重击伤害,atk,pct,5,123.12,221.616,4.4,datamine
10000093,xianyun,normal_attack,6,重击体力消耗,NA,flat,6,50,50,4.4,datamine
10000093,xianyun,normal_attack,7,下坠期间伤害,atk,pct,7,56.8288,112.336,4.4,datamine
10000093,xianyun,normal_attack,8,低空/高空坠地冲击伤害,atk;atk,pct;pct,8;9,113.6335;141.9344,224.6244;280.568,4.4,datamine
10000094,chiori,elemental_burst,1,技能伤害,atk;def,pct;pct,1;2,256.32;320.4,461.376;576.72,4.5,datamine
10000094,chiori,elemental_burst,2,冷却时间,NA,sec,3,13.5,13.5,4.5,datamine
10000094,chiori,elemental_burst,3,元素能量,NA,flat,4,50,50,4.5,datamine
10000094,chiori,elemental_skill,1,袖伤害,atk;def,pct;pct,1;2,82.08;102.6,147.744;184.68,4.5,datamine
10000094,chiori,elemental_skill,2,袖存在时间,NA,sec,3,17,17,4.5,datamine
10000094,chiori,elemental_skill,3,袖攻击间隔,NA,sec,4,3.6,3.6,4.5,datamine
10000094,chiori,elemental_skill,4,上挑攻击伤害,atk;def,pct;pct,5;6,149.28;186.6,268.704;335.88,4.5,datamine
10000094,chiori,elemental_skill,5,冷却时间,NA,sec,7,16,16,4.5,datamine
10000094,chiori,normal_attack,1,一段伤害,atk,pct,1,49.4104,97.6718,4.5,datamine
10000094,chiori,normal_attack,2,二段伤害,atk,pct,2,46.8339,92.5786,4.5,datamine
10000094,chiori,normal_attack,3,三段伤害,atk;atk,pct;pct,3;4,30.4165;30.4165,60.1256;60.1256,4.5,datamine
10000094,chiori,normal_attack,4,四段伤害,atk,pct,5,75.1227,148.4984,4.5,datamine
10000094,chiori,normal_attack,5,重击伤害,atk;atk,pct;pct,6;7,54.309;54.309,107.355;107.355,4.5,datamine
10000094,chiori,normal_attack,6,重击体力消耗,NA,flat,8,20,20,4.5,datamine
10000094,chiori,normal_attack,7,下坠期间伤害,atk,pct,9,63.9324,126.378,4.5,datamine
10000094,chiori,normal_attack,8,低空/高空坠地冲击伤害,atk;atk,pct;pct,10;11,127.8377;159.6762,252.7025;315.639,4.5,datamine
10000095,sigewinne,elemental_burst,1,技能伤害,hp,pct,1,11.7708,21.1874,4.7,datamine
10000095,sigewinne,elemental_burst,2,持续时间,NA,sec,4,2.5,2.5,4.7,datamine
10000095,sigewinne,elemental_burst,3,冷却时间,NA,sec,2,18,18,4.7,datamine
10000095,sigewinne,elemental_burst,4,元素能量,NA,flat,3,70,70,4.7,datamine
10000095,sigewinne,elemental_skill,1,激愈水球伤害,hp,pct,1,2.28,4.104,4.7,datamine
10000095,sigewinne,elemental_skill,2,激愈水球治疗量,hp;hp,pct;flat,2;3,2.8;269.6314,5.04;593.2341,4.7,datamine
10000095,sigewinne,elemental_skill,3,弹跳结束治疗量,hp,pct,4,50,50,4.7,datamine
10000095,sigewinne,elemental_skill,4,流涌之刃伤害,hp,pct,7,0.684,1.2312,4.7,datamine
10000095,sigewinne,elemental_skill,5,流涌之刃间隔,NA,sec,8,10,10,4.7,datamine
10000095,sigewinne,elemental_skill,6,冷却时间,NA,sec,9,18,18,4.7,datamine
10000095,sigewinne,normal_attack,1,一段伤害,atk,pct,1,52.6139,104.0043,4.7,datamine
10000095,sigewinne,normal_attack,2,二段伤害,atk,pct,2,51.0711,100.9545,4.7,datamine
10000095,sigewinne,normal_attack,3,三段伤害,atk,pct,3,78.291,154.7612,4.7,datamine
10000095,sigewinne,normal_attack,4,瞄准射击,NA,pct,7,43.86,86.7,4.7,datamine
10000095,sigewinne,normal_attack,5,满蓄力瞄准射击,NA,pct,8,124,223.2,4.7,datamine
10000095,sigewinne,normal_attack,6,小小关心气泡伤害,atk,pct,9,24.8,44.64,4.7,datamine
10000095,sigewinne,normal_attack,7,下坠期间伤害,atk,pct,4,56.8288,112.336,4.7,datamine
10000095,sigewinne,normal_attack,8,低空/高空坠地冲击伤害,atk;atk,pct;pct,5;6,113.6335;141.9344,224.6244;280.568,4.7,datamine
10000096,arlecchino,elemental_burst,1,技能伤害,atk,pct,1,370.4,666.72,4.6,datamine
10000096,arlecchino,elemental_burst,2,回复量,atk;atk,pct;pct,3;4,150;150,150;150,4.6,datamine
10000096,arlecchino,elemental_burst,3,冷却时间,NA,sec,5,15,15,4.6,datamine
10000096,arlecchino,elemental_burst,4,元素能量,NA,flat,6,60,60,4.6,datamine
10000096,arlecchino,elemental_skill,1,尖刺伤害,atk,pct,1,14.84,26.712,4.6,datamine
10000096,arlecchino,elemental_skill,2,切斩伤害,atk,pct,2,133.56,240.408,4.6,datamine
10000096,arlecchino,elemental_skill,3,血偿勒令伤害,atk,pct,3,31.8,57.24,4.6,datamine
10000096,arlecchino,elemental_skill,4,冷却时间,NA,sec,5,30,30,4.6,datamine
10000096,arlecchino,normal_attack,1,红死之宴提升,NA,pct,12,120.4,238,4.6,datamine
10000096,arlecchino,normal_attack,2,一段伤害,atk,pct,1,47.5004,93.8961,4.6,datamine
10000096,arlecchino,normal_attack,3,二段伤害,atk,pct,2,52.1057,102.9996,4.6,datamine
10000096,arlecchino,normal_attack,4,三段伤害,atk,pct,3,65.3858,129.251,4.6,datamine
10000096,arlecchino,normal_attack,5,四段伤害,atk;atk,pct;pct,4;4,37.1451;37.1451,73.4264;73.4264,4.6,datamine
10000096,arlecchino,normal_attack,6,五段伤害,atk,pct,5,69.9816,138.3358,4.6,datamine
10000096,arlecchino,normal_attack,7,六段伤害,atk,pct,6,85.3782,168.7709,4.6,datamine
10000096,arlecchino,normal_attack,8,重击伤害,atk,pct,7,90.816,179.52,4.6,datamine
10000096,arlecchino,normal_attack,9,重击体力消耗,NA,flat,8,25,25,4.6,datamine
10000096,arlecchino,normal_attack,10,快速移动体力消耗,NA,sec,15,40,40,4.6,datamine
10000096,arlecchino,normal_attack,11,下坠期间伤害,atk,pct,9,63.9324,126.378,4.6,datamine
10000096,arlecchino,normal_attack,12,低空/高空坠地冲击伤害,atk;atk,pct;pct,10;11,127.8377;159.6762,252.7025;315.639,4.6,datamine
10000097,sethos,elemental_burst,1,瞑弦矢伤害提升,em,pct,1,196.16,353.088,4.7,datamine
10000097,sethos,elemental_burst,2,寂想瞑影持续时间,NA,sec,2,8,8,4.7,datamine
10000097,sethos,elemental_burst,3,冷却时间,NA,sec,3,15,15,4.7,datamine
10000097,sethos,elemental_burst,4,元素能量,NA,flat,4,60,60,4.7,datamine
10000097,sethos,elemental_skill,1,技能伤害,atk,pct,1,115.6,208.08,4.7,datamine
10000097,sethos,elemental_skill,2,恢复元素能量,NA,flat,2,12,12,4.7,datamine
10000097,sethos,elemental_skill,3,冷却时间,NA,sec,3,8,8,4.7,datamine
10000097,sethos,normal_attack,1,一段伤害,atk,pct,1,52.6139,104.0043,4.7,datamine
10000097,sethos,normal_attack,2,二段伤害,atk;atk,pct;pct,2;3,23.7962;26.6084,47.039;52.598,4.7,datamine
10000097,sethos,normal_attack,3,三段伤害,atk,pct,4,73.9867,146.2527,4.7,datamine
10000097,sethos,normal_attack,4,瞄准射击,NA,pct,5,43.86,86.7,4.7,datamine
10000097,sethos,normal_attack,5,一段蓄力瞄准射击,NA,pct,6,124,223.2,4.7,datamine
10000097,sethos,normal_attack,6,贯影箭伤害,atk;em,pct;pct,7;8,140;134.56,252;242.208,4.7,datamine
10000097,sethos,normal_attack,7,下坠期间伤害,atk,pct,9,56.8288,112.336,4.7,datamine
10000097,sethos,normal_attack,8,低空/高空坠地冲击伤害,atk;atk,pct;pct,10;11,113.6335;141.9344,224.6244;280.568,4.7,datamine
10000098,clorinde,elemental_burst,1,技能伤害,atk,pct,1,126.88,228.384,4.7,datamine
10000098,clorinde,elemental_burst,2,赋予生命之契,hp,pct,2,66,120,4.7,datamine
10000098,clorinde,elemental_burst,3,冷却时间,NA,sec,3,15,15,4.7,datamine
10000098,clorinde,elemental_burst,4,元素能量,NA,flat,4,60,60,4.7,datamine
10000098,clorinde,elemental_skill,1,驰猎伤害,atk;atk,pct;pct,1;2,26.7632;38.786,52.904;76.67,4.7,datamine
10000098,clorinde,elemental_skill,2,驰猎赋予生命之契,hp,pct,3,35,35,4.7,datamine
10000098,clorinde,elemental_skill,3,贯夜伤害,atk;atk;atk,pct;pct;pct,4;5;7,32.9724;43.9632;25.112,65.178;86.904;49.64,4.7,datamine
10000098,clorinde,elemental_skill,4,贯夜治疗量,NA;NA,pct;pct,6;8,104;110,104;110,4.7,datamine
10000098,clorinde,elemental_skill,5,生命之契转化,NA,pct,9,80,80,4.7,datamine
10000098,clorinde,elemental_skill,6,流涌之刃伤害,atk,pct,10,43.2,77.76,4.7,datamine
10000098,clorinde,elemental_skill,7,流涌之刃间隔,NA,sec,11,10,10,4.7,datamine
10000098,clorinde,elemental_skill,8,夜巡状态持续时间,NA,sec,12,7.5,7.5,4.7,datamine
10000098,clorinde,elemental_skill,9,冷却时间,NA,sec,13,16,16,4.7,datamine
10000098,clorinde,normal_attack,1,一段伤害,atk,pct,1,54.0596,106.862,4.7,datamine
10000098,clorinde,normal_attack,2,二段伤害,atk,pct,2,51.6284,102.0561,4.7,datamine
10000098,clorinde,normal_attack,3,三段伤害,atk;atk,pct;pct,3;4,34.185;34.185,67.575;67.575,4.7,datamine
10000098,clorinde,normal_attack,4,四段伤害,atk;atk;atk,pct;pct;pct,5;6;7,23.134;23.134;23.134,45.73;45.73;45.73,4.7,datamine
10000098,clorinde,normal_attack,5,五段伤害,atk,pct,10,90.0102,177.9271,4.7,datamine
10000098,clorinde,normal_attack,6,重击伤害,atk,pct,11,128.14,253.3,4.7,datamine
10000098,clorinde,normal_attack,7,重击体力消耗,NA,flat,12,20,20,4.7,datamine
10000098,clorinde,normal_attack,8,下坠期间伤害,atk,pct,13,63.9324,126.378,4.7,datamine
10000098,clorinde,normal_attack,9,低空/高空坠地冲击伤害,atk;atk,pct;pct,14;15,127.8377;159.6762,252.7025;315.639,4.7,datamine
10000099,emilie,elemental_burst,1,柔灯之匣·三阶攻击伤害,atk,pct,1,217.2,390.96,4.8,datamine
10000099,emilie,elemental_burst,2,柔灯之匣·三阶持续时间,NA,sec,2,2.8,2.8,4.8,datamine
10000099,emilie,elemental_burst,3,冷却时间,NA,sec,3,13.5,13.5,4.8,datamine
10000099,emilie,elemental_burst,4,元素能量,NA,flat,4,50,50,4.8,datamine
10000099,emilie,elemental_skill,1,技能伤害,atk,pct,1,47.08,84.744,4.8,datamine
10000099,emilie,elemental_skill,2,柔灯之匣·一阶攻击伤害,atk,pct,2,39.6,71.28,4.8,datamine
10000099,emilie,elemental_skill,3,柔灯之匣·二阶攻击伤害,atk,pct,3,84,151.2,4.8,datamine
10000099,emilie,elemental_skill,4,柔灯之匣持续时间,NA,sec,4,22,22,4.8,datamine
10000099,emilie,elemental_skill,5,灵息之刺伤害,atk,pct,5,38.52,69.336,4.8,datamine
10000099,emilie,elemental_skill,6,灵息之刺冷却间隔,NA,sec,6,10,10,4.8,datamine
10000099,emilie,elemental_skill,7,技能冷却时间,NA,sec,7,14,14,4.8,datamine
10000099,emilie,normal_attack,1,一段伤害,atk,pct,1,48.5608,95.9922,4.8,datamine
10000099,emilie,normal_attack,2,二段伤害,atk,pct,2,44.8954,88.7468,4.8,datamine
10000099,emilie,normal_attack,3,三段伤害,atk,pct,3,59.3004,117.2218,4.8,datamine
10000099,emilie,normal_attack,4,四段伤害,atk,pct,4,75.1029,148.4593,4.8,datamine
10000099,emilie,normal_attack,5,重击伤害,atk,pct,5,91.332,180.54,4.8,datamine
10000099,emilie,normal_attack,6,重击体力消耗,NA,flat,6,25,25,4.8,datamine
10000099,emilie,normal_attack,7,下坠期间伤害,atk,pct,7,63.9324,126.378,4.8,datamine
10000099,emilie,normal_attack,8,低空/高空坠地冲击伤害,atk;atk,pct;pct,8;9,127.8377;159.6762,252.7025;315.639,4.8,datamine
10000100,kachina,elemental_burst,1,技能伤害,def,pct,1,380.5672,692.64,5.0,datamine
10000100,kachina,elemental_burst,2,领域持续时间,NA,sec,2,12,12,5.0,datamine
10000100,kachina,elemental_burst,3,冷却时间,NA,sec,3,18,18,5.0,datamine
10000100,kachina,elemental_burst,4,元素能量,NA,flat,4,70,70,5.0,datamine
10000100,kachina,elemental_skill,1,冲天转转搭乘伤害,def,pct,1,87.76,157.968,5.0,datamine
10000100,kachina,elemental_skill,2,冲天转转独立伤害,def,pct,2,63.76,114.768,5.0,datamine
10000100,kachina,elemental_skill,3,夜魂值上限,NA,flat,3,60,60,5.0,datamine
10000100,kachina,elemental_skill,4,冷却时间,NA,sec,4,20,20,5.0,datamine
10000100,kachina,normal_attack,1,一段伤害,atk,pct,1,49.3984,97.648,5.0,datamine
10000100,kachina,normal_attack,2,二段伤害,atk;atk,pct;pct,2;3,27.569;30.6323,54.4969;60.5523,5.0,datamine
10000100,kachina,normal_attack,3,三段伤害,atk,pct,4,70.4271,139.2164,5.0,datamine
10000100,kachina,normal_attack,4,四段伤害,atk,pct,5,77.4361,153.0714,5.0,datamine
10000100,kachina,normal_attack,5,重击伤害,atk,pct,6,112.66,222.7,5.0,datamine
10000100,kachina,normal_attack,6,重击体力消耗,NA,flat,7,25,25,5.0,datamine
10000100,kachina,normal_attack,7,下坠期间伤害,atk,pct,8,63.9324,126.378,5.0,datamine
10000100,kachina,normal_attack,8,低空/高空坠地冲击伤害,atk;atk,pct;pct,9;10,127.8377;159.6762,252.7025;315.639,5.0,datamine
10000101,kinich,elemental_burst,1,技能伤害,atk,pct,1,134,241.2,5.0,datamine
10000101,kinich,elemental_burst,2,龙息伤害,atk,pct,2,120.736,217.3248,5.0,datamine
10000101,kinich,elemental_burst,3,持续时间,NA,sec,3,15,15,5.0,datamine
10000101,kinich,elemental_burst,4,冷却时间,NA,sec,4,18,18,5.0,datamine
10000101,kinich,elemental_burst,5,元素能量,NA,flat,5,70,70,5.0,datamine
10000101,kinich,elemental_skill,1,环绕射击伤害,atk,pct,1,57.28,103.104,5.0,datamine
10000101,kinich,elemental_skill,2,迴猎贯鳞炮伤害,atk,pct,2,687.44,1237.392,5.0,datamine
10000101,kinich,elemental_skill,3,夜魂值上限,NA,flat,4,20,20,5.0,datamine
10000101,kinich,elemental_skill,4,冷却时间,NA,sec,3,18,18,5.0,datamine
10000101,kinich,normal_attack,1,一段伤害,atk,pct,1,98.986,195.67,5.0,datamine
10000101,kinich,normal_attack,2,二段伤害,atk,pct,2,82.904,163.88,5.0,datamine
10000101,kinich,normal_attack,3,三段伤害,atk,pct,3,123.496,244.12,5.0,datamine
10000101,kinich,normal_attack,4,空中普通攻击伤害,atk,pct,9,167.7,331.5,5.0,datamine
10000101,kinich,normal_attack,5,重击伤害,atk,pct,4,48.418,95.71,5.0,datamine
10000101,kinich,normal_attack,6,重击体力消耗,NA,flat,5,50,50,5.0,datamine
10000101,kinich,normal_attack,7,下坠期间伤害,atk,pct,6,74.5878,147.441,5.0,datamine
10000101,kinich,normal_attack,8,低空/高空坠地冲击伤害,atk;atk,pct;pct,7;8,149.144;186.2889,294.8195;368.2455,5.0,datamine
10000102,mualani,elemental_burst,1,技能伤害,hp,pct,1,58.4392,105.1906,5.0,datamine
10000102,mualani,elemental_burst,2,冷却时间,NA,sec,2,15,15,5.0,datamine
10000102,mualani,elemental_burst,3,元素能量,NA,flat,3,60,60,5.0,datamine
10000102,mualani,elemental_skill,1,鲨鲨撕咬基础伤害,hp,pct,1,8.68,15.624,5.0,datamine
10000102,mualani,elemental_skill,2,浪势充能伤害提升,hp,pct,2,4.34,7.812,5.0,datamine
10000102,mualani,elemental_skill,3,巨浪鲨鲨撕咬伤害额外提升,hp,pct,3,21.7,39.06,5.0,datamine
10000102,mualani,elemental_skill,4,鲨鲨撕咬冷却时间,NA,sec,4,1.8,1.8,5.0,datamine
10000102,mualani,elemental_skill,5,夜魂值上限,NA,flat,5,60,60,5.0,datamine
10000102,mualani,elemental_skill,6,冷却时间,NA,sec,6,6,6,5.0,datamine
10000102,mualani,normal_attack,1,一段伤害,atk,pct,1,51.396,92.5128,5.0,datamine
10000102,mualani,normal_attack,2,二段伤害,atk,pct,2,44.6256,80.3261,5.0,datamine
10000102,mualani,normal_attack,3,三段伤害,atk,pct,3,70.0344,126.0619,5.0,datamine
10000102,mualani,normal_attack,4,重击伤害,atk,pct,4,142.88,257.184,5.0,datamine
10000102,mualani,normal_attack,5,重击体力消耗,NA,flat,5,50,50,5.0,datamine
10000102,mualani,normal_attack,6,下坠期间伤害,atk,pct,6,56.8288,112.336,5.0,datamine
10000102,mualani,normal_attack,7,低空/高空坠地冲击伤害,atk;atk,pct;pct,7;8,113.6335;141.9344,224.6244;280.568,5.0,datamine
10000103,xilonen,elemental_burst,1,技能伤害,def,pct,1,281.28,506.304,5.1,datamine
10000103,xilonen,elemental_burst,2,持续治疗量,def;def,pct;flat,2;3,104;500.7376,187.2;1101.7063,5.1,datamine
10000103,xilonen,elemental_burst,3,欢兴律动持续时间,NA,sec,4,12,12,5.1,datamine
10000103,xilonen,elemental_burst,4,追加节拍伤害,def,pct,5,281.28,506.304,5.1,datamine
10000103,xilonen,elemental_burst,5,冷却时间,NA,sec,6,15,15,5.1,datamine
10000103,xilonen,elemental_burst,6,元素能量,NA,flat,7,60,60,5.1,datamine
10000103,xilonen,elemental_skill,1,突进伤害,def,pct,1,179.2,322.56,5.1,datamine
10000103,xilonen,elemental_skill,2,元素抗性降低,NA,pct,2,9,36,5.1,datamine
10000103,xilonen,elemental_skill,3,源音采样激活时间,NA,sec,3,15,15,5.1,datamine
10000103,xilonen,elemental_skill,4,夜魂值时间限制,NA,sec,4,9,9,5.1,datamine
10000103,xilonen,elemental_skill,5,夜魂值上限,NA,flat,5,90,90,5.1,datamine
10000103,xilonen,elemental_skill,6,冷却时间,NA,sec,6,7,7,5.1,datamine
10000103,xilonen,normal_attack,1,一段伤害,atk,pct,1,51.7918,102.3791,5.1,datamine
10000103,xilonen,normal_attack,2,二段伤害,atk;atk,pct;pct,2;3,27.3738;27.3738,54.111;54.111,5.1,datamine
10000103,xilonen,normal_attack,3,三段伤害,atk,pct,4,72.9495,144.2025,5.1,datamine
10000103,xilonen,normal_attack,4,重击伤害,atk,pct,5,91.332,180.54,5.1,datamine
10000103,xilonen,normal_attack,5,重击体力消耗,NA,flat,6,20,20,5.1,datamine
10000103,xilonen,normal_attack,6,下坠期间伤害,def,pct,7,63.9324,126.378,5.1,datamine
10000103,xilonen,normal_attack,7,低空/高空坠地冲击伤害,def;def,pct;pct,8;9,127.8377;159.6762,252.7025;315.639,5.1,datamine
10000103,xilonen,normal_attack,8,刃轮巡猎一段伤害,def,pct,10,56.0221,110.7414,5.1,datamine
10000103,xilonen,normal_attack,9,刃轮巡猎二段伤害,def,pct,11,55.0477,108.8153,5.1,datamine
10000103,xilonen,normal_attack,10,刃轮巡猎三段伤害,def,pct,12,65.8158,130.101,5.1,datamine
10000103,xilonen,normal_attack,11,刃轮巡猎四段伤害,def,pct,13,86.0275,170.0544,5.1,datamine
10000104,chasca,elemental_burst,1,裂风索魂弹伤害,atk,pct,1,88,158.4,5.2,datamine
10000104,chasca,elemental_burst,2,索魂弹伤害,atk,pct,2,103.4,186.12,5.2,datamine
10000104,chasca,elemental_burst,3,溢光索魂弹伤害,atk,pct,3,206.8,372.24,5.2,datamine
10000104,chasca,elemental_burst,4,冷却时间,NA,sec,4,15,15,5.2,datamine
10000104,chasca,elemental_burst,5,元素能量,NA,flat,5,60,60,5.2,datamine
10000104,chasca,elemental_skill,1,共鸣伤害,atk,pct,1,60,108,5.2,datamine
10000104,chasca,elemental_skill,2,多重瞄准点按伤害,atk,pct,2,36,64.8,5.2,datamine
10000104,chasca,elemental_skill,3,追影弹伤害,atk,pct,3,48.8,87.84,5.2,datamine
10000104,chasca,elemental_skill,4,焕光追影弹伤害,atk,pct,4,166.572,299.8296,5.2,datamine
10000104,chasca,elemental_skill,5,夜魂值上限,NA,flat,5,80,80,5.2,datamine
10000104,chasca,elemental_skill,6,冷却时间,NA,sec,6,6.5,6.5,5.2,datamine
10000104,chasca,normal_attack,1,一段伤害,atk,pct,1,48.0078,94.8991,5.2,datamine
10000104,chasca,normal_attack,2,二段伤害,atk,pct,2,44.5884,88.1399,5.2,datamine
10000104,chasca,normal_attack,3,三段伤害,atk,pct,3,29.6975,58.7044,5.2,datamine
10000104,chasca,normal_attack,4,四段伤害,atk,pct,4,25.4672,50.3421,5.2,datamine
10000104,chasca,normal_attack,5,瞄准射击,NA,pct,5,43.86,86.7,5.2,datamine
10000104,chasca,normal_attack,6,满蓄力瞄准射击,NA,pct,6,124,223.2,5.2,datamine
10000104,chasca,normal_attack,7,下坠期间伤害,atk,pct,7,56.8288,112.336,5.2,datamine
10000104,chasca,normal_attack,8,低空/高空坠地冲击伤害,atk;atk,pct;pct,8;9,113.6335;141.9344,224.6244;280.568,5.2,datamine
10000105,ororon,elemental_burst,1,秘仪伤害,atk,pct,1,174.384,313.8912,5.2,datamine
10000105,ororon,elemental_burst,2,音波碰撞伤害,atk,pct,2,33.2,59.76,5.2,datamine
10000105,ororon,elemental_burst,3,持续时间,NA,sec,3,9,9,5.2,datamine
10000105,ororon,elemental_burst,4,冷却时间,NA,sec,4,15,15,5.2,datamine
10000105,ororon,elemental_burst,5,元素能量,NA,flat,5,60,60,5.2,datamine
10000105,ororon,elemental_skill,1,宿灵球伤害,atk,pct,1,197.6,355.68,5.2,datamine
10000105,ororon,elemental_skill,2,冷却时间,NA,sec,2,15,15,5.2,datamine
10000105,ororon,normal_attack,1,一段伤害,atk,pct,1,50.642,100.1062,5.2,datamine
10000105,ororon,normal_attack,2,二段伤害,atk,pct,2,44.3734,87.7149,5.2,datamine
10000105,ororon,normal_attack,3,三段伤害,atk,pct,3,69.8208,138.0179,5.2,datamine
10000105,ororon,normal_attack,4,瞄准射击,NA,pct,4,43.86,86.7,5.2,datamine
10000105,ororon,normal_attack,5,满蓄力瞄准射击,NA,pct,5,124,223.2,5.2,datamine
10000105,ororon,normal_attack,6,下坠期间伤害,atk,pct,6,56.8288,112.336,5.2,datamine
10000105,ororon,normal_attack,7,低空/高空坠地冲击伤害,atk;atk,pct;pct,7;8,113.6335;141.9344,224.6244;280.568,5.2,datamine
10000106,mavuika,elemental_burst,1,技能伤害,atk,pct,1,444.8,800.64,5.3,datamine
10000106,mavuika,elemental_burst,2,死生之炉持续时间,NA,sec,2,7,7,5.3,datamine
10000106,mavuika,elemental_burst,3,坠日斩伤害提升,atk,pct,3,1.6,2.88,5.3,datamine
10000106,mavuika,elemental_burst,4,驰轮车普通攻击伤害提升,atk,pct,4,0.258,0.51,5.3,datamine
10000106,mavuika,elemental_burst,5,驰轮车重击伤害提升,atk,pct,5,0.516,1.02,5.3,datamine
10000106,mavuika,elemental_burst,6,冷却时间,NA,sec,8,18,18,5.3,datamine
10000106,mavuika,elemental_burst,7,战意上限,NA,flat,9,200,200,5.3,datamine
10000106,mavuika,elemental_skill,1,技能伤害,atk,pct,1,74.4,133.92,5.3,datamine
10000106,mavuika,elemental_skill,2,焚曜之环伤害,atk,pct,2,128,230.4,5.3,datamine
10000106,mavuika,elemental_skill,3,焚曜之环攻击间隔,NA,sec,3,2,2,5.3,datamine
10000106,mavuika,elemental_skill,4,驰轮车普通攻击一段伤害,atk,pct,4,57.2648,113.1979,5.3,datamine
10000106,mavuika,elemental_skill,5,驰轮车普通攻击二段伤害,atk,pct,5,59.1327,116.8903,5.3,datamine
10000106,mavuika,elemental_skill,6,驰轮车普通攻击三段伤害,atk,pct,6,69.9868,138.346,5.3,datamine
10000106,mavuika,elemental_skill,7,驰轮车普通攻击四段伤害,atk,pct,7,69.7047,137.7884,5.3,datamine
10000106,mavuika,elemental_skill,8,驰轮车普通攻击五段伤害,atk,pct,8,91.0035,179.8906,5.3,datamine
10000106,mavuika,elemental_skill,9,驰轮车冲刺伤害,atk,pct,9,80.84,159.8,5.3,datamine
10000106,mavuika,elemental_skill,10,驰轮车重击循环伤害,atk,pct,10,98.9,195.5,5.3,datamine
10000106,mavuika,elemental_skill,11,驰轮车重击终结伤害,atk,pct,11,137.6,272,5.3,datamine
10000106,mavuika,elemental_skill,12,驰轮车坠地冲击伤害,atk,pct,12,159.96,316.2,5.3,datamine
10000106,mavuika,elemental_skill,13,夜魂值上限,NA,flat,13,80,80,5.3,datamine
10000106,mavuika,elemental_skill,14,冷却时间,NA,sec,14,15,15,5.3,datamine
10000106,mavuika,normal_attack,1,一段伤害,atk,pct,1,80.035,158.2088,5.3,datamine
10000106,mavuika,normal_attack,2,二段伤害,atk,pct,2,36.4799,72.1114,5.3,datamine
10000106,mavuika,normal_attack,3,三段伤害,atk,pct,3,33.2232,65.6738,5.3,datamine
10000106,mavuika,normal_attack,4,四段伤害,atk,pct,4,116.1929,229.6836,5.3,datamine
10000106,mavuika,normal_attack,5,重击伤害,atk,pct,5,193.844,383.18,5.3,datamine
10000106,mavuika,normal_attack,6,重击体力消耗,NA,flat,6,50,50,5.3,datamine
10000106,mavuika,normal_attack,7,下坠期间伤害,atk,pct,7,74.5878,147.441,5.3,datamine
10000106,mavuika,normal_attack,8,低空/高空坠地冲击伤害,atk;atk,pct;pct,8;9,149.144;186.2889,294.8195;368.2455,5.3,datamine
10000107,citlali,elemental_burst,1,冰风暴伤害,atk,pct,1,537.6,967.68,5.3,datamine
10000107,citlali,elemental_burst,2,冰风暴夜魂值获取,NA,flat,3,24,24,5.3,datamine
10000107,citlali,elemental_burst,3,宿灵之髑伤害,atk,pct,2,134.4,241.92,5.3,datamine
10000107,citlali,elemental_burst,4,宿灵之髑夜魂值获取,NA,flat,4,3,3,5.3,datamine
10000107,citlali,elemental_burst,5,冷却时间,NA,sec,5,15,15,5.3,datamine
10000107,citlali,elemental_burst,6,元素能量,NA,flat,6,60,60,5.3,datamine
10000107,citlali,elemental_skill,1,黑曜星魔伤害,atk,pct,1,72.96,131.328,5.3,datamine
10000107,citlali,elemental_skill,2,护盾吸收量,em;em,pct;flat,2;3,576;1386.6759,1036.8;3050.9182,5.3,datamine
10000107,citlali,elemental_skill,3,护盾持续时间,NA,sec,4,20,20,5.3,datamine
10000107,citlali,elemental_skill,4,伊兹帕帕持续时间,NA,sec,4,20,20,5.3,datamine
10000107,citlali,elemental_skill,5,伊兹帕帕·白燧夜魂值消耗,NA,sec,7,8,8,5.3,datamine
10000107,citlali,elemental_skill,6,霜陨风暴伤害,atk,pct,5,17.024,30.6432,5.3,datamine
10000107,citlali,elemental_skill,7,夜魂值上限,NA,flat,9,100,100,5.3,datamine
10000107,citlali,elemental_skill,8,冷却时间,NA,sec,8,16,16,5.3,datamine
10000107,citlali,normal_attack,1,一段伤害,atk,pct,1,43.4072,78.133,5.3,datamine
10000107,citlali,normal_attack,2,二段伤害,atk,pct,2,38.8136,69.8645,5.3,datamine
10000107,citlali,normal_attack,3,三段伤害,atk,pct,3,53.7712,96.7882,5.3,datamine
10000107,citlali,normal_attack,4,重击伤害,atk,pct,4,99.2,178.56,5.3,datamine
10000107,citlali,normal_attack,5,重击体力消耗,NA,flat,5,50,50,5.3,datamine
10000107,citlali,normal_attack,6,下坠期间伤害,atk,pct,6,56.8288,112.336,5.3,datamine
10000107,citlali,normal_attack,7,低空/高空坠地冲击伤害,atk;atk,pct;pct,7;8,113.6335;141.9344,224.6244;280.568,5.3,datamine
10000108,lan_yan,elemental_burst,1,技能伤害,atk,pct,1,241.064,433.9152,5.3,datamine
10000108,lan_yan,elemental_burst,2,冷却时间,NA,sec,2,15,15,5.3,datamine
10000108,lan_yan,elemental_burst,3,元素能量,NA,flat,3,60,60,5.3,datamine
10000108,lan_yan,elemental_skill,1,翦月环伤害,atk,pct,1,96.256,173.2608,5.3,datamine
10000108,lan_yan,elemental_skill,2,护盾吸收量,atk;atk,pct;flat,2;3,276.48;1155.5629,497.664;2542.4312,5.3,datamine
10000108,lan_yan,elemental_skill,3,护盾持续时间,NA,sec,4,12.5,12.5,5.3,datamine
10000108,lan_yan,elemental_skill,4,冷却时间,NA,sec,5,16,16,5.3,datamine
10000108,lan_yan,normal_attack,1,一段伤害,atk,pct,1,41.44,74.592,5.3,datamine
10000108,lan_yan,normal_attack,2,二段伤害,atk;atk,pct;pct,2;3,20.412;24.948,36.7416;44.9064,5.3,datamine
10000108,lan_yan,normal_attack,3,三段伤害,atk;atk,pct;pct,4;5,26.92;26.92,48.456;48.456,5.3,datamine
10000108,lan_yan,normal_attack,4,四段伤害,atk,pct,6,64.56,116.208,5.3,datamine
10000108,lan_yan,normal_attack,5,重击伤害,atk,pct,7,37.84,68.112,5.3,datamine
10000108,lan_yan,normal_attack,6,重击体力消耗,NA,flat,8,50,50,5.3,datamine
10000108,lan_yan,normal_attack,7,下坠期间伤害,atk,pct,9,56.8288,112.336,5.3,datamine
10000108,lan_yan,normal_attack,8,低空/高空坠地冲击伤害,atk;atk,pct;pct,10;11,113.6335;141.9344,224.6244;280.568,5.3,datamine
10000109,yumemizuki_mizuki,elemental_burst,1,技能伤害,atk,pct,1,94.08,169.344,5.4,datamine
10000109,yumemizuki_mizuki,elemental_burst,2,梦念冲击波伤害,atk,pct,2,70.56,127.008,5.4,datamine
10000109,yumemizuki_mizuki,elemental_burst,3,拾取点心回复生命值,em;em,pct;flat,3;7,130.56;314.57,235.008;692.1065,5.4,datamine
10000109,yumemizuki_mizuki,elemental_burst,4,持续时间,NA,sec,6,12,12,5.4,datamine
10000109,yumemizuki_mizuki,elemental_burst,5,冷却时间,NA,sec,4,15,15,5.4,datamine
10000109,yumemizuki_mizuki,elemental_burst,6,元素能量,NA,flat,5,60,60,5.4,datamine
10000109,yumemizuki_mizuki,elemental_skill,1,技能伤害,atk,pct,4,57.744,103.9392,5.4,datamine
10000109,yumemizuki_mizuki,elemental_skill,2,持续攻击伤害,NA,pct,1,44.912,80.8416,5.4,datamine
10000109,yumemizuki_mizuki,elemental_skill,3,梦浮持续时间,NA,sec,5,5,5,5.4,datamine
10000109,yumemizuki_mizuki,elemental_skill,4,每100点精通提升扩散伤害百分比,atk,pct,2,18,45,5.4,datamine
10000109,yumemizuki_mizuki,elemental_skill,5,每100点精通提升星扩散伤害百分比,atk,pct,6,1.8,4.5,5.4,datamine
10000109,yumemizuki_mizuki,elemental_skill,6,冷却时间,NA,sec,3,15,15,5.4,datamine
10000109,yumemizuki_mizuki,normal_attack,1,一段伤害,atk,pct,1,52.2768,94.0982,5.4,datamine
10000109,yumemizuki_mizuki,normal_attack,2,二段伤害,atk,pct,2,46.9144,84.4459,5.4,datamine
10000109,yumemizuki_mizuki,normal_attack,3,三段伤害,atk,pct,3,71.3688,128.4638,5.4,datamine
10000109,yumemizuki_mizuki,normal_attack,4,重击伤害,atk,pct,4,130,234,5.4,datamine
10000109,yumemizuki_mizuki,normal_attack,5,重击体力消耗,NA,flat,5,50,50,5.4,datamine
10000109,yumemizuki_mizuki,normal_attack,6,下坠期间伤害,atk,pct,6,56.8288,112.336,5.4,datamine
10000109,yumemizuki_mizuki,normal_attack,7,低空/高空坠地冲击伤害,atk;atk,pct;pct,7;8,113.6335;141.9344,224.6244;280.568,5.4,datamine
10000110,iansan,elemental_burst,1,技能伤害,atk,pct,1,430.4,774.72,5.5,datamine
10000110,iansan,elemental_burst,2,高夜魂值攻击力转化率,atk,pct,2,27,27,5.5,datamine
10000110,iansan,elemental_burst,3,低夜魂值攻击力转化率,atk,pct,3,0.5,0.5,5.5,datamine
10000110,iansan,elemental_burst,4,最大攻击力加成,NA,flat,4,330,690,5.5,datamine
10000110,iansan,elemental_burst,5,持续时间,NA,sec,6,12,12,5.5,datamine
10000110,iansan,elemental_burst,6,非战斗状态持续时间,NA,sec,5,1,1,5.5,datamine
10000110,iansan,elemental_burst,7,冷却时间,NA,sec,7,18,18,5.5,datamine
10000110,iansan,elemental_burst,8,元素能量,NA,flat,8,70,70,5.5,datamine
10000110,iansan,elemental_skill,1,技能伤害,atk,pct,1,286.4,515.52,5.5,datamine
10000110,iansan,elemental_skill,2,夜魂值上限,NA,flat,2,54,54,5.5,datamine
10000110,iansan,elemental_skill,3,冷却时间,NA,sec,3,16,16,5.5,datamine
10000110,iansan,normal_attack,1,一段伤害,atk,pct,1,46.9758,92.8591,5.5,datamine
10000110,iansan,normal_attack,2,二段伤害,atk,pct,2,42.7644,84.5342,5.5,datamine
10000110,iansan,normal_attack,3,三段伤害,atk,pct,3,64.3882,127.279,5.5,datamine
10000110,iansan,normal_attack,4,重击伤害,atk,pct,4,100.276,198.22,5.5,datamine
10000110,iansan,normal_attack,5,雷霆飞缒伤害,atk,pct,5,84.194,166.43,5.5,datamine
10000110,iansan,normal_attack,6,重击与雷霆飞缒体力消耗,NA,flat,6,25,25,5.5,datamine
10000110,iansan,normal_attack,7,下坠期间伤害,atk,pct,7,63.9324,126.378,5.5,datamine
10000110,iansan,normal_attack,8,低空/高空坠地冲击伤害,atk;atk,pct;pct,8;9,127.8377;159.6762,252.7025;315.639,5.5,datamine
10000111,varesa,elemental_burst,1,飞踢伤害,atk,pct,1,345.12,621.216,5.5,datamine
10000111,varesa,elemental_burst,2,炽热激情状态飞踢伤害,atk,pct,2,575.2,1035.36,5.5,datamine
10000111,varesa,elemental_burst,3,冷却时间,NA,sec,3,18,18,5.5,datamine
10000111,varesa,elemental_burst,4,元素能量,NA,flat,4,70,70,5.5,datamine
10000111,varesa,elemental_burst,5,「大火山崩落」伤害,atk,pct,5,402.64,724.752,5.5,datamine
10000111,varesa,elemental_burst,6,「大火山崩落」元素能量,NA,flat,6,30,30,5.5,datamine
10000111,varesa,elemental_skill,1,突进伤害,atk,pct,1,74.48,134.064,5.5,datamine
10000111,varesa,elemental_skill,2,炽热激情状态突进伤害,atk,pct,2,106.4,191.52,5.5,datamine
10000111,varesa,elemental_skill,3,逐击持续时间,NA,sec,3,5,5,5.5,datamine
10000111,varesa,elemental_skill,4,夜魂值上限,NA,flat,4,40,40,5.5,datamine
10000111,varesa,elemental_skill,5,冷却时间,NA,sec,5,9,9,5.5,datamine
10000111,varesa,normal_attack,1,一段伤害,atk,pct,1,46.7784,84.2011,5.5,datamine
10000111,varesa,normal_attack,2,二段伤害,atk,pct,2,40.028,72.0504,5.5,datamine
10000111,varesa,normal_attack,3,三段伤害,atk,pct,3,56.3128,101.363,5.5,datamine
10000111,varesa,normal_attack,4,重击伤害,atk,pct,4,89.28,160.704,5.5,datamine
10000111,varesa,normal_attack,5,重击体力消耗,NA,flat,5,50,50,5.5,datamine
10000111,varesa,normal_attack,6,下坠期间伤害,atk,pct,6,74.5878,147.441,5.5,datamine
10000111,varesa,normal_attack,7,低空/高空坠地冲击伤害,atk;atk,pct;pct,7;8,149.144;186.2889,294.8195;368.2455,5.5,datamine
10000111,varesa,normal_attack,8,炽热激情状态一段伤害,atk,pct,9,54.4072,97.933,5.5,datamine
10000111,varesa,normal_attack,9,炽热激情状态二段伤害,atk,pct,10,52.0288,93.6518,5.5,datamine
10000111,varesa,normal_attack,10,炽热激情状态三段伤害,atk,pct,11,73.5864,132.4555,5.5,datamine
10000111,varesa,normal_attack,11,炽热激情状态重击伤害,atk,pct,12,92.64,166.752,5.5,datamine
10000111,varesa,normal_attack,12,炽热激情状态重击体力消耗,NA,flat,13,50,50,5.5,datamine
10000111,varesa,normal_attack,13,炽热激情状态下坠期间伤害,atk,pct,14,74.5878,147.441,5.5,datamine
10000111,varesa,normal_attack,14,炽热激情状态低空/高空坠地冲击伤害,atk;atk,pct;pct,15;16,223.716;279.4334,442.2293;552.3683,5.5,datamine
10000112,escoffier,elemental_burst,1,技能伤害,atk,pct,1,592.8,1067.04,5.6,datamine
10000112,escoffier,elemental_burst,2,治疗量,atk;atk,pct;flat,2;3,172.032;1078.5255,309.6576;2372.936,5.6,datamine
10000112,escoffier,elemental_burst,3,冷却时间,NA,sec,4,15,15,5.6,datamine
10000112,escoffier,elemental_burst,4,元素能量,NA,flat,5,60,60,5.6,datamine
10000112,escoffier,elemental_skill,1,技能伤害,atk,pct,1,50.4,90.72,5.6,datamine
10000112,escoffier,elemental_skill,2,冻霜芭菲伤害,atk,pct,2,120,216,5.6,datamine
10000112,escoffier,elemental_skill,3,低温冷藏模式持续时间,NA,sec,3,20,20,5.6,datamine
10000112,escoffier,elemental_skill,4,流涌之刃伤害,atk,pct,4,33.6,60.48,5.6,datamine
10000112,escoffier,elemental_skill,5,流涌之刃冷却间隔,NA,sec,5,10,10,5.6,datamine
10000112,escoffier,elemental_skill,6,点按冷却时间,NA,sec,6,15,15,5.6,datamine
10000112,escoffier,elemental_skill,7,长按冷却时间,NA,sec,7,6,6,5.6,datamine
10000112,escoffier,normal_attack,1,一段伤害,atk,pct,1,51.551,101.9031,5.6,datamine
10000112,escoffier,normal_attack,2,二段伤害,atk,pct,2,47.5933,94.0797,5.6,datamine
10000112,escoffier,normal_attack,3,三段伤害,atk;atk,pct;pct,3;4,32.9995;40.3327,65.2316;79.7274,5.6,datamine
10000112,escoffier,normal_attack,4,重击伤害,atk,pct,5,115.412,228.14,5.6,datamine
10000112,escoffier,normal_attack,5,重击体力消耗,NA,flat,6,25,25,5.6,datamine
10000112,escoffier,normal_attack,6,下坠期间伤害,atk,pct,7,63.9324,126.378,5.6,datamine
10000112,escoffier,normal_attack,7,低空/高空坠地冲击伤害,atk;atk,pct;pct,8;9,127.8377;159.6762,252.7025;315.639,5.6,datamine
10000113,ifa,elemental_burst,1,技能伤害,atk,pct,1,508.48,915.264,5.6,datamine
10000113,ifa,elemental_burst,2,镇静标记伤害,atk,pct,2,108.96,196.128,5.6,datamine
10000113,ifa,elemental_burst,3,冷却时间,NA,sec,3,15,15,5.6,datamine
10000113,ifa,elemental_burst,4,元素能量,NA,flat,4,60,60,5.6,datamine
10000113,ifa,elemental_skill,1,秘药弹伤害,atk,pct,1,133.36,240.048,5.6,datamine
10000113,ifa,elemental_skill,2,秘药弹命中治疗量,em;em,pct;flat,2;3,20.16;48.1485,36.288;105.9347,5.6,datamine
10000113,ifa,elemental_skill,3,夜魂值上限,NA,flat,4,80,80,5.6,datamine
10000113,ifa,elemental_skill,4,冷却时间,NA,sec,5,7.5,7.5,5.6,datamine
10000113,ifa,normal_attack,1,一段伤害,atk,pct,1,53.6072,96.493,5.6,datamine
10000113,ifa,normal_attack,2,二段伤害,atk,pct,2,47.4672,85.441,5.6,datamine
10000113,ifa,normal_attack,3,三段伤害,atk,pct,3,74.7584,134.5651,5.6,datamine
10000113,ifa,normal_attack,4,重击伤害,atk,pct,4,147.04,264.672,5.6,datamine
10000113,ifa,normal_attack,5,重击体力消耗,NA,flat,5,50,50,5.6,datamine
10000113,ifa,normal_attack,6,下坠期间伤害,atk,pct,6,56.8288,112.336,5.6,datamine
10000113,ifa,normal_attack,7,低空/高空坠地冲击伤害,atk;atk,pct;pct,7;8,113.6335;141.9344,224.6244;280.568,5.6,datamine
10000114,skirk,elemental_burst,1,斩击伤害,atk,pct,1,122.76,220.968,5.7,datamine
10000114,skirk,elemental_burst,2,斩击最终段伤害,atk,pct,2,204.6,368.28,5.7,datamine
10000114,skirk,elemental_burst,3,蛇之狡谋加成,atk,pct,3,19.3233,34.782,5.7,datamine
10000114,skirk,elemental_burst,4,汲取0/1/2/3枚虚境裂隙伤害提升,atk;atk;atk;atk,pct;pct;pct;pct,4;5;6;7,3.5;6.6;8.8;11,8;12;16;20,5.7,datamine
10000114,skirk,elemental_burst,5,冷却时间,NA,sec,8,15,15,5.7,datamine
10000114,skirk,elemental_skill,1,一段伤害,atk,pct,1,132.8244,262.5599,5.7,datamine
10000114,skirk,elemental_skill,2,二段伤害,atk,pct,2,119.7997,236.8134,5.7,datamine
10000114,skirk,elemental_skill,3,三段伤害,atk;atk,pct;pct,3;4,75.723;75.723,149.685;149.685,5.7,datamine
10000114,skirk,elemental_skill,4,四段伤害,atk;atk,pct;pct,5;6,80.539;80.539,159.205;159.205,5.7,datamine
10000114,skirk,elemental_skill,5,五段伤害,atk,pct,7,196.6244,388.6761,5.7,datamine
10000114,skirk,elemental_skill,6,重击伤害,atk,pct,8,44.548,88.06,5.7,datamine
10000114,skirk,elemental_skill,7,重击体力消耗,NA,flat,9,20,20,5.7,datamine
10000114,skirk,elemental_skill,8,下坠期间伤害,atk,pct,10,63.9324,126.378,5.7,datamine
10000114,skirk,elemental_skill,9,低空/高空坠地冲击伤害,atk;atk,pct;pct,11;12,127.8377;159.6762,252.7025;315.639,5.7,datamine
10000114,skirk,elemental_skill,10,七相一闪模式持续时间,NA,sec,13,12.5,12.5,5.7,datamine
10000114,skirk,elemental_skill,11,蛇之狡谋上限,NA,flat,14,100,100,5.7,datamine
10000114,skirk,elemental_skill,12,冷却时间,NA,sec,15,8,8,5.7,datamine
10000114,skirk,normal_attack,1,一段伤害,atk,pct,1,54.524,107.78,5.7,datamine
10000114,skirk,normal_attack,2,二段伤害,atk,pct,2,49.794,98.43,5.7,datamine
10000114,skirk,normal_attack,3,三段伤害,atk;atk,pct;pct,3;4,32.422;32.422,64.09;64.09,5.7,datamine
10000114,skirk,normal_attack,4,四段伤害,atk,pct,5,60.802,120.19,5.7,datamine
10000114,skirk,normal_attack,5,五段伤害,atk,pct,6,82.904,163.88,5.7,datamine
10000114,skirk,normal_attack,6,重击伤害,atk,pct,7,66.822,132.09,5.7,datamine
10000114,skirk,normal_attack,7,重击体力消耗,NA,flat,8,20,20,5.7,datamine
10000114,skirk,normal_attack,8,下坠期间伤害,atk,pct,9,63.9324,126.378,5.7,datamine
10000114,skirk,normal_attack,9,低空/高空坠地冲击伤害,atk;atk,pct;pct,10;11,127.8377;159.6762,252.7025;315.639,5.7,datamine
10000115,dahlia,elemental_burst,1,技能伤害,atk,pct,1,406.4,731.52,5.7,datamine
10000115,dahlia,elemental_burst,2,圣眷护盾吸收量,hp;hp,pct;flat,3;2,3.36;323.5577,6.048;711.8809,5.7,datamine
10000115,dahlia,elemental_burst,3,西风之眷持续时间,NA,sec,4,12,12,5.7,datamine
10000115,dahlia,elemental_burst,4,元素能量,NA,flat,5,60,60,5.7,datamine
10000115,dahlia,elemental_burst,5,冷却时间,NA,sec,6,15,15,5.7,datamine
10000115,dahlia,elemental_skill,1,技能伤害,atk,pct,1,232.8,419.04,5.7,datamine
10000115,dahlia,elemental_skill,2,技能冷却时间,NA,sec,2,9,9,5.7,datamine
10000115,dahlia,normal_attack,1,一段伤害,atk,pct,1,43.547,86.0812,5.7,datamine
10000115,dahlia,normal_attack,2,二段伤害,atk,pct,2,40.1001,79.2676,5.7,datamine
10000115,dahlia,normal_attack,3,三段伤害,atk;atk,pct;pct,3;4,23.7446;29.0164,46.937;57.358,5.7,datamine
10000115,dahlia,normal_attack,4,四段伤害,atk,pct,5,65.6576,129.7882,5.7,datamine
10000115,dahlia,normal_attack,5,重击伤害,atk;atk,pct;pct,6;7,39.8765;55.0675,78.8256;108.8544,5.7,datamine
10000115,dahlia,normal_attack,6,重击体力消耗,NA,flat,8,20,20,5.7,datamine
10000115,dahlia,normal_attack,7,下坠期间伤害,atk,pct,9,63.9324,126.378,5.7,datamine
10000115,dahlia,normal_attack,8,低空/高空坠地冲击伤害,atk;atk,pct;pct,10;11,127.8377;159.6762,252.7025;315.639,5.7,datamine
10000116,ineffa,elemental_burst,1,技能伤害,atk,pct,1,676.8,1218.24,5.8,datamine
10000116,ineffa,elemental_burst,2,冷却时间,NA,sec,2,15,15,5.8,datamine
10000116,ineffa,elemental_burst,3,元素能量,NA,flat,3,60,60,5.8,datamine
10000116,ineffa,elemental_skill,1,技能伤害,atk,pct,1,86.4,155.52,5.8,datamine
10000116,ineffa,elemental_skill,2,护盾吸收量,atk;atk,pct;flat,2;3,221.184;1386.6759,398.1312;3050.9182,5.8,datamine
10000116,ineffa,elemental_skill,3,护盾持续时间,NA,sec,6,20,20,5.8,datamine
10000116,ineffa,elemental_skill,4,薇尔琪塔放电伤害,atk,pct,4,96,172.8,5.8,datamine
10000116,ineffa,elemental_skill,5,薇尔琪塔持续时间,NA,sec,5,20,20,5.8,datamine
10000116,ineffa,elemental_skill,6,冷却时间,NA,sec,7,16,16,5.8,datamine
10000116,ineffa,normal_attack,1,一段伤害,atk,pct,1,34.8352,68.8602,5.8,datamine
10000116,ineffa,normal_attack,2,二段伤害,atk,pct,2,34.2211,67.6464,5.8,datamine
10000116,ineffa,normal_attack,3,三段伤害,atk;atk,pct;pct,3;4,22.7556;22.7556,44.982;44.982,5.8,datamine
10000116,ineffa,normal_attack,4,四段伤害,atk,pct,5,56.0677,110.8315,5.8,datamine
10000116,ineffa,normal_attack,5,重击伤害,atk,pct,6,94.944,187.68,5.8,datamine
10000116,ineffa,normal_attack,6,重击体力消耗,NA,flat,7,25,25,5.8,datamine
10000116,ineffa,normal_attack,7,下坠期间伤害,atk,pct,8,63.9324,126.378,5.8,datamine
10000116,ineffa,normal_attack,8,低空/高空坠地冲击伤害,atk;atk,pct;pct,9;10,127.8377;159.6762,252.7025;315.639,5.8,datamine
10000119,lauma,elemental_burst,1,施放元素爆发时获得苍色祷歌,NA,flat,1,18,18,6.0,datamine
10000119,lauma,elemental_burst,2,月咏转化为苍色祷歌,NA,flat,2,6,6,6.0,datamine
10000119,lauma,elemental_burst,3,绽放、超绽放、烈绽放反应伤害提升,em,pct,3,277.76,499.968,6.0,datamine
10000119,lauma,elemental_burst,4,月绽放反应伤害提升,em,pct,4,222.24,400.032,6.0,datamine
10000119,lauma,elemental_burst,5,苍色祷歌持续时间,NA,sec,5,15,15,6.0,datamine
10000119,lauma,elemental_burst,6,冷却时间,NA,sec,6,15,15,6.0,datamine
10000119,lauma,elemental_burst,7,元素能量,NA,flat,7,60,60,6.0,datamine
10000119,lauma,elemental_skill,1,点按伤害,atk,pct,1,121.6,218.88,6.0,datamine
10000119,lauma,elemental_skill,2,长按一段伤害,atk,pct,2,158.08,284.544,6.0,datamine
10000119,lauma,elemental_skill,3,长按二段伤害,em,pct,3,152,273.6,6.0,datamine
10000119,lauma,elemental_skill,4,霜林圣域攻击伤害,atk;em,pct;pct,4;5,96;192,172.8;345.6,6.0,datamine
10000119,lauma,elemental_skill,5,霜林圣域持续时间,NA,sec,6,15,15,6.0,datamine
10000119,lauma,elemental_skill,6,月咏持续时间,NA,sec,7,15,15,6.0,datamine
10000119,lauma,elemental_skill,7,元素抗性降低,NA,pct,8,2.5,25,6.0,datamine
10000119,lauma,elemental_skill,8,元素抗性降低持续时间,NA,sec,9,10,10,6.0,datamine
10000119,lauma,elemental_skill,9,冷却时间,NA,sec,10,12,12,6.0,datamine
10000119,lauma,normal_attack,1,一段伤害,atk,pct,1,33.7024,60.6643,6.0,datamine
10000119,lauma,normal_attack,2,二段伤害,atk,pct,2,31.8048,57.2486,6.0,datamine
10000119,lauma,normal_attack,3,三段伤害,atk,pct,3,44.4968,80.0942,6.0,datamine
10000119,lauma,normal_attack,4,灵使形态移动体力消耗,NA,sec,4,25,25,6.0,datamine
10000119,lauma,normal_attack,5,灵使形态跳跃体力消耗,NA,flat,5,10,10,6.0,datamine
10000119,lauma,normal_attack,6,灵使形态最大持续时间,NA,sec,6,10,10,6.0,datamine
10000119,lauma,normal_attack,7,灵使化形冷却时间,NA,sec,7,4,4,6.0,datamine
10000119,lauma,normal_attack,8,唤灵之祷体力消耗,NA,flat,8,50,50,6.0,datamine
10000119,lauma,normal_attack,9,唤灵之祷伤害,atk,pct,9,129.04,232.272,6.0,datamine
10000119,lauma,normal_attack,10,下坠期间伤害,atk,pct,10,56.8288,112.336,6.0,datamine
10000119,lauma,normal_attack,11,低空/高空坠地冲击伤害,atk;atk,pct;pct,11;12,113.6335;141.9344,224.6244;280.568,6.0,datamine
10000120,flins,elemental_burst,1,技能初始伤害,atk,pct,1,259.84,467.712,6.0,datamine
10000120,flins,elemental_burst,2,中间段月感电伤害,atk,pct,2,16.24,29.232,6.0,datamine
10000120,flins,elemental_burst,3,最终段月感电伤害,atk,pct,3,116.928,210.4704,6.0,datamine
10000120,flins,elemental_burst,4,元素能量,NA,flat,4,80,80,6.0,datamine
10000120,flins,elemental_burst,5,冷却时间,NA,sec,5,20,20,6.0,datamine
10000120,flins,elemental_burst,6,雷霆交响伤害,atk,pct,6,71.456,128.6208,6.0,datamine
10000120,flins,elemental_burst,7,雷霆交响额外伤害,atk,pct,7,103.936,187.0848,6.0,datamine
10000120,flins,elemental_burst,8,雷霆交响元素能量,NA,flat,8,30,30,6.0,datamine
10000120,flins,elemental_skill,1,一段伤害,atk,pct,1,58.248,104.8464,6.0,datamine
10000120,flins,elemental_skill,2,二段伤害,atk,pct,2,58.7976,105.8357,6.0,datamine
10000120,flins,elemental_skill,3,三段伤害,atk,pct,3,72.8256,131.0861,6.0,datamine
10000120,flins,elemental_skill,4,四段伤害,atk,pct,4,41.7252,75.1054,6.0,datamine
10000120,flins,elemental_skill,5,五段伤害,atk,pct,5,100.0112,180.0202,6.0,datamine
10000120,flins,elemental_skill,6,重击伤害,atk,pct,6,114.96,206.928,6.0,datamine
10000120,flins,elemental_skill,7,北国枪阵伤害,atk,pct,7,178.4,321.12,6.0,datamine
10000120,flins,elemental_skill,8,北国枪阵冷却时间,NA,sec,8,6,6,6.0,datamine
10000120,flins,elemental_skill,9,幽焰显迹持续时间,NA,sec,9,10,10,6.0,datamine
10000120,flins,elemental_skill,10,技能冷却时间,NA,sec,10,16,16,6.0,datamine
10000120,flins,normal_attack,1,一段伤害,atk,pct,1,44.726,88.4119,6.0,datamine
10000120,flins,normal_attack,2,二段伤害,atk,pct,2,45.1483,89.2466,6.0,datamine
10000120,flins,normal_attack,3,三段伤害,atk,pct,3,55.9198,110.5391,6.0,datamine
10000120,flins,normal_attack,4,四段伤害,atk,pct,4,32.0389,63.3327,6.0,datamine
10000120,flins,normal_attack,5,五段伤害,atk,pct,5,76.7946,151.8032,6.0,datamine
10000120,flins,normal_attack,6,重击伤害,atk,pct,6,103.028,203.66,6.0,datamine
10000120,flins,normal_attack,7,重击体力消耗,NA,flat,7,25,25,6.0,datamine
10000120,flins,normal_attack,8,下坠期间伤害,atk,pct,8,63.9324,126.378,6.0,datamine
10000120,flins,normal_attack,9,低空/高空坠地冲击伤害,atk;atk,pct;pct,9;10,127.8377;159.6762,252.7025;315.639,6.0,datamine
10000121,aino,elemental_burst,1,水弹伤害,atk,pct,1,20.112,36.2016,6.0,datamine
10000121,aino,elemental_burst,2,持续时间,NA,sec,2,14,14,6.0,datamine
10000121,aino,elemental_burst,3,冷却时间,NA,sec,3,13.5,13.5,6.0,datamine
10000121,aino,elemental_burst,4,元素能量,NA,flat,4,50,50,6.0,datamine
10000121,aino,elemental_skill,1,一段伤害,atk,pct,1,65.6,118.08,6.0,datamine
10000121,aino,elemental_skill,2,二段伤害,atk,pct,2,188.8,339.84,6.0,datamine
10000121,aino,elemental_skill,3,冷却时间,NA,sec,3,10,10,6.0,datamine
10000121,aino,normal_attack,1,一段伤害,atk,pct,1,66.4986,131.4508,6.0,datamine
10000121,aino,normal_attack,2,二段伤害,atk,pct,2,66.1916,130.8439,6.0,datamine
10000121,aino,normal_attack,3,三段伤害,atk,pct,3,49.2165,97.2885,6.0,datamine
10000121,aino,normal_attack,4,重击循环伤害,atk,pct,4,62.522,123.59,6.0,datamine
10000121,aino,normal_attack,5,重击终结伤害,atk,pct,5,113.09,223.55,6.0,datamine
10000121,aino,normal_attack,6,重击体力消耗,NA,sec,6,40,40,6.0,datamine
10000121,aino,normal_attack,7,最大持续时间,NA,sec,7,5,5,6.0,datamine
10000121,aino,normal_attack,8,下坠期间伤害,atk,pct,8,74.5878,147.441,6.0,datamine
10000121,aino,normal_attack,9,低空/高空坠地冲击伤害,atk;atk,pct;pct,9;10,149.144;186.2889,294.8195;368.2455,6.0,datamine
10000122,nefer,elemental_burst,1,一段伤害,atk;em,pct;pct,1;2,224.64;449.28,404.352;808.704,6.1,datamine
10000122,nefer,elemental_burst,2,二段伤害,atk;em,pct;pct,3;4,336.96;673.92,606.528;1213.056,6.1,datamine
10000122,nefer,elemental_burst,3,伤害提升,atk,pct,5,13,40,6.1,datamine
10000122,nefer,elemental_burst,4,冷却时间,NA,sec,6,15,15,6.1,datamine
10000122,nefer,elemental_burst,5,元素能量,NA,flat,7,60,60,6.1,datamine
10000122,nefer,elemental_skill,1,技能伤害,atk;em,pct;pct,1;2,76.384;152.768,137.4912;274.9824,6.1,datamine
10000122,nefer,elemental_skill,2,幻戏自身一段伤害,atk;em,pct;pct,5;6,24.64;49.28,44.352;88.704,6.1,datamine
10000122,nefer,elemental_skill,3,幻戏自身二段伤害,atk;em,pct;pct,7;8,32.032;64.064,57.6576;115.3152,6.1,datamine
10000122,nefer,elemental_skill,4,幻戏虚影一段,em,pct,9,96,172.8,6.1,datamine
10000122,nefer,elemental_skill,5,幻戏虚影二段,em,pct,10,96,172.8,6.1,datamine
10000122,nefer,elemental_skill,6,幻戏虚影三段,em,pct,11,128,230.4,6.1,datamine
10000122,nefer,elemental_skill,7,幻戏可用次数,NA,flat,3,3,3,6.1,datamine
10000122,nefer,elemental_skill,8,影舞持续时间,NA,sec,4,9,9,6.1,datamine
10000122,nefer,elemental_skill,9,冷却时间,NA,sec,12,9,9,6.1,datamine
10000122,nefer,normal_attack,1,一段伤害,atk,pct,1,38.0712,68.5282,6.1,datamine
10000122,nefer,normal_attack,2,二段伤害,atk,pct,2,37.564,67.6152,6.1,datamine
10000122,nefer,normal_attack,3,三段伤害,atk,pct,3,25.24,45.432,6.1,datamine
10000122,nefer,normal_attack,4,四段伤害,atk,pct,4,60.9944,109.7899,6.1,datamine
10000122,nefer,normal_attack,5,重击伤害,atk,pct,5,130.88,235.584,6.1,datamine
10000122,nefer,normal_attack,6,重击蓄力持续体力消耗,NA,sec,6,18.15,18.15,6.1,datamine
10000122,nefer,normal_attack,7,重击体力消耗,NA,flat,7,50,50,6.1,datamine
10000122,nefer,normal_attack,8,影舞状态下重击体力消耗,NA,flat,11,25,25,6.1,datamine
10000122,nefer,normal_attack,9,下坠期间伤害,atk,pct,8,56.8288,112.336,6.1,datamine
10000122,nefer,normal_attack,10,低空/高空坠地冲击伤害,atk;atk,pct;pct,9;10,113.6335;141.9344,224.6244;280.568,6.1,datamine
10000123,durin,elemental_burst,1,白化法·如光流变伤害,atk;atk;atk,pct;pct;pct,1;2;3,118.96;96.4;111.84,214.128;173.52;201.312,6.2,datamine
10000123,durin,elemental_burst,2,黑度法·如星阴燃伤害,atk;atk;atk,pct;pct;pct,4;5;6,125.44;101.76;111.84,225.792;183.168;201.312,6.2,datamine
10000123,durin,elemental_burst,3,白焰之龙伤害,atk,pct,7,94.64,170.352,6.2,datamine
10000123,durin,elemental_burst,4,黑蚀之龙伤害,atk,pct,8,129.84,233.712,6.2,datamine
10000123,durin,elemental_burst,5,白焰之龙持续时间,NA,sec,9,20,20,6.2,datamine
10000123,durin,elemental_burst,6,黑蚀之龙持续时间,NA,sec,10,20,20,6.2,datamine
10000123,durin,elemental_burst,7,冷却时间,NA,sec,11,18,18,6.2,datamine
10000123,durin,elemental_burst,8,元素能量,NA,flat,12,70,70,6.2,datamine
10000123,durin,elemental_skill,1,转变·白化之是伤害,atk,pct,1,105.6,190.08,6.2,datamine
10000123,durin,elemental_skill,2,转变·黑度之否伤害,atk;atk;atk,pct;pct;pct,2;3;4,72.24;53.2;64.64,130.032;95.76;116.352,6.2,datamine
10000123,durin,elemental_skill,3,元素能量恢复,NA,flat,5,6,33,6.2,datamine
10000123,durin,elemental_skill,4,冷却时间,NA,sec,6,12,12,6.2,datamine
10000123,durin,normal_attack,1,一段伤害,atk,pct,1,45.6505,90.2394,6.2,datamine
10000123,durin,normal_attack,2,二段伤害,atk,pct,2,41.0048,81.056,6.2,datamine
10000123,durin,normal_attack,3,三段伤害,atk;atk,pct;pct,3;4,29.1617;29.1617,57.6453;57.6453,6.2,datamine
10000123,durin,normal_attack,4,四段伤害,atk,pct,5,71.1521,140.6495,6.2,datamine
10000123,durin,normal_attack,5,重击伤害,atk,pct,6,113.434,224.23,6.2,datamine
10000123,durin,normal_attack,6,重击体力消耗,NA,flat,7,20,20,6.2,datamine
10000123,durin,normal_attack,7,下坠期间伤害,atk,pct,8,63.9324,126.378,6.2,datamine
10000123,durin,normal_attack,8,低空/高空坠地冲击伤害,atk;atk,pct;pct,9;10,127.8377;159.6762,252.7025;315.639,6.2,datamine
10000124,jahoda,elemental_burst,1,技能伤害,atk,pct,1,207.2,372.96,6.2,datamine
10000124,jahoda,elemental_burst,2,猫型家用互助协调器伤害,atk,pct,2,17.2664,31.0795,6.2,datamine
10000124,jahoda,elemental_burst,3,猫型家用互助协调器持续时间,NA,sec,3,12,12,6.2,datamine
10000124,jahoda,elemental_burst,4,猫型家用互助协调器治疗量,atk;atk,pct;flat,4;5,79.872;500.7376,143.7696;1101.7063,6.2,datamine
10000124,jahoda,elemental_burst,5,最低生命值角色额外治疗量,atk;atk,pct;flat,6;7,30.72;192.5972,55.296;423.746,6.2,datamine
10000124,jahoda,elemental_burst,6,冷却时间,NA,sec,8,18,18,6.2,datamine
10000124,jahoda,elemental_burst,7,元素能量,NA,flat,9,70,70,6.2,datamine
10000124,jahoda,elemental_skill,1,烟雾弹伤害,atk,pct,1,159,286.2,6.2,datamine
10000124,jahoda,elemental_skill,2,秘藏瓶未装满伤害,atk,pct,2,190.8,343.44,6.2,datamine
10000124,jahoda,elemental_skill,3,秘藏瓶装满伤害,atk,pct,3,212,381.6,6.2,datamine
10000124,jahoda,elemental_skill,4,秘藏瓶持续时间,NA,sec,4,20,20,6.2,datamine
10000124,jahoda,elemental_skill,5,猫猫球伤害,atk,pct,5,128,230.4,6.2,datamine
10000124,jahoda,elemental_skill,6,冷却时间,NA,sec,6,15,15,6.2,datamine
10000124,jahoda,normal_attack,1,一段伤害,atk,pct,1,41.6739,82.3786,6.2,datamine
10000124,jahoda,normal_attack,2,二段伤害,atk,pct,2,19.2313,38.0154,6.2,datamine
10000124,jahoda,normal_attack,3,三段伤害,atk,pct,3,51.1975,101.2044,6.2,datamine
10000124,jahoda,normal_attack,4,瞄准射击,NA,pct,4,43.86,86.7,6.2,datamine
10000124,jahoda,normal_attack,5,满蓄力瞄准射击,NA,pct,5,124,223.2,6.2,datamine
10000124,jahoda,normal_attack,6,下坠期间伤害,atk,pct,6,56.8288,112.336,6.2,datamine
10000124,jahoda,normal_attack,7,低空/高空坠地冲击伤害,atk;atk,pct;pct,7;8,113.6335;141.9344,224.6244;280.568,6.2,datamine
10000125,columbina,elemental_burst,1,技能伤害,hp,pct,1,32.24,58.032,6.3,datamine
10000125,columbina,elemental_burst,2,月曜反应伤害提升,atk,pct,2,13,40,6.3,datamine
10000125,columbina,elemental_burst,3,月之领域持续时间,NA,sec,3,20,20,6.3,datamine
10000125,columbina,elemental_burst,4,冷却时间,NA,sec,4,15,15,6.3,datamine
10000125,columbina,elemental_burst,5,元素能量,NA,flat,5,60,60,6.3,datamine
10000125,columbina,elemental_skill,1,技能伤害,hp,pct,1,16.72,30.096,6.3,datamine
10000125,columbina,elemental_skill,2,引力涟漪·持续伤害,hp,pct,2,9.36,16.848,6.3,datamine
10000125,columbina,elemental_skill,3,引力干涉·月感电伤害,hp,pct,3,4.704,8.4672,6.3,datamine
10000125,columbina,elemental_skill,4,引力干涉·月绽放伤害,hp,pct,4,1.408,2.5344,6.3,datamine
10000125,columbina,elemental_skill,5,引力干涉·月结晶伤害,hp,pct,5,8.824,15.8832,6.3,datamine
10000125,columbina,elemental_skill,6,引力值上限,NA,flat,8,60,60,6.3,datamine
10000125,columbina,elemental_skill,7,引力涟漪持续时间,NA,sec,9,25,25,6.3,datamine
10000125,columbina,elemental_skill,8,冷却时间,NA,sec,10,17,17,6.3,datamine
10000125,columbina,normal_attack,1,一段伤害,atk,pct,1,46.792,84.2256,6.3,datamine
10000125,columbina,normal_attack,2,二段伤害,atk,pct,2,36.6256,65.9261,6.3,datamine
10000125,columbina,normal_attack,3,三段伤害,atk,pct,3,58.484,105.2712,6.3,datamine
10000125,columbina,normal_attack,4,重击伤害,atk,pct,4,116.08,208.944,6.3,datamine
10000125,columbina,normal_attack,5,重击体力消耗,NA,flat,5,50,50,6.3,datamine
10000125,columbina,normal_attack,6,月露涤荡伤害,hp,pct,6,1.5112,2.7202,6.3,datamine
10000125,columbina,normal_attack,7,下坠期间伤害,atk,pct,7,56.8288,112.336,6.3,datamine
10000125,columbina,normal_attack,8,低空/高空坠地冲击伤害,atk;atk,pct;pct,8;9,113.6335;141.9344,224.6244;280.568,6.3,datamine
10000126,zibai,elemental_burst,1,技能第一段伤害,def,pct,1,126.96,228.528,6.3,datamine
10000126,zibai,elemental_burst,2,技能第二段伤害,def,pct,2,177.744,319.9392,6.3,datamine
10000126,zibai,elemental_burst,3,冷却时间,NA,sec,3,15,15,6.3,datamine
10000126,zibai,elemental_burst,4,元素能量,NA,flat,4,60,60,6.3,datamine
10000126,zibai,elemental_skill,1,月转时隙一段伤害,def,pct,6,56.5792,101.8426,6.3,datamine
10000126,zibai,elemental_skill,2,月转时隙二段伤害,def,pct,7,52.1007,93.7813,6.3,datamine
10000126,zibai,elemental_skill,3,月转时隙三段伤害,def;def,pct;pct,8;9,34.5694;34.5694,62.2248;62.2248,6.3,datamine
10000126,zibai,elemental_skill,4,月转时隙四段伤害,def,pct,10,87.1788,156.9218,6.3,datamine
10000126,zibai,elemental_skill,5,月转时隙重击伤害,def;def,pct;pct,11;12,65.95;65.95,118.71;118.71,6.3,datamine
10000126,zibai,elemental_skill,6,灵驹飞踏第一段伤害,def,pct,1,172.528,310.5504,6.3,datamine
10000126,zibai,elemental_skill,7,灵驹飞踏第二段伤害,def,pct,2,140.968,253.7424,6.3,datamine
10000126,zibai,elemental_skill,8,月转时隙第四段额外伤害,def,pct,3,29.456,53.0208,6.3,datamine
10000126,zibai,elemental_skill,9,月转时隙持续时间,NA,sec,4,15,15,6.3,datamine
10000126,zibai,elemental_skill,10,冷却时间,NA,sec,5,18,18,6.3,datamine
10000126,zibai,normal_attack,1,一段伤害,atk,pct,1,50.5542,99.9328,6.3,datamine
10000126,zibai,normal_attack,2,二段伤害,atk,pct,2,46.5527,92.0227,6.3,datamine
10000126,zibai,normal_attack,3,三段伤害,atk;atk,pct;pct,3;4,30.8882;30.8882,61.058;61.058,6.3,datamine
10000126,zibai,normal_attack,4,四段伤害,atk,pct,5,77.8954,153.9792,6.3,datamine
10000126,zibai,normal_attack,5,重击伤害,atk;atk,pct;pct,6;7,73.659;73.659,145.605;145.605,6.3,datamine
10000126,zibai,normal_attack,6,重击体力消耗,NA,flat,8,20,20,6.3,datamine
10000126,zibai,normal_attack,7,下坠期间伤害,atk,pct,9,63.9324,126.378,6.3,datamine
10000126,zibai,normal_attack,8,低空/高空坠地冲击伤害,atk;atk,pct;pct,10;11,127.8377;159.6762,252.7025;315.639,6.3,datamine
10000127,illuga,elemental_burst,1,技能伤害,em;def,pct;pct,1;2,827.2;413.6,1488.96;744.48,6.3,datamine
10000127,illuga,elemental_burst,2,岩元素伤害增加,em,pct,3,33.6,60.48,6.3,datamine
10000127,illuga,elemental_burst,3,月结晶反应伤害增加,em,pct,4,225.92,406.656,6.3,datamine
10000127,illuga,elemental_burst,4,施放元素爆发时获得夜莺之歌,NA,flat,5,21,21,6.3,datamine
10000127,illuga,elemental_burst,5,创生岩造物获得夜莺之歌,NA,flat,6,5,5,6.3,datamine
10000127,illuga,elemental_burst,6,持续时间,NA,sec,7,20,20,6.3,datamine
10000127,illuga,elemental_burst,7,冷却时间,NA,sec,8,15,15,6.3,datamine
10000127,illuga,elemental_burst,8,元素能量,NA,flat,9,60,60,6.3,datamine
10000127,illuga,elemental_skill,1,点按伤害,em;def,pct;pct,1;2,482.56;241.28,868.608;434.304,6.3,datamine
10000127,illuga,elemental_skill,2,长按伤害,em;def,pct;pct,3;4,603.2;301.6,1085.76;542.88,6.3,datamine
10000127,illuga,elemental_skill,3,冷却时间,NA,sec,5,15,15,6.3,datamine
10000127,illuga,normal_attack,1,一段伤害,atk,pct,1,47.3662,93.6309,6.3,datamine
10000127,illuga,normal_attack,2,二段伤害,atk,pct,2,48.5255,95.9225,6.3,datamine
10000127,illuga,normal_attack,3,三段伤害,atk;atk,pct;pct,3;4,31.433;31.433,62.135;62.135,6.3,datamine
10000127,illuga,normal_attack,4,四段伤害,atk,pct,5,76.2786,150.7832,6.3,datamine
10000127,illuga,normal_attack,5,重击伤害,atk,pct,6,111.026,219.47,6.3,datamine
10000127,illuga,normal_attack,6,重击体力消耗,NA,flat,7,25,25,6.3,datamine
10000127,illuga,normal_attack,7,下坠期间伤害,atk,pct,8,63.9324,126.378,6.3,datamine
10000127,illuga,normal_attack,8,低空/高空坠地冲击伤害,atk;atk,pct;pct,9;10,127.8377;159.6762,252.7025;315.639,6.3,datamine
10000128,varka,elemental_burst,1,技能第一段伤害,atk,pct,1,336.96,606.528,6.4,datamine
10000128,varka,elemental_burst,2,技能第二段伤害,atk,pct,2,181.44,326.592,6.4,datamine
10000128,varka,elemental_burst,3,冷却时间,NA,sec,3,15,15,6.4,datamine
10000128,varka,elemental_burst,4,元素能量,NA,flat,4,60,60,6.4,datamine
10000128,varka,elemental_skill,1,技能伤害,atk,pct,1,278.4,501.12,6.4,datamine
10000128,varka,elemental_skill,2,点按冷却时间,NA,sec,19,16,16,6.4,datamine
10000128,varka,elemental_skill,3,长按冷却时间,NA,sec,20,8,8,6.4,datamine
10000128,varka,elemental_skill,4,狂飙突进·持续时间,NA,sec,2,12,12,6.4,datamine
10000128,varka,elemental_skill,5,狂飙突进·一段伤害,atk,pct,3,81.8247,161.7465,6.4,datamine
10000128,varka,elemental_skill,6,狂飙突进·二段伤害,atk;atk,pct;pct,5;4,29.9856;55.6876,59.2739;110.0801,6.4,datamine
10000128,varka,elemental_skill,7,狂飙突进·三段伤害,atk;atk,pct;pct,7;6,40.5455;75.2987,80.148;148.8463,6.4,datamine
10000128,varka,elemental_skill,8,狂飙突进·四段伤害,atk;atk,pct;pct,8;9,69.2894;37.3097,136.9675;73.7517,6.4,datamine
10000128,varka,elemental_skill,9,狂飙突进·五段伤害,atk;atk,pct;pct,10;11,87.1872;46.947,172.3469;92.8022,6.4,datamine
10000128,varka,elemental_skill,10,狂飙突进·重击伤害,atk;atk,pct;pct,12;13,107.0485;57.6415,211.6075;113.9425,6.4,datamine
10000128,varka,elemental_skill,11,四风将起伤害,atk;atk,pct;pct,14;15,175.76;94.64,316.368;170.352,6.4,datamine
10000128,varka,elemental_skill,12,苍噬伤害,atk;atk,pct;pct,16;17,93.6;50.4,168.48;90.72,6.4,datamine
10000128,varka,elemental_skill,13,四风将起冷却时间,NA,sec,18,11,11,6.4,datamine
10000128,varka,normal_attack,1,一段伤害,atk,pct,1,65.4598,129.3972,6.4,datamine
10000128,varka,normal_attack,2,二段伤害,atk;atk,pct;pct,3;2,23.9885;44.5501,47.4191;88.0641,6.4,datamine
10000128,varka,normal_attack,3,三段伤害,atk;atk,pct;pct,5;4,32.4364;60.239,64.1184;119.077,6.4,datamine
10000128,varka,normal_attack,4,四段伤害,atk;atk,pct;pct,6;7,55.4316;29.8478,109.574;59.0014,6.4,datamine
10000128,varka,normal_attack,5,五段伤害,atk;atk,pct;pct,8;9,69.7498;37.5576,137.8775;74.2417,6.4,datamine
10000128,varka,normal_attack,6,重击伤害,atk;atk,pct;pct,10;11,85.6388;46.1132,169.286;91.154,6.4,datamine
10000128,varka,normal_attack,7,重击体力消耗,NA,flat,12,50,50,6.4,datamine
10000128,varka,normal_attack,8,下坠期间伤害,atk,pct,13,74.5878,147.441,6.4,datamine
10000128,varka,normal_attack,9,低空/高空坠地冲击伤害,atk;atk,pct;pct,14;15,149.144;186.2889,294.8195;368.2455,6.4,datamine
10000129,lohen,elemental_burst,1,技能伤害,atk,pct,1,118.8,213.84,6.6,datamine
10000129,lohen,elemental_burst,2,每点争胜提升原本伤害,atk,pct,2,0.4,0.4,6.6,datamine
10000129,lohen,elemental_burst,3,冷却时间,NA,sec,3,15,15,6.6,datamine
10000129,lohen,elemental_burst,4,元素能量,NA,flat,4,60,60,6.6,datamine
10000129,lohen,elemental_skill,1,一段伤害,atk,pct,1,80.9875,160.0915,6.6,datamine
10000129,lohen,elemental_skill,2,二段伤害,atk,pct,2,84.664,167.359,6.6,datamine
10000129,lohen,elemental_skill,3,三段伤害,atk,pct,3,38.1298,75.3729,6.6,datamine
10000129,lohen,elemental_skill,4,四段伤害,atk,pct,4,112.8389,223.0536,6.6,datamine
10000129,lohen,elemental_skill,5,五段伤害,atk;atk,pct;pct,5;6,55.2868;82.9302,109.2879;163.9319,6.6,datamine
10000129,lohen,elemental_skill,6,重击伤害,atk,pct,7,98.814,195.33,6.6,datamine
10000129,lohen,elemental_skill,7,重击体力消耗,NA,flat,8,10,10,6.6,datamine
10000129,lohen,elemental_skill,8,下坠期间伤害,atk,pct,9,63.9324,126.378,6.6,datamine
10000129,lohen,elemental_skill,9,低空/高空坠地冲击伤害,atk;atk,pct;pct,10;11,127.8377;159.6762,252.7025;315.639,6.6,datamine
10000129,lohen,elemental_skill,10,奇谋持续时间,NA,sec,12,13,13,6.6,datamine
10000129,lohen,elemental_skill,11,镂骨彻心伤害,atk,pct,17,60,108,6.6,datamine
10000129,lohen,elemental_skill,12,每点争胜提升原本伤害,atk,pct,18,0.4,0.4,6.6,datamine
10000129,lohen,elemental_skill,13,冷却时间,NA,sec,19,18,18,6.6,datamine
10000129,lohen,normal_attack,1,一段伤害,atk,pct,1,53.9917,106.7277,6.6,datamine
10000129,lohen,normal_attack,2,二段伤害,atk,pct,2,56.4427,111.5727,6.6,datamine
10000129,lohen,normal_attack,3,三段伤害,atk,pct,3,25.4199,50.2486,6.6,datamine
10000129,lohen,normal_attack,4,四段伤害,atk,pct,4,75.2259,148.7024,6.6,datamine
10000129,lohen,normal_attack,5,五段伤害,atk;atk,pct;pct,5;6,36.8579;55.2868,72.8586;109.2879,6.6,datamine
10000129,lohen,normal_attack,6,重击伤害,atk,pct,7,65.876,130.22,6.6,datamine
10000129,lohen,normal_attack,7,重击体力消耗,NA,flat,8,25,25,6.6,datamine
10000129,lohen,normal_attack,8,下坠期间伤害,atk,pct,9,63.9324,126.378,6.6,datamine
10000129,lohen,normal_attack,9,低空/高空坠地冲击伤害,atk;atk,pct;pct,10;11,127.8377;159.6762,252.7025;315.639,6.6,datamine
10000130,linnea,elemental_burst,1,首次治疗量,def;def,pct;flat,2;1,160;770.3755,288;1694.9546,6.5,datamine
10000130,linnea,elemental_burst,2,持续治疗量,def;def,pct;flat,4;3,32;154.0751,57.6;338.9909,6.5,datamine
10000130,linnea,elemental_burst,3,治疗持续时间,NA,sec,5,12,12,6.5,datamine
10000130,linnea,elemental_burst,4,冷却时间,NA,sec,6,15,15,6.5,datamine
10000130,linnea,elemental_burst,5,元素能量,NA,flat,7,60,60,6.5,datamine
10000130,linnea,elemental_skill,1,露米捶捶乱打伤害,def,pct,1,96,172.8,6.5,datamine
10000130,linnea,elemental_skill,2,露米加力重锤伤害,def,pct,2,100,180,6.5,datamine
10000130,linnea,elemental_skill,3,露米百万吨重锤伤害,def,pct,3,400,720,6.5,datamine
10000130,linnea,elemental_skill,4,露米持续时间,NA,sec,4,25,25,6.5,datamine
10000130,linnea,elemental_skill,5,冷却时间,NA,sec,5,18,18,6.5,datamine
10000130,linnea,normal_attack,1,一段伤害,atk,pct,1,58.9969,116.6217,6.5,datamine
10000130,linnea,normal_attack,2,二段伤害,atk,pct,2,51.1519,101.1143,6.5,datamine
10000130,linnea,normal_attack,3,三段伤害,atk,pct,3,81.6312,161.364,6.5,datamine
10000130,linnea,normal_attack,4,瞄准射击,NA,pct,4,43.86,86.7,6.5,datamine
10000130,linnea,normal_attack,5,满蓄力瞄准射击,NA,pct,5,124,223.2,6.5,datamine
10000130,linnea,normal_attack,6,下坠期间伤害,atk,pct,6,56.8288,112.336,6.5,datamine
10000130,linnea,normal_attack,7,低空/高空坠地冲击伤害,atk;atk,pct;pct,7;8,113.6335;141.9344,224.6244;280.568,6.5,datamine
10000131,nicole,elemental_burst,1,技能伤害,atk,pct,1,316.8,570.24,6.6,datamine
10000131,nicole,elemental_burst,2,奥迹造影伤害,atk,pct,2,99,180,6.6,datamine
10000131,nicole,elemental_burst,3,奥迹造影攻击次数,NA,flat,3,4,4,6.6,datamine
10000131,nicole,elemental_burst,4,默观颂祷持续时间,NA,sec,4,20,20,6.6,datamine
10000131,nicole,elemental_burst,5,冷却时间,NA,sec,5,15,15,6.6,datamine
10000131,nicole,elemental_burst,6,元素能量,NA,flat,6,60,60,6.6,datamine
10000131,nicole,elemental_skill,1,技能伤害,atk,pct,1,138.4,249.12,6.6,datamine
10000131,nicole,elemental_skill,2,护盾吸收量,atk;atk,pct;flat,2;3,221.184;1386.6697,398.1312;3050.9045,6.6,datamine
10000131,nicole,elemental_skill,3,护盾持续时间,NA,sec,4,20,20,6.6,datamine
10000131,nicole,elemental_skill,4,虚己之赐攻击力加成比例,atk,pct,5,8.25,15,6.6,datamine
10000131,nicole,elemental_skill,5,虚己之赐攻击力加成上限,NA,flat,6,330,600,6.6,datamine
10000131,nicole,elemental_skill,6,虚己之赐持续时间,NA,sec,7,20,20,6.6,datamine
10000131,nicole,elemental_skill,7,冷却时间,NA,sec,8,16,16,6.6,datamine
10000131,nicole,normal_attack,1,一段伤害,atk,pct,1,35.1792,63.3226,6.6,datamine
10000131,nicole,normal_attack,2,二段伤害,atk,pct,2,29.6336,53.3405,6.6,datamine
10000131,nicole,normal_attack,3,三段伤害,atk,pct,3,46.188,83.1384,6.6,datamine
10000131,nicole,normal_attack,4,重击伤害,atk,pct,4,112.32,202.176,6.6,datamine
10000131,nicole,normal_attack,5,重击体力消耗,NA,flat,5,50,50,6.6,datamine
10000131,nicole,normal_attack,6,下坠期间伤害,atk,pct,6,56.8288,112.336,6.6,datamine
10000131,nicole,normal_attack,7,低空/高空坠地冲击伤害,atk;atk,pct;pct,7;8,113.6335;141.9344,224.6244;280.568,6.6,datamine
10000132,prune,elemental_burst,1,技能伤害,atk,pct,1,96.96,174.528,6.6,datamine
10000132,prune,elemental_burst,2,诱巫饵铃伤害,atk,pct,2,70.44,126.792,6.6,datamine
10000132,prune,elemental_burst,3,寻猎模式持续时间,NA,sec,3,12,12,6.6,datamine
10000132,prune,elemental_burst,4,冷却时间,NA,sec,4,18,18,6.6,datamine
10000132,prune,elemental_burst,5,元素能量,NA,flat,5,70,70,6.6,datamine
10000132,prune,elemental_skill,1,叮铃铃·猎魔之音伤害,atk,pct,1,167.44,301.392,6.6,datamine
10000132,prune,elemental_skill,2,咚锵锵·裁魔之惩伤害,atk,pct,2,204.56,368.208,6.6,datamine
10000132,prune,elemental_skill,3,冷却时间,NA,sec,3,15,15,6.6,datamine
10000132,prune,normal_attack,1,一段伤害,atk,pct,1,48.6208,87.5174,6.6,datamine
10000132,prune,normal_attack,2,二段伤害,atk,pct,2,48.2808,86.9054,6.6,datamine
10000132,prune,normal_attack,3,三段伤害,atk,pct,3,67.9768,122.3582,6.6,datamine
10000132,prune,normal_attack,4,重击伤害,atk,pct,4,133.52,240.336,6.6,datamine
10000132,prune,normal_attack,5,重击体力消耗,NA,flat,5,50,50,6.6,datamine
10000132,prune,normal_attack,6,下坠期间伤害,atk,pct,6,56.8288,112.336,6.6,datamine
10000132,prune,normal_attack,7,低空/高空坠地冲击伤害,atk;atk,pct;pct,7;8,113.6335;141.9344,224.6244;280.568,6.6,datamine
10000133,sandrone,elemental_burst,1,轰炸伤害,atk,pct,1,88.216,158.7888,6.7,datamine
10000133,sandrone,elemental_burst,2,聚能光束伤害,atk,pct,2,330.8,595.44,6.7,datamine
10000133,sandrone,elemental_burst,3,聚能光束星超导伤害,atk,pct,3,220.5333,396.96,6.7,datamine
10000133,sandrone,elemental_burst,4,聚能光束星扩散伤害,atk,pct,6,330.8,595.44,6.7,datamine
10000133,sandrone,elemental_burst,5,冷却时间,NA,sec,4,15,15,6.7,datamine
10000133,sandrone,elemental_burst,6,元素能量,NA,flat,5,60,60,6.7,datamine
10000133,sandrone,elemental_skill,1,棱晶弹伤害,atk,pct,1,32.4,58.32,6.7,datamine
10000133,sandrone,elemental_skill,2,棱晶弹星超导伤害,atk,pct,2,21.6,38.88,6.7,datamine
10000133,sandrone,elemental_skill,3,棱晶弹星扩散伤害,atk,pct,4,32.4,58.32,6.7,datamine
10000133,sandrone,elemental_skill,4,冷却时间,NA,sec,3,4,4,6.7,datamine
10000133,sandrone,normal_attack,1,一段伤害,atk,pct,1,76.2863,150.7985,6.7,datamine
10000133,sandrone,normal_attack,2,二段伤害,atk,pct,2,67.197,132.8312,6.7,datamine
10000133,sandrone,normal_attack,3,三段伤害,atk,pct,3,102.8035,203.2163,6.7,datamine
10000133,sandrone,normal_attack,4,重击扫射伤害,atk,pct,4,43,85,6.7,datamine
10000133,sandrone,normal_attack,5,重击冷凝射线伤害,atk,pct,5,122.55,242.25,6.7,datamine
10000133,sandrone,normal_attack,6,重击冷凝射线星超导伤害,atk,pct,6,81.7,161.5,6.7,datamine
10000133,sandrone,normal_attack,7,重击冷凝射线星扩散伤害,atk,pct,11,122.55,242.25,6.7,datamine
10000133,sandrone,normal_attack,8,功率过载时伤害,atk,pct,7,43,85,6.7,datamine
10000133,sandrone,normal_attack,9,下坠期间伤害,atk,pct,8,74.5878,147.441,6.7,datamine
10000133,sandrone,normal_attack,10,低空/高空坠地冲击伤害,atk;atk,pct;pct,9;10,149.144;186.2889,294.8195;368.2455,6.7,datamine
10000140,vodyanitsa,elemental_burst,1,技能伤害,hp,pct,1,45.6768,82.2182,7.1,datamine
10000140,vodyanitsa,elemental_burst,2,遥久之歌伤害加成,NA,pct,2,48,86.4,7.1,datamine
10000140,vodyanitsa,elemental_burst,3,冷却时间,NA,sec,3,15,15,7.1,datamine
10000140,vodyanitsa,elemental_burst,4,元素能量,NA,flat,4,60,60,7.1,datamine
10000140,vodyanitsa,elemental_skill,1,技能伤害,hp,pct,1,3.272,5.8896,7.1,datamine
10000140,vodyanitsa,elemental_skill,2,持续时间,NA,sec,2,16,16,7.1,datamine
10000140,vodyanitsa,elemental_skill,3,唤春角笛攻击间隔,NA,sec,3,3,3,7.1,datamine
10000140,vodyanitsa,elemental_skill,4,唤春角笛伤害,hp,pct,4,3.272,5.8896,7.1,datamine
10000140,vodyanitsa,elemental_skill,5,遥久之歌治疗量,hp;hp,flat;pct,5;6,269.6285;2.8,593.2278;5.04,7.1,datamine
10000140,vodyanitsa,elemental_skill,6,遥久之歌治疗间隔,NA,sec,7,1.5,1.5,7.1,datamine
10000140,vodyanitsa,elemental_skill,7,水元素/冰元素抗性降低,NA,pct,8,16.5,30,7.1,datamine
10000140,vodyanitsa,elemental_skill,8,抗性降低持续时间,NA,sec,9,6,6,7.1,datamine
10000140,vodyanitsa,elemental_skill,9,技能冷却时间,NA,sec,10,16,16,7.1,datamine
10000140,vodyanitsa,normal_attack,1,一段伤害,atk,pct,1,43.3848,78.0926,7.1,datamine
10000140,vodyanitsa,normal_attack,2,二段伤害,atk,pct,2,40.232,72.4176,7.1,datamine
10000140,vodyanitsa,normal_attack,3,三段伤害,atk,pct,3,49.3016,88.7429,7.1,datamine
10000140,vodyanitsa,normal_attack,4,四段伤害,atk,pct,4,65.5632,118.0138,7.1,datamine
10000140,vodyanitsa,normal_attack,5,重击伤害,atk,pct,5,123.76,222.768,7.1,datamine
10000140,vodyanitsa,normal_attack,6,重击体力消耗,NA,flat,6,50,50,7.1,datamine
10000140,vodyanitsa,normal_attack,7,下坠期间伤害,atk,pct,7,56.8288,112.336,7.1,datamine
10000140,vodyanitsa,normal_attack,8,低空/高空坠地冲击伤害,atk;atk,pct;pct,8;9,113.6335;141.9344,224.6244;280.568,7.1,datamine
10000143,vesna,elemental_burst,1,灵剑伤害,atk,pct,1,263.2,473.76,7.1,datamine
10000143,vesna,elemental_burst,2,灵剑星扩散伤害,atk,pct,2,263.2,473.76,7.1,datamine
10000143,vesna,elemental_burst,3,冷却时间,NA,sec,3,15,15,7.1,datamine
10000143,vesna,elemental_burst,4,元素能量,NA,flat,4,60,60,7.1,datamine
10000143,vesna,elemental_skill,1,技能伤害,atk,pct,1,40,72,7.1,datamine
10000143,vesna,elemental_skill,2,翔风剑一阶伤害,atk,pct,2,40,72,7.1,datamine
10000143,vesna,elemental_skill,3,翔风剑二阶伤害,atk,pct,3,60,108,7.1,datamine
10000143,vesna,elemental_skill,4,翔风剑二阶灵剑伤害,atk,pct,4,112,201.6,7.1,datamine
10000143,vesna,elemental_skill,5,翔风剑三阶灵剑伤害,atk,pct,6,44.8,80.64,7.1,datamine
10000143,vesna,elemental_skill,6,翔风剑三阶灵剑最终段伤害,atk,pct,8,156.8,282.24,7.1,datamine
10000143,vesna,elemental_skill,7,翔风剑二阶灵剑星扩散伤害,atk,pct,5,112,201.6,7.1,datamine
10000143,vesna,elemental_skill,8,翔风剑三阶灵剑星扩散伤害,atk,pct,7,44.8,80.64,7.1,datamine
10000143,vesna,elemental_skill,9,翔风剑三阶灵剑最终段星扩散伤害,atk,pct,9,156.8,282.24,7.1,datamine
10000143,vesna,elemental_skill,10,风翎伤害,atk,pct,10,10.4,18.72,7.1,datamine
10000143,vesna,elemental_skill,11,巡风列装持续时间,NA,sec,12,15,15,7.1,datamine
10000143,vesna,elemental_skill,12,冷却时间,NA,sec,14,18,18,7.1,datamine
10000143,vesna,normal_attack,1,一段伤害,atk,pct,1,40.42,79.9,7.1,datamine
10000143,vesna,normal_attack,2,二段伤害,atk,pct,2,48.676,96.22,7.1,datamine
10000143,vesna,normal_attack,3,三段伤害,atk,pct,3,28.079,55.505,7.1,datamine
10000143,vesna,normal_attack,4,四段伤害,atk,pct,4,59.168,116.96,7.1,datamine
10000143,vesna,normal_attack,5,五段伤害,atk,pct,5,62.436,123.42,7.1,datamine
10000143,vesna,normal_attack,6,六段伤害,atk,pct,6,72.24,142.8,7.1,datamine
10000143,vesna,normal_attack,7,重击伤害,atk,pct,7,133.042,262.99,7.1,datamine
10000143,vesna,normal_attack,8,重击体力消耗,NA,flat,8,20,20,7.1,datamine
10000143,vesna,normal_attack,9,下坠期间伤害,atk,pct,9,63.9324,126.378,7.1,datamine
10000143,vesna,normal_attack,10,低空/高空坠地冲击伤害,atk;atk,pct;pct,10;11,127.8377;159.6762,252.7025;315.639,7.1,datamine
10000148,alyosha,elemental_burst,1,轰霆猎场伤害,atk,pct,1,74.96,134.928,7.0,datamine
10000148,alyosha,elemental_burst,2,图加林伤害,atk,pct,2,50.2232,90.4018,7.0,datamine
10000148,alyosha,elemental_burst,3,持续时间,NA,sec,3,14,14,7.0,datamine
10000148,alyosha,elemental_burst,4,冷却时间,NA,sec,4,18,18,7.0,datamine
10000148,alyosha,elemental_burst,5,元素能量,NA,flat,5,70,70,7.0,datamine
10000148,alyosha,elemental_skill,1,点按伤害,atk,pct,1,286.72,516.096,7.0,datamine
10000148,alyosha,elemental_skill,2,长按伤害,atk,pct,2,358.4,645.12,7.0,datamine
10000148,alyosha,elemental_skill,3,冷却时间,NA,sec,3,15,15,7.0,datamine
10000148,alyosha,elemental_skill,4,弋猎印记持续时间,NA,sec,4,15,15,7.0,datamine
10000148,alyosha,elemental_skill,5,猎者之准攻击力提升,NA,pct,5,11.66,21.2,7.0,datamine
10000148,alyosha,elemental_skill,6,猎者之准持续时间,NA,sec,6,15,15,7.0,datamine
10000148,alyosha,normal_attack,1,一段伤害,atk,pct,1,47.816,94.52,7.0,datamine
10000148,alyosha,normal_attack,2,二段伤害,atk,pct,2,48.16,95.2,7.0,datamine
10000148,alyosha,normal_attack,3,三段伤害,atk;atk,pct;pct,3;4,34.228;31.82,67.66;62.9,7.0,datamine
10000148,alyosha,normal_attack,4,四段伤害,atk,pct,5,75.852,149.94,7.0,datamine
10000148,alyosha,normal_attack,5,重击伤害,atk,pct,6,111.026,219.47,7.0,datamine
10000148,alyosha,normal_attack,6,重击体力消耗,NA,flat,7,25,25,7.0,datamine
10000148,alyosha,normal_attack,7,下坠期间伤害,atk,pct,8,63.9324,126.378,7.0,datamine
10000148,alyosha,normal_attack,8,低空/高空坠地冲击伤害,atk;atk,pct;pct,9;10,127.8377;159.6762,252.7025;315.639,7.0,datamine
10000150,odette,elemental_burst,1,斩击伤害,atk,pct,1,110.176,198.3168,7.0,datamine
10000150,odette,elemental_burst,2,斩击最终段伤害,atk,pct,2,170.272,306.4896,7.0,datamine
10000150,odette,elemental_burst,3,雪鹄之梦星烁反应伤害提升,atk,pct,3,14,50,7.0,datamine
10000150,odette,elemental_burst,4,雪鹄之梦持续时间,NA,sec,4,20,20,7.0,datamine
10000150,odette,elemental_burst,5,独舞倒影持续时间,NA,sec,5,20,20,7.0,datamine
10000150,odette,elemental_burst,6,冷却时间,NA,sec,6,15,15,7.0,datamine
10000150,odette,elemental_burst,7,元素能量,NA,flat,7,60,60,7.0,datamine
10000150,odette,elemental_skill,1,技能伤害,atk,pct,1,108.08,194.544,7.0,datamine
10000150,odette,elemental_skill,2,破晓终奏持续伤害,NA,pct,2,95.84,172.512,7.0,datamine
10000150,odette,elemental_skill,3,破晓终奏星超导/星扩散伤害,atk;atk,pct;pct,3;4,305.76;458.64,550.368;825.552,7.0,datamine
10000150,odette,elemental_skill,4,拂羽舞步伤害,atk,pct,5,43.04,77.472,7.0,datamine
10000150,odette,elemental_skill,5,拂羽舞步星超导/星扩散伤害,atk;atk,pct;pct,6;7,27.024;40.528,48.6432;72.9504,7.0,datamine
10000150,odette,elemental_skill,6,旋翼舞步伤害,atk,pct,8,51.464,92.6352,7.0,datamine
10000150,odette,elemental_skill,7,旋翼舞步星超导/星扩散伤害,atk;atk,pct;pct,9;10,32.312;48.464,58.1616;87.2352,7.0,datamine
10000150,odette,elemental_skill,8,破晓终奏冷却时间,NA,sec,13,15,15,7.0,datamine
10000150,odette,elemental_skill,9,独舞倒影持续时间,NA,sec,11,20,20,7.0,datamine
10000150,odette,elemental_skill,10,技能冷却时间,NA,sec,12,15,15,7.0,datamine
10000150,odette,normal_attack,1,一段伤害,atk,pct,1,51.8571,102.5083,7.0,datamine
10000150,odette,normal_attack,2,二段伤害,atk,pct,2,51.5106,101.8232,7.0,datamine
10000150,odette,normal_attack,3,三段伤害,atk;atk,pct;pct,3;4,32.6112;38.2786,64.464;75.667,7.0,datamine
10000150,odette,normal_attack,4,四段伤害,atk,pct,5,74.5732,147.4121,7.0,datamine
10000150,odette,normal_attack,5,五段伤害,atk,pct,6,90.2123,178.3266,7.0,datamine
10000150,odette,normal_attack,6,重击伤害,atk,pct,7,107.414,212.33,7.0,datamine
10000150,odette,normal_attack,7,重击体力消耗,NA,flat,8,20,20,7.0,datamine
10000150,odette,normal_attack,8,下坠期间伤害,atk,pct,9,63.9324,126.378,7.0,datamine
10000150,odette,normal_attack,9,低空/高空坠地冲击伤害,atk;atk,pct;pct,10;11,127.8377;159.6762,252.7025;315.639,7.0,datamine
