char_id,slug,constellation_index,name_zh,name_en,effect_target,talent_level_up,description_zh,version,source
10000002,kamisato_ayaka,1,霜杀墨染樱,Snowswept Sakura,self,,神里绫华的普通攻击或重击对敌人造成冰元素伤害时，有50%的几率使神里流·冰华的冷却时间缩减0.3秒。该效果每0.1秒只能触发一次。,2.0,datamine
10000002,kamisato_ayaka,2,三重雪关扉,Blizzard Blade Seki no To,self,,施放神里流·霜灭时，会额外释放两股规模较小的霜见雪关扉，各自能造成原本20%的伤害。,2.0,datamine
10000002,kamisato_ayaka,3,花白锦画纸吹雪,Frostbloom Kamifubuki,self,elemental_burst,神里流·霜灭的技能等级提高3级。 至多提升至15级。,2.0,datamine
10000002,kamisato_ayaka,4,盈缺流返,Ebb and Flow,enemy,,敌人受到神里流·霜灭的霜见雪关扉造成的伤害后，防御力降低30%，持续6秒。,2.0,datamine
10000002,kamisato_ayaka,5,花云钟入月,Blossom Cloud Irutsuki,self,elemental_skill,神里流·冰华的技能等级提高3级。 至多提升至15级。,2.0,datamine
10000002,kamisato_ayaka,6,间水月,Dance of Suigetsu,self,,每过10秒，神里绫华会获得「薄冰舞踏」，使重击造成的伤害提高298%。薄冰舞踏效果将在重击命中敌人的0.5秒后清除，并重新开始计算时间。,2.0,datamine
10000003,jean,1,流转剑脊的暴风,Spiraling Tempest,self,,风压剑长按超过1秒后，提升牵引速度，并使造成的伤害提升40%。,1.0,datamine
10000003,jean,2,守护众人的坚盾,People's Aegis,team,,琴获得元素晶球或元素微粒时，队伍中所有角色获得15%攻击速度和15%移动速度提升，持续15秒。,1.0,datamine
10000003,jean,3,西风吹拂之时,When the West Wind Arises,self,elemental_burst,蒲公英之风的技能等级提高3级。 至多提升至15级。,1.0,datamine
10000003,jean,4,蒲公英的国土,Lands of Dandelion,enemy,,在蒲公英之风的领域内，所有敌人的风元素抗性下降40%。,1.0,datamine
10000003,jean,5,须臾一瞬的烈风,Outbursting Gust,self,elemental_skill,风压剑的技能等级提高3级。 至多提升至15级。,1.0,datamine
10000003,jean,6,恩眷万民的狮牙,Lion's Fang、 Fair Protector of Mondstadt,self,,在蒲公英之风的领域内，角色受到的伤害降低35%。 离开领域后，这个效果会在承受3次攻击或10秒后消失。,1.0,datamine
10000006,lisa,1,无限的电回路,Infinite Circuit,self,,苍雷长按时，每个命中的敌人都会为丽莎恢复2点元素能量。 通过这种方式，一次至多回复10点元素能量。,1.0,datamine
10000006,lisa,2,空间电势结界,Electromagnetic Field,self,,苍雷长按时，具有如下效果： ·防御力提升25%； ·提高丽莎的抗打断能力。,1.0,datamine
10000006,lisa,3,谐振的雷光,Resonant Thunder,self,elemental_burst,蔷薇的雷光的技能等级提高3级。 至多提升至15级。,1.0,datamine
10000006,lisa,4,如雨的电浆,Plasma Eruption,self,,蔷薇的雷光攻击时，放出的闪电增加至1~3道。,1.0,datamine
10000006,lisa,5,等离态的落雷,Electrocute,self,elemental_skill,苍雷的技能等级提高3级。 至多提升至15级。,1.0,datamine
10000006,lisa,6,脉冲的魔女,Pulsating Witch,self,,丽莎登场时，对附近的敌人施加3层苍雷的引雷效果。 该效果每5秒只能触发一次。,1.0,datamine
10000014,barbara,1,彩色歌谣,Gleeful Songs,self,,芭芭拉每10秒恢复1点元素能量。,1.0,datamine
10000014,barbara,2,元气迸发,Vitality Burst,self,,演唱，开始♪的冷却时间降低15%； 技能持续期间，当前场上自己的角色获得15%水元素伤害加成。,1.0,datamine
10000014,barbara,3,明日之星,Star of Tomorrow,self,elemental_burst,闪耀奇迹♪的技能等级提高3级。 至多提升至15级。,1.0,datamine
10000014,barbara,4,努力即魔法,Attentiveness Be My Power,self,,芭芭拉使用重击时，每命中一个敌人，就恢复1点元素能量。 通过这种方式，一次至多回复5点元素能量。,1.0,datamine
10000014,barbara,5,纯真的羁绊,The Purest Companionship,self,elemental_skill,演唱，开始♪的技能等级提高3级。 至多提升至15级。,1.0,datamine
10000014,barbara,6,将一切美好献给你,Dedicating Everything to You,team,,芭芭拉处于队伍后台时，队伍中自己的角色倒下时，则立即： ·复苏该角色； ·将该角色生命值恢复至100%。 该效果每15分钟只能触发一次。,1.0,datamine
10000015,kaeya,1,卓越的血脉,Excellent Blood,self,,对受到冰元素影响的敌人，凯亚的普通攻击与重击暴击率提升15%。,1.0,datamine
10000015,kaeya,2,无尽的霜舞,Never-Ending Performance,self,,在凛冽轮舞的持续时间内击败敌人时，持续时间延长2.5秒，最多不会超过15秒。,1.0,datamine
10000015,kaeya,3,凛冽的冰戏,Dance of Frost,self,elemental_skill,霜袭的技能等级提高3级。 至多提升至15级。,1.0,datamine
10000015,kaeya,4,极寒的轻吻,Frozen Kiss,self,,凯亚的生命值低于20%时自动触发： 生成一个伤害吸收量等于生命值上限30%的护盾，持续20秒。 该护盾对冰元素伤害有250%的吸收效果。 该效果每60秒只能触发一次。,1.0,datamine
10000015,kaeya,5,至冷的拥抱,Frostbiting Embrace,self,elemental_burst,凛冽轮舞的技能等级提高3级。 至多提升至15级。,1.0,datamine
10000015,kaeya,6,轮旋的冰凌,Glacial Whirlwind,self,,凛冽轮舞会产生一个额外的寒冰之棱，并在施放时返还15点元素能量。,1.0,datamine
10000016,diluc,1,罪罚裁断,Conviction,self,,对生命值高于50%的敌人，迪卢克造成的伤害提高15%。,1.0,datamine
10000016,diluc,2,炙热余烬,Searing Ember,self,,迪卢克受到伤害时，攻击力提高10%，攻击速度提高5%，持续10秒。 该效果至多叠加3次，每1.5秒只能触发一次。,1.0,datamine
10000016,diluc,3,钢铁炽焰,Fire and Steel,self,elemental_skill,逆焰之刃的技能等级提高3级。 至多提升至15级。,1.0,datamine
10000016,diluc,4,流火焦灼,Flowing Flame,self,,有节奏地释放逆焰之刃可以大幅提升造成的伤害。 施放逆焰之刃的2秒后，使下一段逆焰之刃的伤害提高40%，持续2秒。,1.0,datamine
10000016,diluc,5,昭告黎明的火之鸟,Phoenix、 Harbinger of Dawn,self,elemental_burst,黎明的技能等级提高3级。 至多提升至15级。,1.0,datamine
10000016,diluc,6,清算黑暗的炎之剑,Flaming Sword、 Nemesis of the Dark,self,,施放逆焰之刃后，接下来6秒内的2次普通攻击速度提升30%，造成的伤害提高30%。 此外，逆焰之刃不再重置普通攻击连击段数。,1.0,datamine
10000020,razor,1,狼性,Wolf's Instinct,self,,雷泽获取元素晶球或元素微粒后的8秒内，造成的伤害提高10%。,1.0,datamine
10000020,razor,2,压制,Suppression,self,,雷泽攻击生命值低于30%的敌人时，暴击率提高10%。,1.0,datamine
10000020,razor,3,兽魂,Soul Companion,self,elemental_burst,雷牙的技能等级提高3级。 至多提升至15级。,1.0,datamine
10000020,razor,4,撕咬,Bite,enemy,,利爪与苍雷点按时，会使命中的敌人防御力降低15%，持续7秒。,1.0,datamine
10000020,razor,5,利爪,Sharpened Claws,self,elemental_skill,利爪与苍雷的技能等级提高3级。 至多提升至15级。,1.0,datamine
10000020,razor,6,天狼,Lupus Fulguris,self,,每10秒，雷泽的大剑将自动充能，使下一次普通攻击引发落雷，造成100%攻击力的雷元素伤害。 不处于雷牙状态下时，若落雷击中敌人，会为雷泽积攒一个利爪与苍雷的雷之印。,1.0,datamine
10000021,amber,1,一箭双丘丘！,One Arrow to Rule Them All,self,,瞄准射击时，会连续射出2支箭。第二支箭能造成原本20%的伤害。,1.0,datamine
10000021,amber,2,一触即发,Bunny Triggered,self,,兔兔伯爵进行了全新改良！蓄力完成的瞄准射击命中兔兔伯爵脚部时，能直接引爆兔兔伯爵… 通过这种方式主动引爆兔兔伯爵时，会额外造成200%伤害。,1.0,datamine
10000021,amber,3,烧起来啦！,It Burns!,self,elemental_burst,箭雨的技能等级提高3级。 至多提升至15级。,1.0,datamine
10000021,amber,4,才不是普通的布偶,It's Not Just Any Doll...,self,,爆弹玩偶的冷却时间减少20%，并增加1次可使用次数。,1.0,datamine
10000021,amber,5,是兔兔伯爵！,It's Baron Bunny!,self,elemental_skill,爆弹玩偶的技能等级提高3级。 至多提升至15级。,1.0,datamine
10000021,amber,6,疾如野火,Wildfire,team,,使用箭雨后的10秒内，队伍中所有角色的移动速度提升15%，攻击力提升15%。,1.0,datamine
10000022,venti,1,弦发的苍风,Splitting Gales,self,,瞄准射击会额外发射两枚分裂箭，分别造成原本33%的伤害。,1.0,datamine
10000022,venti,2,眷恋的泠风,Breeze of Reminiscence,enemy,,高天之歌会使敌人的风元素抗性与物理抗性降低12%，持续10秒。 被高天之歌击飞的敌人在落地前，风元素抗性与物理抗性额外降低12%。,1.0,datamine
10000022,venti,3,千风的诗篇,Ode to Thousand Winds,self,elemental_burst,风神之诗的技能等级提高3级。 至多提升至15级。,1.0,datamine
10000022,venti,4,自由的凛风,Hurricane of Freedom,self,,温迪获取元素晶球或元素微粒后，获得25%风元素伤害加成，持续10秒。,1.0,datamine
10000022,venti,5,高天的协奏,Concerto dal Cielo,self,elemental_skill,高天之歌的技能等级提高3级。 至多提升至15级。,1.0,datamine
10000022,venti,6,抗争的暴风,Storm of Defiance,enemy,,受风神之诗伤害的敌人，风元素抗性降低20%； 若产生了元素转化，则使转换的元素抗性也降低20%。,1.0,datamine
10000023,xiangling,1,外酥里嫩,Crispy Outside、 Tender Inside,enemy,,受到锅巴攻击的敌人，火元素抗性降低15%，持续6秒。,1.0,datamine
10000023,xiangling,2,大火宽油,Oil Meets Fire,self,,普通攻击的最后一击会对敌人施加持续2秒的内爆效果，持续时间结束时会发生爆炸，造成75%攻击力的火元素范围伤害。,1.0,datamine
10000023,xiangling,3,武火急烹,Deepfry,self,elemental_burst,旋火轮的技能等级提高3级。 至多提升至15级。,1.0,datamine
10000023,xiangling,4,文火慢煨,Slowbake,self,,旋火轮的持续时间延长40%。,1.0,datamine
10000023,xiangling,5,锅巴凶猛,Guoba Mad,self,elemental_skill,锅巴出击的技能等级提高3级。 至多提升至15级。,1.0,datamine
10000023,xiangling,6,大龙卷旋火轮,Condensed Pyronado,team,,旋火轮持续期间，队伍中所有角色获得15%火元素伤害加成。,1.0,datamine
10000024,beidou,1,鱼龙沉四方,Sea Beast's Scourge,self,,施放斫雷时： 生成一个伤害吸收量等于生命值上限16%的护盾，持续15秒。 该护盾对雷元素伤害有250%的吸收效果。,1.0,datamine
10000024,beidou,2,赫赫雷涌起,Upon the Turbulent Sea、 the Thunder Arises,self,,斫雷的闪雷能额外弹跳2个敌人。,1.0,datamine
10000024,beidou,3,潮奔蓦引电,Summoner of Storm,self,elemental_skill,捉浪的技能等级提高3级。 至多提升至15级。,1.0,datamine
10000024,beidou,4,牵星觅乡岸,Stunning Revenge,self,,受到攻击后的10秒内，北斗的普通攻击附带20%额外雷元素伤害。,1.0,datamine
10000024,beidou,5,踏浪霞连阶,Crimson Tidewalker,self,elemental_burst,斫雷的技能等级提高3级。 至多提升至15级。,1.0,datamine
10000024,beidou,6,北斗祓幽孽,Bane of Evil,enemy,,斫雷持续期间，周围敌人的雷元素抗性降低15%。,1.0,datamine
10000025,xingqiu,1,重帘留香,The Scent Remained,self,,雨帘剑的最大数量增加1柄。,1.0,datamine
10000025,xingqiu,2,天青现虹,Rainbow Upon the Azure Sky,enemy,,古华剑·裁雨留虹的持续时间延长3秒； 此外，受到剑雨攻击的敌人，水元素抗性降低15%，持续4秒。,1.0,datamine
10000025,xingqiu,3,织诗成锦,Weaver of Verses,self,elemental_burst,古华剑·裁雨留虹的技能等级提高3级。 至多提升至15级。,1.0,datamine
10000025,xingqiu,4,孤舟斩蛟,Evilsoother,self,,在古华剑·裁雨留虹效果持续期间，古华剑·画雨笼山造成的伤害提升50%。,1.0,datamine
10000025,xingqiu,5,雨深闭门,Embrace of Rain,self,elemental_skill,古华剑·画雨笼山的技能等级提高3级。 至多提升至15级。,1.0,datamine
10000025,xingqiu,6,万文集此,Hence、 Call Them My Own Verses,self,,古华剑·裁雨留虹每发动2次剑雨攻击，就大幅增强下一次剑雨攻击，并在命中敌人时为行秋恢复3点元素能量。,1.0,datamine
10000026,xiao,1,坏劫·毁坏三界,Dissolution Eon: Destroyer of Worlds,self,,风轮两立的可使用次数增加1次。,1.3,datamine
10000026,xiao,2,空劫·虚空华开敷变,Annihilation Eon: Blossom of Kaleidos,self,,处于队伍后台时，魈自己的元素充能效率提高25%。,1.3,datamine
10000026,xiao,3,降魔·忿怒显相,Conqueror of Evil: Wrath Deity,self,elemental_skill,风轮两立的技能等级提高3级。 至多提升至15级。,1.3,datamine
10000026,xiao,4,神通·诸苦灭尽,Transcension: Extinction of Suffering,self,,魈的生命值低于50%时，获得100%防御力提升。,1.3,datamine
10000026,xiao,5,成劫·无明增长,Evolution Eon: Origin of Ignorance,self,elemental_burst,靖妖傩舞的技能等级提高3级。 至多提升至15级。,1.3,datamine
10000026,xiao,6,降魔·护法夜叉,Conqueror of Evil: Guardian Yaksha,self,,在靖妖傩舞状态下，下落攻击命中至少2个敌人时，风轮两立立刻获得1次可使用次数，并且在接下来1秒内，可以无视冷却时间施放风轮两立。,1.3,datamine
10000027,ningguang,1,悬星尽散击云碎,Piercing Fragments,self,,普通攻击命中时，会造成范围伤害。,1.0,datamine
10000027,ningguang,2,璇玑合璧镇昆仑,Shock Effect,self,,璇玑屏碎裂时，会清除冷却时间。 该效果每6秒只能触发一次。,1.0,datamine
10000027,ningguang,3,星罗宿列天权临,Majesty Be the Array of Stars,self,elemental_burst,天权崩玉的技能等级提高3级。 至多提升至15级。,1.0,datamine
10000027,ningguang,4,攻守易形著神机,Exquisite be the Jade、 Outshining All Beneath,self,,璇玑屏会使周围角色的所有元素抗性提升10%。,1.0,datamine
10000027,ningguang,5,琼屏千扇正天衡,Invincible Be the Jade Screen,self,elemental_skill,璇玑屏的技能等级提高3级。 至多提升至15级。,1.0,datamine
10000027,ningguang,6,七星璨璨凝流光,Grandeur Be the Seven Stars,self,,施放天权崩玉时，会为凝光生成七枚星璇。,1.0,datamine
10000029,klee,1,连环轰隆,Chained Reactions,self,,攻击与施放技能时，有几率召唤火花轰击敌人，造成相当于轰轰火花攻击伤害120%的伤害。,1.0,datamine
10000029,klee,2,破破弹片,Explosive Frags,enemy,,蹦蹦炸弹的诡雷会使敌人的防御力降低23%，持续10秒。,1.0,datamine
10000029,klee,3,可莉特调,Exquisite Compound,self,elemental_skill,蹦蹦炸弹的技能等级提高3级。 至多提升至15级。,1.0,datamine
10000029,klee,4,一触即发,Sparkly Explosion,self,,如果在轰轰火花持续期间内退场，会引发爆炸，造成555%攻击力的火元素范围伤害。,1.0,datamine
10000029,klee,5,轰击之星,Nova Burst,self,elemental_burst,轰轰火花的技能等级提高3级。 至多提升至15级。,1.0,datamine
10000029,klee,6,火力全开,Blazing Delight,team,,在轰轰火花的状态下，可莉每3秒会为队伍中所有角色（不包括可莉自己）恢复3点元素能量； 施放轰轰火花后的25秒内，队伍中所有角色获得10%火元素伤害加成。,1.0,datamine
10000030,zhongli,1,岩者，六合引之为骨,Rock、 the Backbone of Earth,self,,地心创造的岩脊至多可以同时存在2个。,1.1,datamine
10000030,zhongli,2,石者，八荒韫玉而明,Stone、 the Cradle of Jade,self,,天星陨落时，会为附近的当前场上角色赋予玉璋护盾。,1.1,datamine
10000030,zhongli,3,圭璋，暝仍不移其晖,Jade、 Shimmering through Darkness,self,elemental_skill,地心的技能等级提高3级。 至多提升至15级。,1.1,datamine
10000030,zhongli,4,黄琮，破而不夺其坚,Topaz、 Unbreakable and Fearless,self,,天星的影响范围扩大20%。 此外，天星的石化效果持续时间延长2秒。,1.1,datamine
10000030,zhongli,5,苍璧，驱之长昭天理,Lazuli、 Herald of the Order,self,elemental_burst,天星的技能等级提高3级。 至多提升至15级。,1.1,datamine
10000030,zhongli,6,金玉，礼予天地四方,Chrysos、 Bounty of Dominator,self,,玉璋护盾受到伤害时，将为当前角色恢复生命值，回复量为伤害的40%。 单次回复量不超过当前角色最大生命值的8%。,1.1,datamine
10000031,fischl,1,幽邃鸦眼,Gaze of the Deep,self,,奥兹不在战场上时，也会透过鸦眼守望菲谢尔。在菲谢尔对敌人进行普通攻击时，奥兹会通过鸦眼协同攻击，造成22%攻击力的伤害。,1.0,datamine
10000031,fischl,2,圣裁影羽,Devourer of All Sins,self,,施放夜巡影翼时，能额外造成200%攻击力的伤害，并使影响范围扩大50%。,1.0,datamine
10000031,fischl,3,渊色黑翼,Wings of Nightmare,self,elemental_skill,夜巡影翼的技能等级提高3级。 至多提升至15级。,1.0,datamine
10000031,fischl,4,皇女幻绮谭,Her Pilgrimage of Bleak,self,,施放至夜幻现时，会对周围的敌人造成222%攻击力的雷元素伤害； 技能效果结束时，会为菲谢尔恢复20%生命值。,1.0,datamine
10000031,fischl,5,至夜默示录,Against the Fleeing Light,self,elemental_burst,至夜幻现的技能等级提高3级。 至多提升至15级。,1.0,datamine
10000031,fischl,6,永夜之禽,Evernight Raven,self,,奥兹的存在时间延长2秒。此外，奥兹会协同当前场上自己的角色一起攻击，造成菲谢尔30%攻击力的雷元素伤害。,1.0,datamine
10000032,bennett,1,冒险憧憬,Grand Expectation,self,,美妙旅程的攻击力提升效果不再有生命值限制，数值上追加班尼特基础攻击力的20%。,1.0,datamine
10000032,bennett,2,踏破绝境,Impasse Conqueror,self,,班尼特的生命值低于70%时，元素充能效率提高30%。,1.0,datamine
10000032,bennett,3,火热激情,Unstoppable Fervor,self,elemental_skill,热情过载的技能等级提高3级。 至多提升至15级。,1.0,datamine
10000032,bennett,4,热情不灭,Unexpected Odyssey,self,,施放一段蓄力的热情过载时，在技能第二段攻击中进行普通攻击，可以施放额外的追击。 追击的伤害等同于第二段攻击的135%。,1.0,datamine
10000032,bennett,5,开拓的心魂,True Explorer,self,elemental_burst,美妙旅程的技能等级提高3级。 至多提升至15级。,1.0,datamine
10000032,bennett,6,烈火与勇气,Fire Ventures With Me,self,,处在美妙旅程领域内的队伍中当前场上单手剑、双手剑、长柄武器角色获得15%火元素伤害加成，并获得火元素附魔。,1.0,datamine
10000033,tartaglia,1,魔王武装·遏浪,Foul Legacy: Tide Withholder,self,,魔王武装·狂澜的冷却时间降低20%。,1.1,datamine
10000033,tartaglia,2,魔王武装·暗流,Foul Legacy: Understream,self,,处于断流效果影响下的敌人被击败时，为达达利亚恢复4点元素能量。,1.1,datamine
10000033,tartaglia,3,深渊之灾·纷争涡源,Abyssal Mayhem: Vortex of Turmoil,self,elemental_skill,魔王武装·狂澜的技能等级提高3级。 至多提升至15级。,1.1,datamine
10000033,tartaglia,4,深渊之灾·凝水盛放,Abyssal Mayhem: Hydrospout,self,,每4秒，场上存在达达利亚自身施加的断流效果时，若达达利亚当前处于魔王武装·狂澜的近战状态，则触发断流·斩；否则，触发断流·闪。 通过此命之座触发的断流·斩与断流·闪不受这两种断流各自的触发间隔限制，也不会影响其触发间隔。,1.1,datamine
10000033,tartaglia,5,极恶技·斩水斩雨,Havoc: Formless Blade,self,elemental_burst,极恶技·尽灭闪的技能等级提高3级。 至多提升至15级。,1.1,datamine
10000033,tartaglia,6,极恶技·天使灭尽,Havoc: Annihilation,self,,在近战状态下施放极恶技·尽灭闪时，清除魔王武装·狂澜的冷却时间。 该效果会在回到远程状态后触发。,1.1,datamine
10000034,noelle,1,支援就交给我吧,I Got Your Back,self,,同时处于大扫除与护心铠状态时，护心铠的生命值回复效果触发几率提升至100%。,1.0,datamine
10000034,noelle,2,旋风女仆,Combat Maid,self,,诺艾尔的重击的体力消耗降低20%，伤害提升15%。,1.0,datamine
10000034,noelle,3,女仆不会受伤,Invulnerable Maid,self,elemental_skill,护心铠的技能等级提高3级。 至多提升至15级。,1.0,datamine
10000034,noelle,4,之后会扫干净的,To Be Cleaned,self,,护心铠在效果结束时，或因伤害破碎时，会对周围的敌人造成400%攻击力的岩元素伤害。,1.0,datamine
10000034,noelle,5,骑士团扫除专家,Favonius Sweeper Master,self,elemental_burst,大扫除的技能等级提高3级。 至多提升至15级。,1.0,datamine
10000034,noelle,6,要一尘不染才行,Must Be Spotless,self,,大扫除额外提高诺艾尔防御力50%的攻击力； 此外，在技能持续时间内，每打倒1个敌人，其持续时间将延长1秒，最多不会超过10秒。,1.0,datamine
10000035,qiqi,1,寒苦回向,Ascetics of Frost,self,,寒病鬼差命中被度厄真符标记的敌人时，为七七恢复2点元素能量。,1.0,datamine
10000035,qiqi,2,冰寒蚀骨,Frozen to the Bone,self,,对受到冰元素影响的敌人，七七的普通攻击与重击造成的伤害提升15%。,1.0,datamine
10000035,qiqi,3,升天宝诰,Ascendant Praise,self,elemental_burst,仙法·救苦度厄的技能等级提高3级。 至多提升至15级。,1.0,datamine
10000035,qiqi,4,天威压众,Divine Suppression,self,,被度厄真符标记的目标，攻击力下降20%。,1.0,datamine
10000035,qiqi,5,红莲开绽,Crimson Lotus Bloom,self,elemental_skill,仙法·寒病鬼差的技能等级提高3级。 至多提升至15级。,1.0,datamine
10000035,qiqi,6,起死回骸,Rite of Resurrection,team,,施放仙法·救苦度厄时，复苏附近队伍中所有倒下的角色，并将其生命值恢复至50%。 该效果每15分钟只能触发一次。,1.0,datamine
10000036,chongyun,1,释凌咏冰,Ice Unleashed,self,,普通攻击的最后一击会向前方释放三道冰之刃，每道冰之刃对沿途的敌人造成重云50%攻击力的冰元素伤害。,1.0,datamine
10000036,chongyun,2,周天运转,Atmospheric Revolution,self,,在灵刃·重华叠霜领域内施放的元素战技与元素爆发的冷却时间减少15%。,1.0,datamine
10000036,chongyun,3,云尽光生,Cloudburst,self,elemental_burst,灵刃·云开星落的技能等级提高3级。 至多提升至15级。,1.0,datamine
10000036,chongyun,4,浮云霜天,Frozen Skies,self,,重云的所有攻击命中受到冰元素影响的敌人时，自身将恢复1点元素能量。 该效果每2秒最多触发一次。,1.0,datamine
10000036,chongyun,5,真道正理,The True Path,self,elemental_skill,灵刃·重华叠霜的技能等级提高3级。 至多提升至15级。,1.0,datamine
10000036,chongyun,6,四灵捧圣,Rally of Four Blades,self,,灵刃·云开星落对生命值百分比低于重云的敌人造成伤害时，伤害提升15%； 此外，施放时，会召唤一柄额外的灵刃。,1.0,datamine
10000037,ganyu,1,饮露,Dew-Drinker,enemy,,二段蓄力重击的霜华矢或霜华绽发命中敌人时，会使敌人的冰元素抗性降低15%，持续6秒； 此外，命中时会为甘雨恢复2点元素能量。每次二段蓄力重击只能触发一次元素能量恢复效果，无论霜华矢或霜华绽发是否都命中目标。,1.2,datamine
10000037,ganyu,2,获麟,The Auspicious,self,,山泽麟迹的可使用次数增加1次。,1.2,datamine
10000037,ganyu,3,云行,Cloud-Strider,self,elemental_burst,降众天华的技能等级提高3级。 至多提升至15级。,1.2,datamine
10000037,ganyu,4,西狩,Westward Sojourn,self,,在降众天华的领域内，敌人受到的伤害会增加，这个效果会随时间逐步加强。 受伤害加成初始为5%，每3秒提升5%，至多提升至25%。 离开领域后，效果至多持续3秒。,1.2,datamine
10000037,ganyu,5,折草,The Merciful,self,elemental_skill,山泽麟迹的技能等级提高3级。 至多提升至15级。,1.2,datamine
10000037,ganyu,6,履虫,The Clement,self,,施放山泽麟迹后30秒内的第一次霜华矢，无需蓄力即可施放。,1.2,datamine
10000038,albedo,1,伊甸之花,Flower of Eden,self,,阿贝多的创生法·拟造阳华生成的刹那之花绽放时，为阿贝多自己回复1.2点元素能量。,1.2,datamine
10000038,albedo,2,显生之宙,Opening of Phanerozoic,self,,创生法·拟造阳华的刹那之花绽放时，会为阿贝多赋予生灭计数效果，持续30秒： ·施放诞生式·大地之潮时，清除所有生灭计数效果，并根据清除的层数，提高诞生式·大地之潮的爆发伤害与生灭之花造成的伤害； ·每层生灭计数，会提高等同于阿贝多防御力的30%的伤害； ·该效果至多叠加4次。,1.2,datamine
10000038,albedo,3,太阳之华,Grace of Helios,self,elemental_skill,创生法·拟造阳华的技能等级提高3级。 至多提升至15级。,1.2,datamine
10000038,albedo,4,神性之陨,Descent of Divinity,self,,处于阳华的领域中的队伍中当前场上角色，造成的下落攻击伤害提高30%。,1.2,datamine
10000038,albedo,5,冥古之潮,Tide of Hadean,self,elemental_burst,诞生式·大地之潮的技能等级提高3级。 至多提升至15级。,1.2,datamine
10000038,albedo,6,无垢之土,Dust of Purification,self,,处在阳华的领域中的队伍中当前场上角色，若处于结晶反应产生的护盾庇护下，或阳华的领域中存在月笼时，造成的伤害提高17%。,1.2,datamine
10000039,diona,1,特调的余韵,A Lingering Flavor,self,,最烈特调的效果结束时，为迪奥娜恢复15点元素能量。,1.1,datamine
10000039,diona,2,猫爪冰摇,Shaken、 Not Purred,self,,猫爪冻冻造成的伤害提高15%，护盾的伤害吸收量提高15%； 此外，命中时，将为附近的当前其他场上角色生成一个伤害吸收量为猫爪冻冻50%的护盾，持续5秒。,1.1,datamine
10000039,diona,3,还、还要续杯？,A—Another Round?,self,elemental_burst,最烈特调的技能等级提高3级。 至多提升至15级。,1.1,datamine
10000039,diona,4,「酒业杀手」,Wine Industry Slayer,self,,在最烈特调的领域内，迪奥娜的瞄准射击的所需的蓄力时间减少60%。,1.1,datamine
10000039,diona,5,双份加冰,Double Shot、 on the Rocks,self,elemental_skill,猫爪冻冻的技能等级提高3级。 至多提升至15级。,1.1,datamine
10000039,diona,6,猫尾打烊之时,Cat's Tail Closing Time,self,,处在最烈特调领域内的角色，依据生命值获得如下效果： ·生命值低于或等于50%时，受治疗加成提升30%； ·生命值高于50%时，元素精通提升200。,1.1,datamine
10000041,mona,1,沉没的预言,Prophecy of Submersion,team,,队伍中自己的角色攻击命中处于星异状态下的敌人后的8秒内，水元素相关反应的效果提升： ·感电反应造成的伤害提升15%，月感电反应造成的伤害提升15%，蒸发反应造成的伤害提升15%，水元素扩散反应造成的伤害提升15%，月结晶反应造成的伤害提升15%； ·冻结反应的持续时间延长15%。,1.0,datamine
10000041,mona,2,星月的连珠,Lunar Chain,self,,普通攻击命中时，有20%的几率自动施放一次重击。 该效果每5秒只能触发一次。,1.0,datamine
10000041,mona,3,不休的天象,Restless Revolution,self,elemental_burst,星命定轨的技能等级提高3级。 至多提升至15级。,1.0,datamine
10000041,mona,4,灭绝的预言,Prophecy of Oblivion,team,,队伍中所有角色攻击处于星异状态下的敌人时，暴击率提升15%。,1.0,datamine
10000041,mona,5,命运的嘲弄,Mockery of Fortuna,self,elemental_skill,水中幻愿的技能等级提高3级。 至多提升至15级。,1.0,datamine
10000041,mona,6,厄运的修辞,Rhetorics of Calamitas,self,,进入虚实流动状态后，每移动1秒，莫娜的下一次重击伤害就增加60%， 通过这种方式至多可以获得180%重击伤害加成，该效果至多持续8秒。,1.0,datamine
10000042,keqing,1,雷厉,Thundering Might,self,,雷楔存在期间再次施放星斗归位时，在刻晴消失与出现的位置造成50%攻击力的雷元素范围伤害。,1.0,datamine
10000042,keqing,2,苛捐,Keen Extraction,self,,刻晴普通攻击与重击命中受到雷元素影响的敌人时，有50%几率产生一个元素微粒。 该效果每5秒只能触发一次。,1.0,datamine
10000042,keqing,3,登楼,Foreseen Reformation,self,elemental_burst,天街巡游的技能等级提高3级。 至多提升至15级。,1.0,datamine
10000042,keqing,4,调律,Attunement,self,,刻晴触发雷元素相关反应后的10秒内，攻击力提升25%。,1.0,datamine
10000042,keqing,5,移灯,Beckoning Stars,self,elemental_skill,星斗归位的技能等级提高3级。 至多提升至15级。,1.0,datamine
10000042,keqing,6,廉贞,Tenacious Star,self,,进行普通攻击、重击、施放元素战技或元素爆发时，刻晴获得6%雷元素伤害加成，持续8秒。 由普通攻击、重击、元素战技或元素爆发引起的效果分别独立存在。,1.0,datamine
10000043,sucrose,1,堆叠真空域,Clustered Vacuum Field,self,,风灵作成·陆叁零捌的可使用次数增加1次。,1.0,datamine
10000043,sucrose,2,不羁型贝特,Beth: Unbound Form,self,,禁·风灵作成·柒伍同构贰型的技能持续时间延长2秒。,1.0,datamine
10000043,sucrose,3,零失误少女,Flawless Alchemistress,self,elemental_skill,风灵作成·陆叁零捌的技能等级提高3级。 至多提升至15级。,1.0,datamine
10000043,sucrose,4,炼金的偏执,Alchemania,self,,砂糖的普通攻击或者重击累计命中敌人7次，风灵作成·陆叁零捌的冷却时间就会随机减少1-7秒。 每0.1秒至多计数一次。,1.0,datamine
10000043,sucrose,5,认真普通瓶,Caution: Standard Flask,self,elemental_burst,禁·风灵作成·柒伍同构贰型的技能等级提高3级。 至多提升至15级。,1.0,datamine
10000043,sucrose,6,混元熵增论,Chaotic Entropy,team,,禁·风灵作成·柒伍同构贰型如果发生了元素转化，则使队伍中所有角色在技能持续时间内获得20%的对应元素伤害加成。,1.0,datamine
10000044,xinyan,1,绝命的加速,Fatal Acceleration,self,,辛焱造成暴击后的5秒内，普通攻击和重击的攻击速度提升12%。 该效果每5秒只能触发一次。,1.1,datamine
10000044,xinyan,2,开场即兴段,Impromptu Opening,self,,叛逆刮弦造成的物理伤害暴击率提升100%，并会在施放时形成三级护盾·舞遍节拍。,1.1,datamine
10000044,xinyan,3,摭分的指法,Double-Stop,self,elemental_skill,热情拂扫的技能等级提高3级。 至多提升至15级。,1.1,datamine
10000044,xinyan,4,节奏的传染,Wildfire Rhythm,enemy,,热情拂扫的挥舞伤害，会使敌人的物理抗性降低15%，持续12秒。,1.1,datamine
10000044,xinyan,5,返场的高呼,Screamin' for an Encore,self,elemental_burst,叛逆刮弦的技能等级提高3级。 至多提升至15级。,1.1,datamine
10000044,xinyan,6,地狱里摇摆,Rockin' in a Flaming World,self,,辛焱的重击的体力消耗降低30%；此外，进行重击时，将基于防御力的50%获得攻击力加成。,1.1,datamine
10000045,rosaria,1,罪之导引,Unholy Revelation,self,,罗莎莉亚的攻击造成暴击后，自身攻击速度提升10%，普通攻击造成的伤害提升10%，持续4秒。,1.4,datamine
10000045,rosaria,2,无福之地,Land Without Promise,self,,终命的圣礼创造的冰枪持续时间延长4秒。,1.4,datamine
10000045,rosaria,3,告解之仪,The Wages of Sin,self,elemental_skill,噬罪的告解的技能等级提高3级。 至多提升至15级。,1.4,datamine
10000045,rosaria,4,苦痛恩典,Painful Grace,self,,噬罪的告解造成暴击时，为罗莎莉亚自己恢复5点元素能量。 每次噬罪的告解至多触发1次该效果。,1.4,datamine
10000045,rosaria,5,临终祈礼,Last Rites,self,elemental_burst,终命的圣礼的技能等级提高3级。 至多提升至15级。,1.4,datamine
10000045,rosaria,6,代行裁判,Divine Retribution,enemy,,终命的圣礼的攻击会使敌人的物理抗性降低20%，持续10秒。,1.4,datamine
10000046,hu_tao,1,赤团开时斜飞去,Crimson Bouquet,self,,处于蝶引来生施加的彼岸蝶舞状态下时，胡桃的重击不会消耗体力。,1.3,datamine
10000046,hu_tao,2,最不安神晴又复雨,Ominous Rainfall,self,,血梅香造成的伤害提高，提高值相当于效果附加时胡桃生命值上限的10%。 此外，安神秘法会为命中的敌人施加血梅香效果。,1.3,datamine
10000046,hu_tao,3,逗留采血色,Lingering Carmine,self,elemental_skill,蝶引来生的技能等级提升3级。 至多提升至15级。,1.3,datamine
10000046,hu_tao,4,伴君眠花房,Garden of Eternal Rest,team,,处于胡桃自己施加的血梅香状态影响下的敌人被击败时，附近的队伍中所有角色（不包括胡桃自己）的暴击率提高12%，持续15秒。,1.3,datamine
10000046,hu_tao,5,无可奈何燃花作香,Floral Incense,self,elemental_burst,安神秘法的技能等级提升3级。 至多提升至15级。,1.3,datamine
10000046,hu_tao,6,幽蝶能留一缕芳,Butterfly's Embrace,self,,胡桃的生命值降至25%以下，或承受足以使她倒下的伤害时触发： 此次伤害不会使胡桃倒下，并在接下来的10秒内，胡桃的所有元素抗性和物理抗性提高200%，暴击率提高100%，并极大地提高抗打断能力。 这个效果在胡桃生命值为1时会自动触发。 该效果每60秒只能触发一次。,1.3,datamine
10000047,kaedehara_kazuha,1,千山红遍,Scarlet Hills,self,,千早振的冷却时间减少10%。 施放万叶之一刀时，重置千早振的冷却时间。,1.6,datamine
10000047,kaedehara_kazuha,2,山岚残芯,Yamaarashi Tailwind,self,,万叶之一刀的流风秋野具有以下效果： ·持续期间内，枫原万叶自己的元素精通提升200点； ·其中的场上角色的元素精通提升200点。 该命之座提供的元素精通提升效果无法叠加。,1.6,datamine
10000047,kaedehara_kazuha,3,枫袖奇谭,Maple Monogatari,self,elemental_skill,千早振的技能等级提高3级。 至多提升至15级。,1.6,datamine
10000047,kaedehara_kazuha,4,大空幻法,Oozora Genpou,self,,当枫原万叶的元素能量低于45点时，具有如下效果： ·点按、长按施放千早振时，将分别为枫原万叶恢复3、4点元素能量； ·处于滑翔状态下时，每秒为枫原万叶恢复2点元素能量。,1.6,datamine
10000047,kaedehara_kazuha,5,万世之集,Wisdom of Bansei,self,elemental_burst,万叶之一刀的技能等级提高3级。 至多提升至15级。,1.6,datamine
10000047,kaedehara_kazuha,6,血赤叶红,Crimson Momiji,self,,枫原万叶施放千早振或万叶之一刀后的5秒内，获得风元素附魔，并且枫原万叶的每点元素精通，都会使他的普通攻击、重击、下落攻击造成的伤害提高0.2%。,1.6,datamine
10000048,yanfei,1,占理不饶人,The Law Knows No Kindness,self,,烟绯进行重击时，每持有一枚丹火印，都会提高烟绯在咏唱期间的抗打断能力，并额外降低本次重击10%的体力消耗。,1.5,datamine
10000048,yanfei,2,最终解释权,Right of Final Interpretation,self,,烟绯的重击对于生命值低于50%的敌人，暴击率提高20%。,1.5,datamine
10000048,yanfei,3,真火炼宝印,Samadhi Fire-Forged,self,elemental_skill,丹书立约的技能等级提高3级。 至多提升至15级。,1.5,datamine
10000048,yanfei,4,丹书金铁券,Supreme Amnesty,self,,施放凭此结契时： 生成一个伤害吸收量等于生命值上限45%的护盾，持续15秒。 该护盾对火元素伤害有250%的吸收效果。,1.5,datamine
10000048,yanfei,5,遵法切结书,Abiding Affidavit,self,elemental_burst,凭此结契的技能等级提高3级。 至多提升至15级。,1.5,datamine
10000048,yanfei,6,是额外条款,Extra Clause,self,,烟绯持有的丹火印最大数量增加一枚。,1.5,datamine
10000049,yoimiya,1,赤玉琉金,Agate Ryuukin,self,,琉金云间草的琉金火光持续时间延长4秒。 此外，处于宵宫自己的琉金火光影响下的敌人在持续期间内被击败时，宵宫的攻击力提高20%，持续20秒。,2.0,datamine
10000049,yoimiya,2,万灯送火,A Procession of Bonfires,self,,宵宫的火元素伤害造成暴击后的6秒内，宵宫获得25%火元素伤害加成。 宵宫处于队伍后台时，同样能获得该效果。,2.0,datamine
10000049,yoimiya,3,鼠火戏法,Trickster's Flare,self,elemental_skill,焰硝庭火舞的技能等级提高3级。 至多提升至15级。,2.0,datamine
10000049,yoimiya,4,花火职人心得,Pyrotechnic Professional,self,,宵宫自己的琉金火光发生爆炸时，焰硝庭火舞的冷却时间减少1.2秒。,2.0,datamine
10000049,yoimiya,5,真夏宵祭锦绘,A Summer Festival's Eve,self,elemental_burst,琉金云间草的技能等级提高3级。 至多提升至15级。,2.0,datamine
10000049,yoimiya,6,长野原龙势流星群,Naganohara Meteor Swarm,self,,在焰硝庭火舞的持续期间内，宵宫主动进行普通攻击时，有50%几率发射一枚额外的炽焰箭，造成原本60%的伤害。该伤害视为普通攻击伤害。,2.0,datamine
10000050,thoma,1,同袍的义理,A Comrade's Duty,self,,处于托马自己的烈烧佑命护盾庇护下的角色（除了托马自己）受到攻击时，托马自己的烈烧佑命之侍护的冷却时间减少3秒，真红炽火之大铠的冷却时间减少3秒。 该效果每20秒至多触发一次。,2.2,datamine
10000050,thoma,2,僚佐的才巧,A Subordinate's Skills,self,,真红炽火之大铠的持续时间延长3秒。,2.2,datamine
10000050,thoma,3,御敌的执定,Fortified Resolve,self,elemental_skill,烈烧佑命之侍护的技能等级提高3级。 至多提升至15级。,2.2,datamine
10000050,thoma,4,用臣的久计,Long-Term Planning,self,,施放真红炽火之大铠后，为托马恢复15点元素能量。,2.2,datamine
10000050,thoma,5,野火的豪烈,Raging Wildfire,self,elemental_burst,真红炽火之大铠的技能等级提高3级。 至多提升至15级。,2.2,datamine
10000050,thoma,6,炽烧的至心,Burning Heart,team,,获取或刷新烈烧佑命护盾时，队伍中所有角色的普通攻击，重击与下落攻击造成的伤害提升15%，持续6秒。,2.2,datamine
10000051,eula,1,光潮的幻象,Tidal Illusion,self,,消耗冰潮的涡旋的冷酷之心效果后，优菈的物理伤害加成提高30%，持续6秒， 每消耗一层冷酷之心，都会使这个效果的持续时间延长6秒，最多不会超过18秒。,1.5,datamine
10000051,eula,2,海沫的少女,Lady of Seafoam,self,,缩短冰潮的涡旋长按的冷却时间，使其降低至与点按的冷却时间相同。,1.5,datamine
10000051,eula,3,劳伦斯的血脉,Lawrence Pedigree,self,elemental_burst,凝浪之光剑的技能等级提高3级。 至多提升至15级。,1.5,datamine
10000051,eula,4,自卑者的逞强,The Obstinacy of One's Inferiors,self,,对生命值低于50%的敌人，光降之剑造成的伤害提高25%。,1.5,datamine
10000051,eula,5,骑士的素质,Chivalric Quality,self,elemental_skill,冰潮的涡旋的技能等级提高3级。 至多提升至15级。,1.5,datamine
10000051,eula,6,高贵者的义务,Noble Obligation,self,,凝浪之光剑创造的光降之剑立即获得5层能量。普通攻击、元素战技或元素爆发造成伤害使其积蓄能量层数时，有50%的概率额外获得一层。,1.5,datamine
10000052,raiden_shogun,1,恶曜卜词,Ominous Inscription,self,,诸愿百眼之轮能更加迅速地积攒愿力。元素类型为雷元素的角色施放元素爆发后，积攒的愿力提升80%；其他元素类型的角色施放元素爆发后，积攒的愿力提升20%。,2.1,datamine
10000052,raiden_shogun,2,斩铁断金,Steelbreaker,self,,奥义·梦想真说的梦想一刀与梦想一心状态下的雷电将军的攻击将无视敌人60%的防御力。,2.1,datamine
10000052,raiden_shogun,3,真影旧事,Shinkage Bygones,self,elemental_burst,奥义·梦想真说的技能等级提高3级。 至多提升至15级。,2.1,datamine
10000052,raiden_shogun,4,誓奉常道,Pledge of Propriety,team,,奥义·梦想真说施加的梦想一心状态结束后，附近的队伍中所有角色（不包括雷电将军自己）的攻击力提升30%，持续10秒。,2.1,datamine
10000052,raiden_shogun,5,凶将显形,Shogun's Descent,self,elemental_skill,神变·恶曜开眼的技能等级提高3级。 至多提升至15级。,2.1,datamine
10000052,raiden_shogun,6,负愿前行,Wishbearer,team,,处于奥义·梦想真说施加的梦想一心状态下时，雷电将军的元素爆发伤害命中敌人时，使附近的队伍中所有角色（不包括雷电将军自己）元素爆发的冷却时间缩短1秒。 该效果每1秒至多触发一次，在持续期间内至多触发5次。,2.1,datamine
10000053,sayu,1,一心二用之术,Multi-Task no Jutsu,self,,呜呼流·影貉缭乱的不倒貉貉的行动将忽视生命值限制，能同时攻击附近的敌人并为角色恢复生命值。,2.0,datamine
10000053,sayu,2,理清逃跑路线,Egress Prep,self,,呜呼流·风隐急进获得如下效果： ·点按施放时，风风轮舞踢造成的伤害提高3.3%； ·处于长按施放后的风风轮状态下时，每0.5秒，就会使这次施展的风风轮舞踢造成的伤害提高3.3%。通过这种方式，风风轮舞踢造成的伤害至多可以提高66%。,2.0,datamine
10000053,sayu,3,都交给分身吧,Eh、 the Bunshin Can Handle It,self,elemental_burst,呜呼流·影貉缭乱的技能等级提高3级。 至多提升至15级。,2.0,datamine
10000053,sayu,4,偷懒的新方法,Skiving: New and Improved,self,,早柚在场上触发扩散或星扩散反应时，将恢复1.2点元素能量。 该效果每2秒只能触发一次。,2.0,datamine
10000053,sayu,5,快是第一奥义,Speed Comes First,self,elemental_skill,呜呼流·风隐急进的技能等级提高3级。 至多提升至15级。,2.0,datamine
10000053,sayu,6,呼呼大睡时间,Sleep O'Clock,self,,早柚自己通过呜呼流·影貉缭乱召唤的不倒貉貉的攻击与回复量，受益于早柚的元素精通。早柚的每点元素精通，能产生如下效果： ·使不倒貉貉的攻击额外造成0.2%攻击力的伤害。通过这种方式至多额外造成400%攻击力的伤害； ·使不倒貉貉的回复量提高3点。通过这种方式，至多提高6000点回复量。,2.0,datamine
10000054,sangonomiya_kokomi,1,决水于溪,At Water's Edge,self,,处于海人化羽的仪来羽衣状态下时，珊瑚宫心海普通攻击的最后一击会额外释放一只游鱼，造成相当于珊瑚宫心海生命值上限30%的水元素伤害。 该伤害不被视为普通攻击伤害。,2.1,datamine
10000054,sangonomiya_kokomi,2,波起云海,The Clouds Like Waves Rippling,self,,基于珊瑚宫心海的生命值上限，珊瑚宫心海对生命值低于或等于50%的角色，通过以下途径进行治疗的回复量获得提升： ·海月之誓的化海月：生命值上限的4.5% ·海人化羽的普通攻击与重击：生命值上限的0.6%。,2.1,datamine
10000054,sangonomiya_kokomi,3,海渚月舟,The Moon、 A Ship O'er the Seas,self,elemental_burst,海人化羽的技能等级提高3级。 至多提升至15级。,2.1,datamine
10000054,sangonomiya_kokomi,4,月摄千川,The Moon Overlooks the Waters,self,,处于海人化羽的仪来羽衣状态下时，珊瑚宫心海普通攻击的攻击速度提升10%，并会在普通攻击命中敌人时，恢复0.8点元素能量。 该效果每0.2秒至多触发一次。,2.1,datamine
10000054,sangonomiya_kokomi,5,百川集海,All Streams Flow to the Sea,self,elemental_skill,海月之誓的技能等级提高3级。 至多提升至15级。,2.1,datamine
10000054,sangonomiya_kokomi,6,珊瑚一心,Sango Isshin,self,,处于海人化羽的仪来羽衣状态下时，珊瑚宫心海的普通攻击和重击对生命值高于或等于80%的角色进行治疗时，将获得40%水元素伤害加成，持续4秒。,2.1,datamine
10000055,gorou,1,犬奔·疾如风,Rushing Hound: Swift as the Wind,self,,处于五郎自己的大将旗指物或大将威仪领域中的当前场上角色（除了五郎自己）对敌人造成岩元素伤害后，五郎自己的犬坂吠吠方圆阵冷却时间减少2秒。 该效果每10秒至多触发一次。,2.3,datamine
10000055,gorou,2,犬坐·稳如钟,Sitting Hound: Steady as a Clock,self,,在大将威仪的持续期间，附近的当前场上角色获取结晶反应产生的晶片或触发月结晶反应后，五郎自己的大将威仪的持续时间延长1秒。 该效果每0.1秒至多触发一次，至多通过这种方式延长3秒持续时间。,2.3,datamine
10000055,gorou,3,犬爪·势如火,Mauling Hound: Fierce as Fire,self,elemental_skill,犬坂吠吠方圆阵的技能等级提高3级。 至多提升至15级。,2.3,datamine
10000055,gorou,4,犬舐·温如水,Lapping Hound: Warm as Water,self,,大将威仪在具有「难破」或「摧碎」的效果时，每1.5秒，为领域内的当前场上角色恢复生命值，回复量相当于五郎自己防御力的50%。,2.3,datamine
10000055,gorou,5,犬突·动如雷,Striking Hound: Thunderous Force,self,elemental_burst,兽牙逐突形胜战法的技能等级提高3级。 至多提升至15级。,2.3,datamine
10000055,gorou,6,犬勇·忠如山,Valiant Hound: Mountainous Fealty,team,,施放犬坂吠吠方圆阵或兽牙逐突形胜战法后的12秒内，依据施放时的领域等级，提高附近的队伍中所有角色岩元素伤害的暴击伤害： ·「坚牢」：提高10%； ·「难破」：提高20%； ·「摧碎」：提高40%。 该效果无法叠加，以后生效的为准。,2.3,datamine
10000056,kujou_sara,1,乌眼,Crow's Eye,self,,天狗咒雷为角色施加攻击力提升效果或命中敌人后，鸦羽天狗霆雷召咒的冷却时间减少1秒。 该效果每3秒至多触发一次。,2.1,datamine
10000056,kujou_sara,2,鸦羽,Dark Wings,self,,施放鸦羽天狗霆雷召咒时，会在九条裟罗原本的位置留下能引发一次较弱的天狗咒雷·伏的「乌羽」，造成原本30%的伤害。,2.1,datamine
10000056,kujou_sara,3,心魔,The War Within,self,elemental_burst,煌煌千道镇式的技能等级提高3级。 至多提升至15级。,2.1,datamine
10000056,kujou_sara,4,彻证,Conclusive Proof,self,,煌煌千道镇式释放的天狗咒雷·雷砾增加至6道。,2.1,datamine
10000056,kujou_sara,5,咒咏,Spellsinger,self,elemental_skill,鸦羽天狗霆雷召咒的技能等级提高3级。 至多提升至15级。,2.1,datamine
10000056,kujou_sara,6,我界,Sin of Pride,self,,处于天狗咒雷带来的攻击力提升效果状态下的角色，其雷元素伤害的暴击伤害提高60%。,2.1,datamine
10000057,arataki_itto,1,倘若不知，我讲你听,Stay a While and Listen Up,self,,施放最恶鬼王·一斗轰临！！后，荒泷一斗获得2层「乱神之怪力」效果。1秒后，荒泷一斗每0.5秒再获得1层「乱神之怪力」效果，持续1.5秒。,2.3,datamine
10000057,arataki_itto,2,纠集众人，斗倒御岳,Gather 'Round、 It's a Brawl!,self,,施放最恶鬼王·一斗轰临！！后，队伍中每个元素类型为岩元素的角色，都将使其冷却时间减少1.5秒，使荒泷一斗的元素能量恢复6点。 通过这种方式，至多减少4.5秒冷却时间，恢复18点元素能量。,2.3,datamine
10000057,arataki_itto,3,水陆自在，牛王同行,Horns Lowered、 Coming Through,self,elemental_skill,魔杀绝技·赤牛发破！的技能等级提高3级。 至多提升至15级。,2.3,datamine
10000057,arataki_itto,4,奉行牢狱，茶饭之所,Jailhouse Bread and Butter,team,,最恶鬼王·一斗轰临！！施加的「怒目鬼王」状态结束后，附近的队伍中所有角色的防御力提升20%，攻击力提升20%，持续10秒。,2.3,datamine
10000057,arataki_itto,5,十年花坂，皆知我名,10 Years of Hanamizaka Fame,self,elemental_burst,最恶鬼王·一斗轰临！！的技能等级提高3级。 至多提升至15级。,2.3,datamine
10000057,arataki_itto,6,在下荒泷一斗是也,Arataki Itto、 Present!,self,,荒泷一斗的重击的暴击伤害提高70%；此外，施展「荒泷逆袈裟」时，有50%的几率不消耗「乱神之怪力」。,2.3,datamine
10000058,yae_miko,1,野狐供真篇,Yakan Offering,self,,大密法·天狐显真每引发一次天狐霆雷，都会为八重神子自己恢复8点元素能量。,2.5,datamine
10000058,yae_miko,2,望月吼哕声,Fox's Mooncall,self,,杀生樱创造时的初始位阶提升至贰阶，位阶上限提升至肆阶，攻击范围提升60%。,2.5,datamine
10000058,yae_miko,3,七段妙变化,The Seven Glamours,self,elemental_skill,野干役咒·杀生樱的技能等级提高3级。 至多提升至15级。,2.5,datamine
10000058,yae_miko,4,绯樱引雷章,Sakura Channeling,team,,杀生樱的落雷命中敌人后，队伍中附近的所有角色获得20%雷元素伤害加成，持续5秒。,2.5,datamine
10000058,yae_miko,5,暴恶嗤笑面,Mischievous Teasing,self,elemental_burst,大密法·天狐显真的技能等级提高3级。 至多提升至15级。,2.5,datamine
10000058,yae_miko,6,大杀生咒禁,Forbidden Art: Daisesshou,self,,杀生樱在攻击时无视敌人60%的防御力。,2.5,datamine
10000059,shikanoin_heizou,1,称名少年事件簿,Named Juvenile Casebook,self,,鹿野院平藏登场后的5秒内，普通攻击的攻击速度提升15%，并获得1层勠心拳的「变格」效果，该效果每10秒最多触发一次。,2.8,datamine
10000059,shikanoin_heizou,2,殊解诸因探案集,Investigative Collection,self,,聚风蹴产生的缉拿风穴的牵引效果获得提升，并将持续时间延长至1秒。,2.8,datamine
10000059,shikanoin_heizou,3,暗文隐语谜题册,Esoteric Puzzle Book,self,elemental_skill,勠心拳的技能等级提高3级。 至多提升至15级。,2.8,datamine
10000059,shikanoin_heizou,4,虚言假说百物语,Tome of Lies,self,,在一次聚风蹴中，「聚风真眼」在第一次爆发后，将为鹿野院平藏恢复9点元素能量，此后每次爆发，都将分别为鹿野院平藏额外恢复1.5点元素能量， 一次聚风蹴，至多通过这种方式为鹿野院平藏恢复13.5点元素能量。,2.8,datamine
10000059,shikanoin_heizou,5,禁室密所大图鉴,Secret Archive,self,elemental_burst,聚风蹴的技能等级提高3级。 至多提升至15级。,2.8,datamine
10000059,shikanoin_heizou,6,奇想天开捕物帐,Curious Casefiles,self,,施放勠心拳时，每层「变格」都将为本次勠心拳提升4%暴击率。拥有「正论」时，本次勠心拳的暴击伤害将提升32%。,2.8,datamine
10000060,yelan,1,与谋者，以局入局,Enter the Plotters,self,,萦络纵命索的可使用次数增加1次。,2.7,datamine
10000060,yelan,2,入彀者，多多益善,Taking All Comers,self,,「玄掷玲珑」协同攻击时，会发射一枚额外的水箭，造成相当于夜兰生命值上限14%的水元素伤害。 该效果每1.8秒至多触发一次。,2.7,datamine
10000060,yelan,3,晃盅者，琼畟药骰,Beware the Trickster's Dice,self,elemental_burst,渊图玲珑骰的技能等级提高3级。 至多提升至15级。,2.7,datamine
10000060,yelan,4,诓惑者，接树移花,Bait-and-Switch,team,,依照「络命丝」标记敌人的数量，每次标记将在爆发时使队伍中所有角色的生命值上限提升10%，持续25秒。通过这种方式，生命值上限至多获得40%提升。,2.7,datamine
10000060,yelan,5,坐庄者，三仙戏法,Dealer's Sleight,self,elemental_skill,萦络纵命索的技能等级提高3级。 至多提升至15级。,2.7,datamine
10000060,yelan,6,取胜者，大小通吃,Winner Takes All,self,,施放渊图玲珑骰后，夜兰将进入「运筹帷幄」状态： 夜兰的普通攻击将转为发射特殊的「破局矢」。这种箭矢具有与破局矢近似的特性，造成的伤害视为重击伤害，能造成破局矢156%的伤害。 「运筹帷幄」状态至多持续20秒，将在夜兰发射5枚箭矢后移除。,2.7,datamine
10000061,kirara,1,物器流转,Material Circulation,self,,施放秘法·惊喜特派时，绮良良的每8000点生命值上限都将额外生成1枚猫草豆蔻，至多通过这种方式额外生成4枚猫草豆蔻。,3.7,datamine
10000061,kirara,2,八尖裹术,Perfectly Packaged,team,,绮良良处于呜喵町飞足的猫箱急件状态下时，将为冲撞触及的队伍中其他角色施加安全运输护盾·要件。 安全运输护盾·要件的伤害吸收量相当于呜喵町飞足的安全运输护盾的吸收量上限的40%，且对草元素伤害有250%的吸收效果。 安全运输护盾·要件持续12秒，此效果每10秒对每位角色至多触发一次。,3.7,datamine
10000061,kirara,3,万户门牌通识,Universal Recognition,self,elemental_skill,呜喵町飞足的技能等级提高3级。 至多提升至15级。,3.7,datamine
10000061,kirara,4,韦驮骏足,Steed of Skanda,team,,处于安全运输护盾或安全运输护盾·要件的当前场上角色的普通攻击、重击与下落攻击命中敌人后，绮良良将使用猫草小豆蔻进行协同攻击，造成相当于绮良良攻击力200%草元素伤害，通过这种方式造成的伤害视为元素爆发伤害。此效果每3.8秒至多触发一次，队伍中所有角色共享冷却时间。,3.7,datamine
10000061,kirara,5,千里一日,A Thousand Miles in a Day,self,elemental_burst,秘法·惊喜特派的技能等级提高3级。 至多提升至15级。,3.7,datamine
10000061,kirara,6,沿途百景会心,Countless Sights to See,team,,绮良良施放元素战技或元素爆发后的15秒内，附近的队伍中所有角色获得12%所有元素伤害加成。,3.7,datamine
10000062,aloy,1,异界之星,Star of Another World,self,,点亮此人一方星空之刻尚未到来。,2.1,datamine
10000062,aloy,2,异界之星,Star of Another World,self,,点亮此人一方星空之刻尚未到来。,2.1,datamine
10000062,aloy,3,异界之星,Star of Another World,self,,点亮此人一方星空之刻尚未到来。,2.1,datamine
10000062,aloy,4,异界之星,Star of Another World,self,,点亮此人一方星空之刻尚未到来。,2.1,datamine
10000062,aloy,5,异界之星,Star of Another World,self,,点亮此人一方星空之刻尚未到来。,2.1,datamine
10000062,aloy,6,异界之星,Star of Another World,self,,点亮此人一方星空之刻尚未到来。,2.1,datamine
10000063,shenhe,1,心斋,Clarity of Heart,self,,仰灵威召将役咒的可使用次数增加1次。,2.4,datamine
10000063,shenhe,2,定蒙,Centered Spirit,self,,神女遣灵真诀的持续时间延长6秒。领域中的当前场上角色，冰元素伤害的暴击伤害提高15%。,2.4,datamine
10000063,shenhe,3,潜虚,Seclusion,self,elemental_skill,仰灵威召将役咒的技能等级提高3级。 至多提升至15级。,2.4,datamine
10000063,shenhe,4,洞观,Insight,self,,处于申鹤自己施加的「冰翎」状态下的角色，触发「冰翎」的伤害增加时，申鹤将获得一层「霜霄诀」： ·申鹤施放仰灵威召将役咒时，将清除所有「霜霄诀」，并根据清除的层数，每层使本次仰灵威召将役咒造成的伤害提高5%； ·该效果至多叠加50次，持续60秒。,2.4,datamine
10000063,shenhe,5,化神,Divine Attainment,self,elemental_burst,神女遣灵真诀的技能等级提高3级。 至多提升至15级。,2.4,datamine
10000063,shenhe,6,忘玄,Mystical Abandon,self,,角色通过普通攻击伤害与重击伤害触发「冰翎」的效果时，将不再会减少「冰翎」的生效次数。,2.4,datamine
10000064,yun_jin,1,飞身趟马,Thespian Gallop,self,,旋云开相的冷却时间减少18%。,2.4,datamine
10000064,yun_jin,2,诸般切末,Myriad Mise-En-Scène,team,,施放破嶂见旌仪后，附近队伍中所有角色普通攻击造成的伤害提升15%，持续12秒。,2.4,datamine
10000064,yun_jin,3,牙纛探海,Seafaring General,self,elemental_burst,破嶂见旌仪的技能等级提高3级。 至多提升至15级。,2.4,datamine
10000064,yun_jin,4,昇堂吊云,Flower and a Fighter,self,,云堇触发结晶、月结晶反应后，防御力提升20%，持续12秒。,2.4,datamine
10000064,yun_jin,5,翘楚名坤,Famed Throughout the Land,self,elemental_skill,旋云开相的技能等级提高3级。 至多提升至15级。,2.4,datamine
10000064,yun_jin,6,庄谐并举,Decorous Harmony,self,,处于「飞云旗阵」状态下的角色，普通攻击的攻击速度提升12%。,2.4,datamine
10000065,kuki_shinobu,1,割舍怜悯之心,To Cloister Compassion,self,,御咏鸣神刈山祭的影响范围提升50%。,2.7,datamine
10000065,kuki_shinobu,2,割舍侥幸之心,To Forsake Fortune,self,,越祓草轮的持续时间延长3秒。,2.7,datamine
10000065,kuki_shinobu,3,割舍痛苦之心,To Sequester Sorrow,self,elemental_skill,越祓雷草之轮的技能等级提高3级。 至多提升至15级。,2.7,datamine
10000065,kuki_shinobu,4,割舍封闭之心,To Sever Sealing,self,,处于久岐忍自己的越祓草轮状态下的角色，在普通攻击、重击或下落攻击命中敌人时，雷草标将落在敌人所在的位置，基于久岐忍生命值上限的9.7%，造成雷元素范围伤害。 该效果每5秒至多触发一次。,2.7,datamine
10000065,kuki_shinobu,5,割舍逢迎之心,To Cease Courtesies,self,elemental_burst,御咏鸣神刈山祭的技能等级提高3级。 至多提升至15级。,2.7,datamine
10000065,kuki_shinobu,6,割舍软弱之心,To Ward Weakness,self,,久岐忍承受足以使她倒下的伤害时，此次伤害不会使她倒下，这个效果在久岐忍生命值为1时会自动触发，该效果每60秒只能触发一次。 久岐忍生命值降至25%以下时，会提升自身150点精通，持续15秒，该效果每60秒只能触发一次。,2.7,datamine
10000066,kamisato_ayato,1,镜华风姿,Kyouka Fuushi,self,,对于生命值低于或等于50%的敌人，瞬水剑造成的伤害提升40%。,2.6,datamine
10000066,kamisato_ayato,2,世有源泉,World Source,self,,浪闪叠加上限提升至5层；神里绫人处于至少3层浪闪状态下时，将提升50%生命值上限。,2.6,datamine
10000066,kamisato_ayato,3,无意弄花,To Admire the Flowers,self,elemental_skill,神里流·镜花的技能等级提高3级。 至多提升至15级。,2.6,datamine
10000066,kamisato_ayato,4,不厌细流,Endless Flow,team,,施放神里流·水囿后，队伍中附近的角色普通攻击的攻击速度提升15%，持续15秒。,2.6,datamine
10000066,kamisato_ayato,5,万水一露,Bansui Ichiro,self,elemental_burst,神里流·水囿的技能等级提高3级。 至多提升至15级。,2.6,datamine
10000066,kamisato_ayato,6,滥觞无底,Boundless Origin,self,,施放神里流·镜花之后，神里绫人的下一次瞬水剑攻击命中敌人时，将进行2次额外的瞬水剑攻击，各自能造成神里绫人攻击力450%的伤害。 此两次瞬水剑攻击不会受到浪闪的增益。,2.6,datamine
10000067,collei,1,巡护深林,Deepwood Patrol,self,,柯莱处于队伍后台时，元素充能效率提升20%。,3.0,datamine
10000067,collei,2,漫行山薮,Through Hill and Copse,team,,突破天赋「飞叶迴斜」转变为： 飞叶轮返回时，将为角色赋予突破天赋「飞叶迴斜」的「新叶」状态，持续对身边的敌人造成相当于柯莱攻击力40%的草元素伤害，持续3秒。 从施放拂花偈叶开始，到此次新叶状态消失前，如果队伍中自己的角色触发了燃烧、原激化、超激化、蔓激化、绽放、超绽放、烈绽放或月绽放反应，则使此次新叶效果的持续时间延长3秒。 新叶效果至多通过这种方式延长一次持续时间；在持续期间再次产生新叶效果时，将移除原有的效果。新叶效果造成的伤害视为元素战技伤害。 需要解锁突破天赋「飞叶迴斜」。,3.0,datamine
10000067,collei,3,夏堇芳菲,Scent of Summer,self,elemental_skill,拂花偈叶的技能等级提高3级。 至多提升至15级。,3.0,datamine
10000067,collei,4,骞林馈遗,Gift of the Woods,team,,施放猫猫秘宝时，将使队伍中附近的所有角色（不包括柯莱自己）的元素精通提升60点，持续12秒。,3.0,datamine
10000067,collei,5,俱象残火,All Embers,self,elemental_burst,猫猫秘宝的技能等级提高3级。 至多提升至15级。,3.0,datamine
10000067,collei,6,坠镞为林,Forest of Falling Arrows,self,,飞叶轮命中时，会产生一个迷你柯里安巴，造成相当于柯莱攻击力200%的草元素伤害。 每次施放拂花偈叶至多产生1次迷你柯里安巴。,3.0,datamine
10000068,dori,1,追加投资,Additional Investment,self,,断除烦恼炮命中后产生的售后服务弹增加1枚。,3.0,datamine
10000068,dori,2,特许经营,Special Franchise,self,,在战斗状态中，当灯中幽精为相连的角色进行治疗时，将从该角色处发射一枚镇灵炮，造成相当于多莉攻击力50%的伤害。,3.0,datamine
10000068,dori,3,百巧千奇,Wonders Never Cease,self,elemental_burst,卡萨扎莱宫的无微不至的技能等级提高3级。 至多提升至15级。,3.0,datamine
10000068,dori,4,酌盈剂虚,Discretionary Supplement,self,,与灯中幽精相连的角色，依据当前的生命值与元素能量，获得以下提升： ·生命值低于50%时，提升50%受治疗加成； ·元素能量低于50%时，提升30%元素充能效率。,3.0,datamine
10000068,dori,5,物超所值,Value for Mora,self,elemental_skill,镇灵之灯·烦恼解决炮的技能等级提高3级。 至多提升至15级。,3.0,datamine
10000068,dori,6,漫掷万镒,Sprinkling Weight,team,,多莉施放镇灵之灯·烦恼解决炮后的3秒内，将获得以下效果： ·雷元素附魔； ·普通攻击命中敌人时，为队伍中附近的所有角色恢复相当于多莉生命值上限4%的生命值，每0.1秒至多通过这种方式恢复一次生命值。,3.0,datamine
10000069,tighnari,1,由根须断定肇始,Beginnings Determined at the Roots,self,,提纳里重击的暴击率提高15%。,3.0,datamine
10000069,tighnari,2,由茎干剖析来缘,Origins Known From the Stem,self,,当识果种雷的识蕴领域中存在敌人时，提纳里获得20%草元素伤害加成。 识蕴领域持续时间结束或其中不存在敌人后，该效果至多持续6秒。,3.0,datamine
10000069,tighnari,3,由枝节知晓造化,Fortunes Read Amongst the Branches,self,elemental_burst,造生缠藤箭的技能等级提高3级。 至多提升至15级。,3.0,datamine
10000069,tighnari,4,由片叶管窥枯荣,Withering Glimpsed in the Leaves,team,,施放造生缠藤箭时，队伍中附近的所有角色的元素精通提升60点，持续8秒。若造生缠藤箭触发了燃烧、绽放、月绽放、原激化或蔓激化反应，元素精通将进一步提升60点，并刷新该状态的持续时间。,3.0,datamine
10000069,tighnari,5,由繁花明了悟觉,Comprehension Amidst the Flowers,self,elemental_skill,识果种雷的技能等级提高3级。 至多提升至15级。,3.0,datamine
10000069,tighnari,6,由硕实品论应果,Karma Adjudged From the Leaden Fruit,self,,花筥箭所需的蓄力时间减少0.9秒，并在命中后能产生1枚额外的藏蕴花矢，能造成提纳里攻击力150%的伤害。,3.0,datamine
10000070,nilou,1,却月的轻舞,Dance of the Waning Moon,self,,七域舞步获得如下强化： ·水月造成的伤害提升65%； ·净天水环的持续时间延长6秒。,3.1,datamine
10000070,nilou,2,星天的花雨,The Starry Skies Their Flowers Rain,enemy,,处于「金杯的丰馈」状态下的角色对敌人造成水元素伤害后，该敌人的水元素抗性降低35%，持续10秒；对敌人造成绽放或月绽放反应伤害后，该敌人的草元素抗性降低35%，持续10秒。 需要解锁突破天赋「折旋落英之庭」。,3.1,datamine
10000070,nilou,3,倾影的莲步,Beguiling Shadowstep,self,elemental_burst,浮莲舞步·远梦聆泉的技能等级提高3级。 至多提升至15级。,3.1,datamine
10000070,nilou,4,挽漪的节音,Fricative Pulse,self,,七域舞步的翩转状态下的第三段舞步命中敌人后，将为妮露恢复15点元素能量，并使妮露的浮莲舞步·远梦聆泉造成的伤害提升50%，持续8秒。,3.1,datamine
10000070,nilou,5,翩旋的流光,Twirling Light,self,elemental_skill,七域舞步的技能等级提高3级。 至多提升至15级。,3.1,datamine
10000070,nilou,6,断霜的弦歌,Frostbreaker's Melody,self,,每1000点生命值上限，将使妮露的暴击率提升0.6%，暴击伤害提升1.2%。 通过这种方式，妮露的暴击率至多提升30%，暴击伤害至多提升60%。,3.1,datamine
10000071,cyno,1,立仪·俯览昼冥,Ordinance: Unceasing Vigil,self,,施放圣仪·煟煌随狼行后，赛诺普通攻击的攻击速度提升20%，持续10秒。若施放秘仪·律渊渡魂时触发了突破天赋「落羽的裁择」的「裁定」效果，将刷新该效果的持续时间。 需要解锁突破天赋「落羽的裁择」。,3.1,datamine
10000071,cyno,2,令仪·引谒归灵,Ceremony: Homecoming of Spirits,self,,赛诺的普通攻击命中敌人后，雷元素伤害加成提升10%，持续4秒。该效果每0.1秒至多触发一次，至多叠加5层。,3.1,datamine
10000071,cyno,3,律仪·行度誓惩,Precept: Lawful Enforcer,self,elemental_burst,圣仪·煟煌随狼行的技能等级提高3级。 至多提升至15级。,3.1,datamine
10000071,cyno,4,巡仪·蒇护禁罔,Austerity: Forbidding Guard,team,,赛诺处于圣仪·煟煌随狼行的启途誓使状态下时，触发感电、月感电、超导、星超导、超载、原激化、超激化、超绽放、雷元素扩散反应后，将为队伍中附近的所有角色（除了赛诺自己）恢复3点元素能量。 该效果在一次圣仪·煟煌随狼行中，至多触发5次。,3.1,datamine
10000071,cyno,5,幽仪·逝往星芒,Funerary Rite: The Passing of Starlight,self,elemental_skill,秘仪·律渊渡魂的技能等级提高3级。 至多提升至15级。,3.1,datamine
10000071,cyno,6,羽仪·裁落钧衡,Raiment: Just Scales,self,,施放圣仪·煟煌随狼行或触发突破天赋「落羽的裁择」的「裁定」后，赛诺将获得4层「豺祭」效果。赛诺的普通攻击命中敌人时，将消耗一层「豺祭」效果，并发射一道渡荒之雷。 「豺祭」持续8秒，至多叠加8层，并将在圣仪·煟煌随狼行的启途誓使状态结束后移除。 每0.4秒至多通过这种方式发射一道渡荒之雷。 需要解锁突破天赋「落羽的裁择」。,3.1,datamine
10000072,candace,1,赤沙的归嗣,Returning Heiress of the Scarlet Sands,self,,圣仪·灰鸰衒潮的赤冕祝祷状态持续时间延长3秒。,3.1,datamine
10000072,candace,2,贯月的耀锋,Moon-Piercing Brilliance,self,,圣仪·苍鹭庇卫命中敌人时，坎蒂丝的生命值上限提升20%，持续15秒。,3.1,datamine
10000072,candace,3,织狩的奉祀,Hunter's Supplication,self,elemental_burst,圣仪·灰鸰衒潮的技能等级提高3级。 至多提升至15级。,3.1,datamine
10000072,candace,4,守戍的誓命,Sentinel Oath,self,,缩短圣仪·苍鹭庇卫长按的冷却时间，使其降低至与点按的冷却时间相同。,3.1,datamine
10000072,candace,5,萦金的苍瞳,Heterochromatic Gaze,self,elemental_skill,圣仪·苍鹭庇卫的技能等级提高3级。 至多提升至15级。,3.1,datamine
10000072,candace,6,衍溢的汐潮,The Overflow,self,,处于圣仪·灰鸰衒潮的赤冕祝祷状态下的当前场上角色（不包括坎蒂丝自己），在普通攻击对敌人造成元素伤害时，将释放衍潮冲击，造成相当于坎蒂丝生命值上限15%水元素范围伤害。 该效果每2.3秒至多触发一次，造成的伤害视为元素爆发伤害。,3.1,datamine
10000073,nahida,1,心识蕴藏之种,The Seed of Stored Knowledge,self,,展开摩耶之殿计算队伍中特定元素类型的角色数量时，额外计入火元素、雷元素、水元素的角色各1名。,3.2,datamine
10000073,nahida,2,正等善见之根,The Root of All Fullness,self,,处于纳西妲自身施加的蕴种印状态下的敌人，将受到以下效果影响： ·受到的燃烧、绽放、超绽放、烈绽放反应伤害能够造成暴击，暴击率固定为20%，暴击伤害固定为100%，该效果提供的暴击率可以与使对应元素反应能够造成暴击的同类效果提供的暴击率叠加； ·受到原激化、超激化、蔓激化反应影响后的8秒内，防御力降低30%； ·受到月绽放反应伤害的暴击率提升10%，暴击伤害提升20%。,3.2,datamine
10000073,nahida,3,熏习成就之芽,The Shoot of Conscious Attainment,self,elemental_skill,所闻遍计的技能等级提高3级。 至多提升至15级。,3.2,datamine
10000073,nahida,4,比量现行之茎,The Stem of Manifest Inference,self,,附近处于所闻遍计的蕴种印状态下的敌人数量为1/2/3/4或更多时，纳西妲的元素精通提升100/120/140/160点。,3.2,datamine
10000073,nahida,5,妙谛破愚之叶,The Leaves of Enlightening Speech,self,elemental_burst,心景幻成的技能等级提高3级。 至多提升至15级。,3.2,datamine
10000073,nahida,6,大辨圆成之实,The Fruit of Reason's Culmination,self,,施放心景幻成后，纳西妲的普通攻击或重击命中处于所闻遍计的蕴种印状态下的敌人时，将对该敌人及其所处连结中的所有敌人释放灭净三业·业障除，基于纳西妲攻击力的200%与元素精通的400%，造成草元素伤害。 灭净三业·业障除造成的伤害视为元素战技伤害，每0.2秒至多触发一次。 该效果至多持续10秒，将在纳西妲释放6次灭净三业·业障除后移除。,3.2,datamine
10000074,layla,1,寐领围垣,Fortress of Fantasy,self,,垂裳端凝之夜的安眠帷幕护盾的伤害吸收量提高20%。 此外，施放垂裳端凝之夜时，将为队伍中附近不处于安眠帷幕护盾庇护下的所有角色生成伤害吸收量为安眠帷幕护盾35%的护盾，该护盾持续12秒，对冰元素伤害有250%的吸收效果。,3.2,datamine
10000074,layla,2,归芒携信,Light's Remit,self,,垂裳端凝之夜发射的飞星命中敌人时，为莱依拉恢复1点能量。每枚飞星至多通过这种方式为莱依拉恢复一次能量。,3.2,datamine
10000074,layla,3,长宵宣秘,Secrets of the Night,self,elemental_skill,垂裳端凝之夜的技能等级提高3级。 至多提升至15级。,3.2,datamine
10000074,layla,4,星示昭明,Starry Illumination,team,,垂裳端凝之夜开始发射一轮飞星时，将为附近的队伍中所有角色赋予「启明」效果，使普通攻击与重击造成的伤害提升，提升值相当于莱依拉生命值上限的5%。 「启明」效果至多持续3秒，将在造成普通攻击或重击伤害后的0.05秒后移除。,3.2,datamine
10000074,layla,5,悬神系流,Stream of Consciousness,self,elemental_burst,星流摇床之梦的技能等级提高3级。 至多提升至15级。,3.2,datamine
10000074,layla,6,曜光灵炬,Radiant Soulfire,self,,垂裳端凝之夜的飞星造成的伤害提升40%，星流摇床之梦的星光弹造成的伤害提升40%。 此外，垂裳端凝之夜产生晚星的间隔时间减少20%。,3.2,datamine
10000075,wanderer,1,初番·茂风流羽行,Shoban: Ostentatious Plumage,self,,在优风倾姿状态下，流浪者进行空居·不生断与空居·刀风界的攻击速度提升10%。 此外，突破天赋「梦迹一风」发射的风矢能额外造成25%攻击力的伤害，该效果需要解锁突破天赋「梦迹一风」。,3.3,datamine
10000075,wanderer,2,二番·箙岛廓白浪,Niban: Isle Amidst White Waves,self,,在优风倾姿状态下，狂言·式乐五番将依据空居力上限与当前的空居力的差值，每1点使此次狂言·式乐五番造成的伤害提升4%。 通过这种方式，至多使狂言·式乐五番造成的伤害提升200%。,3.3,datamine
10000075,wanderer,3,三番·久世舞夕颜,Sanban: Moonflower Kusemai,self,elemental_burst,狂言·式乐五番的技能等级提高3级。 至多提升至15级。,3.3,datamine
10000075,wanderer,4,四番·花月歌浮舟,Yonban: Set Adrift into Spring,self,,施放羽画·风姿华歌时，若触发了突破天赋「拾玉得花」依据元素类型强化的效果，还将随机获得1种本次施放未触发的强化效果。同时至多获得3种元素对应的强化效果。 需要解锁突破天赋「拾玉得花」。,3.3,datamine
10000075,wanderer,5,末番·今昔渡来殿,Matsuban: Ancient Illuminator From Abroad,self,elemental_skill,羽画·风姿华歌的技能等级提高3级。 至多提升至15级。,3.3,datamine
10000075,wanderer,6,祝言·霞幕倾松风,Shugen: The Curtains' Melancholic Sway,self,,在优风倾姿状态下，流浪者主动施放的空居·不生断命中敌人时，将产生如下效果： ·在命中的位置额外进行一次空居·不生断，造成原本40%的伤害，该伤害视为普通攻击伤害； ·当流浪者的空居力低于40点时，为流浪者恢复4点空居力。每0.2秒至多通过这种方式恢复1次空居力，在一次优风倾姿的持续期间，至多触发5次。,3.3,datamine
10000076,faruzan,1,舍径求真,Truth by Any Means,self,,处于一次非想风天的「疾风示现」效果下时，珐露珊至多可以通过蓄力完毕的瞄准射击释放2枚「飓烈箭」。,3.3,datamine
10000076,faruzan,2,忘形炼智,Overzealous Intellect,self,,抟风秘道的「赫耀多方面体」的存在时间延长6秒。,3.3,datamine
10000076,faruzan,3,漫行灵圃,Spirit-Orchard Stroll,self,elemental_skill,非想风天的技能等级提高3级。 至多提升至15级。,3.3,datamine
10000076,faruzan,4,神机明悟,Divine Comprehension,self,,依据命中敌人的数量，风压坍陷产生的风涡可以为珐露珊恢复元素能量：命中一名敌人时，将为珐露珊恢复2点元素能量；每额外命中一名敌人，都将进一步为珐露珊恢复0.5点元素能量。 一次风涡，至多通过这种方式为珐露珊恢复4点元素能量。,3.3,datamine
10000076,faruzan,5,繁想奇境,Wonderland of Rumination,self,elemental_burst,抟风秘道的技能等级提高3级。 至多提升至15级。,3.3,datamine
10000076,faruzan,6,妙道合真,The Wondrous Path of Truth,team,,处于抟风秘道的「祈风之赐」效果影响下的角色，造成风元素伤害时的暴击伤害提升40%；处于「祈风之赐」效果影响下的当前场上角色造成伤害时，将为该敌人施加「风压坍陷」。此效果3秒至多触发一次，队伍中所有角色共享冷却时间。,3.3,datamine
10000077,yaoyao,1,妙受琼阁,Adeptus' Tutelage,self,,白玉萝卜炸裂时，处在其影响范围内的当前场上角色获得15%草元素伤害加成，持续8秒，并恢复15点体力。每5秒只能通过这种方式恢复1次体力。,3.4,datamine
10000077,yaoyao,2,正思无邪,Innocent,self,,处于玉颗珊珊月中落的桂子仙机状态下时，若白玉萝卜的炸裂伤害命中敌人，瑶瑶将恢复3点元素能量。每0.8秒至多通过这种方式恢复一次元素能量。,3.4,datamine
10000077,yaoyao,3,墩墩善道,Loyal and Kind,self,elemental_skill,云台团团降芦菔的技能等级提高3级。 至多提升至15级。,3.4,datamine
10000077,yaoyao,4,爰爰可亲,Winsome,self,,施放云台团团降芦菔或玉颗珊珊月中落后，基于瑶瑶生命值上限的0.3%，提升瑶瑶的元素精通，持续8秒。通过这种方式，至多提升120点元素精通。,3.4,datamine
10000077,yaoyao,5,恻隐本义,Compassionate,self,elemental_burst,玉颗珊珊月中落的技能等级提高3级。 至多提升至15级。,3.4,datamine
10000077,yaoyao,6,慈惠仁心,Beneficent,self,,月桂·抛掷型每投掷2次白玉萝卜，就会在下次投掷时额外投掷1枚超厉害·大萝卜。相比白玉萝卜，超厉害·大萝卜炸裂时的影响范围更大，炸裂时产生如下效果： ·基于瑶瑶攻击力的75%，造成草元素范围伤害； ·基于瑶瑶生命值上限的7.5%，为其中的当前场上角色恢复生命值。 每个月桂·抛掷型至多投掷2次超厉害·大萝卜。,3.4,datamine
10000078,alhaitham,1,直观,Intuition,self,,光幕攻击命中敌人时，将使共相·理式摹写的冷却时间减少1.2秒。该效果每1秒至多触发一次。,3.4,datamine
10000078,alhaitham,2,辩章,Debate,self,,艾尔海森产生琢光镜时，每1枚产生的琢光镜将使元素精通提升50点，持续8秒。该效果最多叠加4层，每层独立计算持续时间。琢光镜数量达到上限时依然能触发该效果。,3.4,datamine
10000078,alhaitham,3,遮诠,Negation,self,elemental_skill,共相·理式摹写的技能等级提高3级。 至多提升至15级。,3.4,datamine
10000078,alhaitham,4,义贯,Elucidation,team,,施放殊境·显象缚结时，会依据通过本次施放消耗与产生的琢光镜数量，产生如下效果： ·每消耗1枚琢光镜，使队伍中附近的其他角色元素精通提升30点，持续15秒； ·每产生1枚琢光镜，使艾尔海森获得10%草元素伤害加成，持续15秒。 上述效果的持续期间内重复施放殊境·显象缚结时，将先移除原有的效果。,3.4,datamine
10000078,alhaitham,5,智度,Sagacity,self,elemental_burst,殊境·显象缚结的技能等级提高3级。 至多提升至15级。,3.4,datamine
10000078,alhaitham,6,正理,Structuration,self,,艾尔海森获得如下效果： ·殊境·显象缚结施放完成2秒后，将无视消耗琢光镜的个数，固定产生3枚琢光镜； ·艾尔海森产生琢光镜时，若琢光镜数量已达到上限，艾尔海森的暴击率提升10%，暴击伤害提升70%，持续6秒。该效果在持续期间重复触发时，剩余持续时间将增加6秒。,3.4,datamine
10000079,dehya,1,皎洁之火铓辉灿漫,The Flame Incandescent,self,,迪希雅的生命值上限提升20%；此外，基于生命值上限，迪希雅的以下攻击造成的伤害提高： ·熔铁流狱伤害提高值：生命值上限的3.6%； ·炎啸狮子咬伤害提高值：生命值上限的6%。,3.5,datamine
10000079,dehya,2,净沙利刃明映万乘,The Sand-Blades Glittering,self,,施放熔铁流狱·剑域炽焰时，重新产生的净焰剑狱领域持续时间将延长6秒。 此外，场上存在净焰剑狱领域时，领域内的当前场上角色受到攻击时，将使净焰剑狱下次协同攻击造成的伤害提升50%。,3.5,datamine
10000079,dehya,3,怒势疾迅如焚掠地,A Rage Swift as Fire,self,elemental_burst,炎啸狮子咬的技能等级提高3级。 至多提升至15级。,3.5,datamine
10000079,dehya,4,服膺誓禁恪守无失,An Oath Abiding,self,,炎啸狮子咬的炽鬃拳与焚落踢命中敌人时，将为迪希雅恢复1.5点元素能量，并基于生命值上限的2.5%，为迪希雅恢复生命值。该效果每0.2秒至多触发一次。,3.5,datamine
10000079,dehya,5,猎兽魁首卓荦不羁,The Alpha Unleashed,self,elemental_skill,熔铁流狱的技能等级提高3级。 至多提升至15级。,3.5,datamine
10000079,dehya,6,燎燃利爪裂帛斫金,The Burning Claws Cleaving,self,,炎啸狮子咬的暴击率提升10%。 此外，在一次炽炎狮子的持续期间，炽鬃拳命中敌人并造成暴击后，将使持续期间内炎啸狮子咬的暴击伤害提升15%，炽炎狮子的持续时间延长0.5秒。该效果每0.2秒至多触发一次，至多通过这种方式使持续时间延长2秒，暴击伤害提升60%。,3.5,datamine
10000080,mika,1,遇合的因缘,Factor Confluence,self,,星霜的流旋产生的灵风状态能使苍翎的颂愿的鹰翎状态恢复生命值的间隔降低，降低比例等同于灵风状态提供的攻击速度提升比例。,3.5,datamine
10000080,mika,2,伴行的旅路,Companion's Ingress,self,,星霜的流旋的霜流矢首次命中敌人时，或是冰星信标命中敌人时，将产生1层突破天赋「速射牵制」的侦明效果。 需要解锁突破天赋「速射牵制」。,3.5,datamine
10000080,mika,3,游击的心得,Reconnaissance Experience,self,elemental_burst,苍翎的颂愿的技能等级提高3级。 至多提升至15级。,3.5,datamine
10000080,mika,4,晴霜的祝念,Sunfrost Encomium,team,,米卡自己的苍翎的颂愿的鹰翎状态为队伍中的角色进行治疗时，将为米卡恢复3点元素能量。通过一次施放苍翎的颂愿产生的鹰翎状态，至多恢复5次元素能量。,3.5,datamine
10000080,mika,5,引示的铃箭,Signal Arrow,self,elemental_skill,星霜的流旋的技能等级提高3级。 至多提升至15级。,3.5,datamine
10000080,mika,6,依随的策援,Companion's Counsel,self,,星霜的流旋灵风状态下的侦明效果叠加层数上限提升1层。需要解锁突破天赋「速射牵制」。 此外，处于灵风状态下的当前场上角色，其物理伤害的暴击伤害提高60%。,3.5,datamine
10000081,kaveh,1,高门的谒礼,Sublime Salutations,self,,施放画则巧施后的3秒内，卡维的草元素抗性提升50%，受治疗加成提升25%。,3.6,datamine
10000081,kaveh,2,御驿的径迹,Grace of Royal Roads,self,,在繁绘隅穹持续期间，卡维普通攻击的攻击速度提升15%。,3.6,datamine
10000081,kaveh,3,金塔的香献,Profferings of Dur Untash,self,elemental_burst,繁绘隅穹的技能等级提高3级。 至多提升至15级。,3.6,datamine
10000081,kaveh,4,百柱的酣宴,Feast of Apadana,self,,卡维触发绽放或月绽放反应产生的草原核在迸发时造成的伤害提升60%。,3.6,datamine
10000081,kaveh,5,圣古的库藏,Treasures of Bonkhanak,self,elemental_skill,画则巧施的技能等级提高3级。 至多提升至15级。,3.6,datamine
10000081,kaveh,6,天园的理想,Pairidaeza's Dreams,self,,在繁绘隅穹持续期间，卡维的普通攻击、重击或下落攻击命中敌人时，将在敌人的位置释放天园之光，造成卡维攻击力61.8%的草元素范围伤害，并使影响范围内的所有草原核迸发。该效果每3秒最多触发一次。,3.6,datamine
10000082,baizhu,1,呿吟至微,Attentive Observation,self,,太素诊要的可使用次数增加1次。,3.6,datamine
10000082,baizhu,2,动静精明,Incisive Discernment,self,,队伍中自己的当前场上角色在攻击命中附近的敌人时，白术将释放游丝徵灵·切。 游丝徵灵·切将在进行至多1次攻击后返回，造成白术攻击力250%的草元素伤害与太素诊要游丝徵灵的20%回复量。 通过这种方式造成的伤害视为元素战技伤害。 每5秒至多触发一次。,3.6,datamine
10000082,baizhu,3,八正定气,All Aspects Stabilized,self,elemental_burst,愈气全形论的技能等级提高3级。 至多提升至15级。,3.6,datamine
10000082,baizhu,4,法古观冥,Ancient Art of Perception,team,,施放愈气全形论之后的15秒内，队伍中附近的所有角色元素精通提升80点。,3.6,datamine
10000082,baizhu,5,盈虚藏象,The Hidden Ebb and Flow,self,elemental_skill,太素诊要的技能等级提高3级。 至多提升至15级。,3.6,datamine
10000082,baizhu,6,真邪合离,Elimination of Malicious Qi,self,,愈气全形论的灵气脉造成的伤害提高，提升值相当于白术生命值上限的8%。 此外，游丝徵灵或游丝徵灵·切在命中敌人时，有100%概率产生愈气全形论的无郤气护盾，该效果每个游丝徵灵或游丝徵灵·切只能触发一次。,3.6,datamine
10000083,lynette,1,如影流露的冷刃,A Cold Blade Like a Shadow,self,,谜影障身法的谜影突刺命中带有刺影征标的敌人时，将在敌人的位置生成风涡，牵引附近的敌人。,4.0,datamine
10000083,lynette,2,层见叠出的谜象,Endless Mysteries,self,,魔术·运变惊奇召唤的惊奇猫猫盒发射彩练术弹时，将额外发射一枚彩练术弹。,4.0,datamine
10000083,lynette,3,倒错知能的视度,Cognition-Inverting Gaze,self,elemental_burst,魔术·运变惊奇的技能等级提高3级。 至多提升至15级。,4.0,datamine
10000083,lynette,4,灵犀默应的配合,Tacit Coordination,self,,谜影障身法的可使用次数增加1次。,4.0,datamine
10000083,lynette,5,暗昧遮目的障法,Obscuring Ambiguity,self,elemental_skill,谜影障身法的技能等级提高3级。 至多提升至15级。,4.0,datamine
10000083,lynette,6,示辨真意的眼,Watchful Eye,self,,琳妮特施放谜影障身法的谜影突刺时，将获得风元素附魔，风元素伤害加成提升20%，持续6秒。,4.0,datamine
10000084,lyney,1,空取奇思的手艺,Whimsical Wonders,self,,怪笑猫猫帽至多可以同时存在2顶。 此外，隐具魔术箭将在命中时召唤2顶怪笑猫猫帽，并额外积累1层「隐具余数」，该效果每15秒至多触发一次。,4.0,datamine
10000084,lyney,2,巧言贴耳的诱引,Loquacious Cajoling,self,,林尼在场上时，每2秒将获得一层「集意专注」效果，使林尼的暴击伤害提升20%。此效果至多叠加3层，将在林尼退场时解除。,4.0,datamine
10000084,lyney,3,玄迷灵敏的指法,Prestidigitation,self,normal_attack,普通攻击·迫牌易位式的技能等级提高3级。 至多提升至15级。,4.0,datamine
10000084,lyney,4,熟稔习练的筹谋,Well-Versed、 Well-Rehearsed,enemy,,林尼的元素类型为火元素的重击攻击命中敌人后，该敌人的火元素抗性降低20%，持续6秒。,4.0,datamine
10000084,lyney,5,穿越隐秘的通术,To Pierce Enigmas,self,elemental_burst,大魔术·灵迹巡游的技能等级提高3级。 至多提升至15级。,4.0,datamine
10000084,lyney,6,违心的笑,Guarded Smile,self,,林尼发射隐具魔术箭时，将发射一枚礼花术弹·重奏，造成礼花术弹80%的伤害。该伤害视为重击伤害。,4.0,datamine
10000085,freminet,1,深水与泡沫之梦,Dreams of the Foamy Deep,self,,浮冰增压·高压粉碎的暴击率提高15%。,4.0,datamine
10000085,freminet,2,企鹅与丰渥之国,Penguins and the Land of Plenty,self,,施放浮冰增压·高压粉碎将为菲米尼恢复2点元素能量。如果施放的是四阶压力的高压粉碎，则转为恢复3点。,4.0,datamine
10000085,freminet,3,洑流与白砂之歌,Song of the Eddies and Bleached Sands,self,normal_attack,普通攻击·洑流剑的技能等级提高3级。 至多提升至15级。,4.0,datamine
10000085,freminet,4,雪月与芦笛之舞,Dance of the Snowy Moon and Flute,self,,菲米尼对敌人触发冰冻、碎冰、超导、星超导反应后，攻击力提升9%。该效果持续6秒，至多叠加2次，每0.3秒至多触发一次。,4.0,datamine
10000085,freminet,5,炉火与欢笑之夜,Nights of Hearth and Happiness,self,elemental_skill,浮冰增压的技能等级提高3级。 至多提升至15级。,4.0,datamine
10000085,freminet,6,梦晓与决意之刻,Moment of Waking and Resolve,self,,菲米尼对敌人触发冰冻、碎冰、超导、星超导反应后，暴击伤害提升12%。该效果持续6秒，至多叠加3次，每0.3秒至多触发一次。,4.0,datamine
10000086,wriothesley,1,予行恶者以惩惧,Terror for the Evildoers,self,,突破天赋「公理终有辩诉之日」的「恩典之诫」转变为： 莱欧斯利的生命值低于60%，或在冰牙突驰的寒烈的惩裁状态持续期间，斥逐拳的第五段攻击命中时，将获得「恩典之诫」，每2.5秒至多获得一次「恩典之诫」效果。 此外，惩戒·凌跃拳获得以下强化： ·造成的伤害提升进一步提升至200%； ·命中时，若处于寒烈的惩裁状态下，该状态的持续时间延长4秒，在一次寒烈的惩裁状态持续期间，至多通过这种方式延长一次。 需要解锁突破天赋「公理终有辩诉之日」。,4.1,datamine
10000086,wriothesley,2,予骄暴者以镣锁,Shackles for the Arrogant,self,,施放黑金狼噬时，突破天赋「罪业终有报偿之时」的每层「检偿之敕」效果都将使造成的伤害提升40%。 需要解锁突破天赋「罪业终有报偿之时」。,4.1,datamine
10000086,wriothesley,3,予婪诈者以谴罚,Punishment for the Frauds,self,normal_attack,普通攻击·迅烈倾霜拳的技能等级提高3级。 至多提升至15级。,4.1,datamine
10000086,wriothesley,4,予贞苦者以拯赎,Redemption for the Suffering,team,,惩戒·凌跃拳为莱欧斯利恢复生命值的回复量提升为50%生命值上限，需要解锁突破天赋「公理终有辩诉之日」。 此外，莱欧斯利受到治疗时，若此次治疗回复量溢出，将根据莱欧斯利是否处于当前场上产生不同的效果：处于当前场上时，莱欧斯利的攻击速度提升20%，持续4秒；处于队伍后台时，队伍中所有自己的角色攻击速度提升10%，持续6秒。上述这两种攻击速度提升效果无法叠加。,4.1,datamine
10000086,wriothesley,5,予冤诉者以怜恕,Mercy for the Wronged,self,elemental_burst,黑金狼噬的技能等级提高3级。 至多提升至15级。,4.1,datamine
10000086,wriothesley,6,予无罪者以念抚,Esteem for the Innocent,self,,惩戒·凌跃拳的暴击率提升10%，暴击伤害提升80%，并能够额外生成冰锥，造成原本100%的冰元素伤害，通过这种方式造成的伤害视为重击伤害。 需要解锁突破天赋「公理终有辩诉之日」。,4.1,datamine
10000087,neuvillette,1,尊荣的创定,Venerable Institution,self,,那维莱特登场时，获得一层突破天赋「古海孑遗的权柄」的「遗龙之荣」。需要解锁突破天赋「古海孑遗的权柄」。 此外，进行重击蓄力·诉论心证与重击·衡平推裁时，提高那维莱特的抗打断能力。,4.1,datamine
10000087,neuvillette,2,律法的命诫,Juridical Exhortation,self,,突破天赋「古海孑遗的权柄」获得强化：每存在一层「遗龙之荣」，就使重击·衡平推裁的暴击伤害提升14%，至多通过这种方式提升42%。 需要解锁突破天赋「古海孑遗的权柄」。,4.1,datamine
10000087,neuvillette,3,溯古的拟制,Ancient Postulation,self,normal_attack,普通攻击·如水从平的技能等级提高3级。 至多提升至15级。,4.1,datamine
10000087,neuvillette,4,悲悯的冠冕,Crown of Commiseration,self,,那维莱特处于当前场上并受到治疗时，将产生1枚源水之滴。此效果每4秒至多触发一次。,4.1,datamine
10000087,neuvillette,5,公理的决裁,Axiomatic Judgment,self,elemental_burst,潮水啊，我已归来的技能等级提高3级。 至多提升至15级。,4.1,datamine
10000087,neuvillette,6,忿怒的报偿,Wrathful Recompense,self,,施放重击·衡平推裁时，那维莱特可以吸收附近一定范围内的源水之滴，每吸收一枚源水之滴，都将使重击·衡平推裁的持续时间延长1秒。 此外，重击·衡平推裁命中敌人时，每2秒，将额外释放两道洪流，每道洪流造成相当于那维莱特生命值上限10%的水元素伤害。通过这种方式造成的伤害视为重击·衡平推裁造成的伤害。,4.1,datamine
10000088,charlotte,1,以核实为约束,A Need to Verify Facts,self,,定格·全方位确证对角色进行治疗后，将为角色施加「核实」印记，每2秒为角色恢复生命值，回复量相当于夏洛蒂攻击力的80%，该效果持续6秒。,4.2,datamine
10000088,charlotte,2,以求真为职守,A Duty to Pursue Truth,self,,施放取景·冰点构图法时，「温亨廷先生」的攻击命中了1/2/3及以上名敌人时，夏洛蒂自身的攻击力提升10%/20%/30%，持续12秒。,4.2,datamine
10000088,charlotte,3,以独立为先决,An Imperative to Independence,self,elemental_burst,定格·全方位确证的技能等级提高3级。 至多提升至15级。,4.2,datamine
10000088,charlotte,4,以督促为责任,A Responsibility to Oversee,self,,定格·全方位确证命中附有「瞬时剪影」或「聚焦印象」印记的敌人时，造成的伤害提升10%，并且为夏洛蒂自身恢复2点能量。每20秒，至多通过这种方式恢复5次元素能量。,4.2,datamine
10000088,charlotte,5,以良知为原则,A Principle of Conscience,self,elemental_skill,取景·冰点构图法的技能等级提高3级。 至多提升至15级。,4.2,datamine
10000088,charlotte,6,以有趣相关为要义,A Summation of Interest,self,,当前场上角色的普通攻击与重击命中附有取景·冰点构图法的「聚焦印象」的敌人后，「温亨廷先生」将进行协同攻击，造成相当于夏洛蒂攻击力180%的冰元素范围伤害，并为攻击范围内的当前场上角色恢复生命值，回复量相当于夏洛蒂攻击力的42%。该效果每6秒至多触发一次，通过这种方式造成的伤害与治疗效果视为夏洛蒂的元素爆发造成的伤害与治疗效果。,4.2,datamine
10000089,furina,1,「爱是难驯鸟，哀乞亦无用。」,"Love Is a Rebellious Bird That None Can Tame",self,,施放万众狂欢时，芙宁娜获得150点「气氛值」。 此外，芙宁娜持有「气氛值」的上限提升100点。,4.2,datamine
10000089,furina,2,「女人皆善变，仿若水中萍。」,"A Woman Adapts Like Duckweed in Water",team,,万众狂欢持续期间，芙宁娜通过队伍中附近角色的当前生命值提升或降低的方式获得的「气氛值」提升250%。基于「气氛值」超过上限的部分，每1点「气氛值」都将使芙宁娜的生命值上限提升0.35%。至多通过这种方式使芙宁娜的生命值上限提升140%。,4.2,datamine
10000089,furina,3,「秘密藏心间，无人知我名。」,"My Secret Is Hidden Within Me、 No One Will Know My Name",self,elemental_burst,万众狂欢的技能等级提高3级。 至多提升至15级。,4.2,datamine
10000089,furina,4,「若非处幽冥，怎知生可贵！」,"They Know Not Life、 Who Dwelt in the Netherworld Not!",self,,孤心沙龙的「沙龙成员」命中敌人，或「众水的歌者」为周围的当前场上角色恢复生命值时，芙宁娜获得4点元素能量，该效果每5秒至多触发一次。,4.2,datamine
10000089,furina,5,「我已有觉察，他名即是…！」,"His Name I Now Know、 It Is...!",self,elemental_skill,孤心沙龙的技能等级提高3级。 至多提升至15级。,4.2,datamine
10000089,furina,6,「诸君听我颂，共举爱之杯！」,"Hear Me — Let Us Raise the Chalice of Love!",team,,施放孤心沙龙时，芙宁娜将获得「万众瞩目」，持续10秒。 持续期间，芙宁娜的普通攻击、重击与下落攻击将转为无法被附魔覆盖的水元素伤害，且造成的伤害提升，提升值相当于芙宁娜生命值上限的18%。 持续期间，每0.1秒，芙宁娜的普通攻击（不包括「始基力：圣俗杂座」的攻击）、重击与下落攻击坠地冲击命中敌人后，将根据芙宁娜当前的始基力属性产生不同的效果： 始基力：荒性 每1秒，基于芙宁娜生命值上限的4%，为附近的队伍中所有角色恢复生命值，持续2.9秒，重复触发将延长持续时间。 始基力：芒性 本次普通攻击（不包括「始基力：圣俗杂座」的攻击）、重击与下落攻击坠地冲击造成的伤害进一步提高，提升值相当于芙宁娜生命值上限的25%，上述攻击命中敌人时，附近的队伍中所有角色将消耗相当于当前生命值1%的生命值。 一次「万众瞩目」持续期间，上述效果至多触发6次，该效果将在触发次数达到6次或持续时间结束时解除。,4.2,datamine
10000090,chevreuse,1,稳固阵线的魄力,Stable Front Line's Resolve,self,,当前场上处于「协同战法」状态下的角色（不包括夏沃蕾自己）触发超载反应时，将恢复6点元素能量。此效果每10秒至多触发一次。 需要解锁突破天赋「尖兵协同战法」。,4.3,datamine
10000090,chevreuse,2,诱导殉爆的狙击,Sniper Induced Explosion,self,,长按施放近迫式急促拦射的射击命中时，将在命中位置附近引发2次连锁殉爆，每次殉爆造成相当于夏沃蕾120%攻击力的火元素伤害。此效果每10秒至多触发1次，通过这种方式造成的伤害视为元素战技伤害。,4.3,datamine
10000090,chevreuse,3,娴熟复装的技巧,Practiced Field Stripping Technique,self,elemental_skill,近迫式急促拦射的技能等级提高3级。 至多提升至15级。,4.3,datamine
10000090,chevreuse,4,多重速射的秘诀,The Secret to Rapid-Fire Multishots,self,,施放圆阵掷弹爆轰术后，夏沃蕾长按施放近迫式急促拦射不会进入冷却，该效果至多持续6秒，将在长按施放近迫式急促拦射2次后移除。,4.3,datamine
10000090,chevreuse,5,增量火力的毁伤,Enhanced Incendiary Firepower,self,elemental_burst,圆阵掷弹爆轰术的技能等级提高3级。 至多提升至15级。,4.3,datamine
10000090,chevreuse,6,终结罪恶的追缉,In Pursuit of Ending Evil,team,,近迫式急促拦射的治疗效果持续12秒后，将为队伍中附近的所有角色恢复一次生命值，回复量相当于夏沃蕾生命值上限的10%。 队伍中的角色受到「近迫式急促拦射」的治疗后，获得20%火元素伤害加成与雷元素伤害加成，持续8秒，此效果至多叠加3层，每层独立计算持续时间。,4.3,datamine
10000091,navia,1,淑女的距离感守则,A Lady's Rules for Keeping a Courteous Distance,self,,施放典仪式晶火时，每消耗1枚「裂晶弹片」，都将为娜维娅恢复3点元素能量，并使如霰澄天的鸣礼的冷却时间减少1秒。至多通过这种方式恢复9点元素能量，使「如霰澄天的鸣礼」的冷却时间减少3秒。,4.3,datamine
10000091,navia,2,总指挥的乘胜追击,The President's Pursuit of Victory,self,,施放典仪式晶火时，每消耗1枚「裂晶弹片」，都将使本次典仪式晶火的暴击率提升12%，至多通过这种方式使其暴击率提高36%。 此外，典仪式晶火的射击命中敌人时，将在命中的敌人附近降下一次如霰澄天的鸣礼的「支援炮击」。每次施放典仪式晶火至多降下一次支援炮击，通过这种方式触发的支援炮击的伤害视为元素爆发伤害。,4.3,datamine
10000091,navia,3,经营家的开阔视野,Businesswoman's Broad Vision,self,elemental_skill,典仪式晶火的技能等级提高3级。 至多提升至15级。,4.3,datamine
10000091,navia,4,铭誓者的绝不姑息,The Oathsworn Never Capitulate,enemy,,如霰澄天的鸣礼命中敌人时，将使该敌人的岩元素抗性降低20%，持续8秒。,4.3,datamine
10000091,navia,5,协商人的坚决谈判,Negotiator's Resolute Negotiations,self,elemental_burst,如霰澄天的鸣礼的技能等级提高3级。 至多提升至15级。,4.3,datamine
10000091,navia,6,刺玫会长的灵活手腕,The Flexible Finesse of the Spina's President,self,,施放典仪式晶火时，若消耗的「裂晶弹片」超过3枚，超过3枚的每枚「裂晶弹片」都将使本次典仪式晶火的暴击伤害提升45%，且消耗的超过3枚的部分将在施放后返还。,4.3,datamine
10000092,gaming,1,通明庇佑,Bringer of Blessing,self,,璨焰金猊舞的猊兽·文仔成功与嘉明会合时，将为嘉明恢复15%生命值。,4.4,datamine
10000092,gaming,2,步踏梅花,Plum Blossoms Underfoot,self,,嘉明受到治疗时，若此次治疗回复量溢出，嘉明的攻击力将提升20%，持续5秒。,4.4,datamine
10000092,gaming,3,醒灵擂震,Awakening Spirit,self,elemental_skill,瑞兽登高楼的技能等级提高3级。 至多提升至15级。,4.4,datamine
10000092,gaming,4,云里翻山,Soar Across Mountains,self,,瑞兽登高楼的下落攻击·踏云献瑞命中敌人时，将为嘉明恢复2点元素能量。该效果每0.2秒至多触发一次。,4.4,datamine
10000092,gaming,5,吼法怖魔,Evil-Daunting Roar,self,elemental_burst,璨焰金猊舞的技能等级提高3级。 至多提升至15级。,4.4,datamine
10000092,gaming,6,百兽俱驯,To Tame All Beasts,self,,瑞兽登高楼的下落攻击·踏云献瑞的暴击率提升20%，暴击伤害提升40%，攻击范围提升。,4.4,datamine
10000093,xianyun,1,借风洗尘缘,Purifying Wind,self,,朝起鹤云的可用次数增加1次。,4.4,datamine
10000093,xianyun,2,鹤唳远人间,Aloof From the World,self,,施放朝起鹤云的步天梯后，闲云的攻击力提升20%，持续15秒。 此外，突破天赋「细想应是洞中仙」的效果获得提升：暮集竹星的竹星拥有仙力助推时，附近的当前场上角色的下落攻击坠地冲击造成的伤害提升，提升值相当于闲云的攻击力的400%。通过这种方式，至多使附近的当前场上角色的下落攻击坠地冲击伤害提升18000。 一次下落攻击坠地冲击伤害中，只会对一名敌人造成上述伤害提升效果，每个角色每0.4秒至多触发一次。 该效果需要解锁突破天赋「细想应是洞中仙」。,4.4,datamine
10000093,xianyun,3,造化有星月,Creations of Star and Moon,self,elemental_burst,暮集竹星的技能等级提高3级。 至多提升至15级。,4.4,datamine
10000093,xianyun,4,奥妙烹黍珠,Mystery Millet Gourmet,team,,在一次朝起鹤云的鹤云幻化期间施展了1/2/3次步天梯后，该次鹤云幻化期间的闲云冲击波命中敌人时，将为队伍中附近的所有角色恢复生命值，回复量相当于闲云攻击力的50%/80%/150%。该效果每5秒至多触发一次。,4.4,datamine
10000093,xianyun,5,旋步霞蔚上,Astride Rose-Colored Clouds,self,elemental_skill,朝起鹤云的技能等级提高3级。 至多提升至15级。,4.4,datamine
10000093,xianyun,6,知是留云僊,They Call Her Cloud Retainer,self,,在一次朝起鹤云的鹤云幻化期间施放了1/2/3次步天梯后，该次鹤云幻化期间的闲云冲击波的暴击伤害提升15%/35%/70%。 闲云施放暮集竹星后的16秒内，朝起鹤云将不再进入冷却，该效果将在闲云施放8次朝起鹤云后移除。,4.4,datamine
10000094,chiori,1,正绢六通,Six Paths of Sage Silkcraft,self,,羽袖一触的自动制御人形「袖」的攻击范围提升50%。 此外，如果队伍中存在千织以外的岩元素角色，羽袖一触的突进结束时，还将触发以下效果： ·额外唤出一名袖。通过这种方式唤出的千织自己的袖，与通过岩元素创造物额外唤出的千织自己的袖至多同时存在一名； ·触发突破天赋「锦上添花」，此效果需要解锁突破天赋「锦上添花」。,4.5,datamine
10000094,chiori,2,落染五色,In Five Colors Dyed,self,,施放二刀之形·比翼后的10秒内，每3秒都将在当前场上自己的角色身边唤出一名简易自动制御人形「绢」。绢将对附近的敌人发起攻击，造成相当于袖170%的岩元素范围伤害，通过这种方式造成的伤害视为元素战技伤害。 绢将在进行一次攻击或存在3秒后退场。,4.5,datamine
10000094,chiori,3,缀锦四分,Four Brocade Embellishments,self,elemental_skill,羽袖一触的技能等级提高3级。 至多提升至15级。,4.5,datamine
10000094,chiori,4,衣裁三礼,A Tailor's Three Courtesies,self,,触发突破天赋「量体裁衣」的后续效果后的8秒内，队伍中自己的当前场上角色的普通攻击、重击或下落攻击命中附近的敌人时，将在敌人附近唤出一名简易自动制御人形「绢」。每1秒至多通过上述方式唤出一名绢，一次突破天赋「量体裁衣」的当意即妙或裁锦持续期间，至多通过上述方式唤出3名绢。上述效果每15秒最多触发一次。 需要解锁突破天赋「量体裁衣」。,4.5,datamine
10000094,chiori,5,绫羽二重,Two Silken Plumules,self,elemental_burst,二刀之形·比翼的技能等级提高3级。 至多提升至15级。,4.5,datamine
10000094,chiori,6,万理一空,Sole Principle Pursuit,self,,触发突破天赋「量体裁衣」的后续效果后，千织自己的羽袖一触的冷却时间减少12秒。需要解锁突破天赋「量体裁衣」。 此外，千织自己的普通攻击造成的伤害提升，提升值相当于千织自己的防御力的235%。,4.5,datamine
10000095,sigewinne,1,「最快乐的精灵，可否懂得焦虑」,"Can the Happiest of Spirits Understand Anxiety?",self,,弹跳水疗法的激愈水球能额外弹跳3次；前3次弹跳不会使较大激愈水球变小。 此外，突破天赋「应有适当的休憩」的效果获得提升：激愈水球弹跳时，将为希格雯赋予1层静养计数，并使静养计数产生的伤害值提升改为：希格雯的生命值上限超过30000的部分，每1000点生命值上限将提升100点，通过这种方式，至多提升3500点伤害。此效果需要解锁突破天赋「应有适当的休憩」。,4.7,datamine
10000095,sigewinne,2,「最仁慈的精灵，可否化解仇敌」,"Can the Most Merciful of Spirits Defeat Its Foes?",enemy,,施放弹跳水疗法与过饱和心意注射时，将生成一个伤害吸收量等同于生命值上限30%的水球护盾，对水元素伤害有250%的吸收效果，持续直到施放完成。 此外，弹跳水疗法抛出的激愈水球或过饱和心意注射命中敌人后，该敌人的水元素抗性降低35%，持续8秒。,4.7,datamine
10000095,sigewinne,3,「最健康的精灵，可否疗愈热症」,"Can the Healthiest of Spirits Cure Fevers?",self,elemental_skill,弹跳水疗法的技能等级提高3级。 至多提升至15级。,4.7,datamine
10000095,sigewinne,4,「最美丽的精灵，可否拒绝衰朽」,"Can the Loveliest of Spirits Keep Decay at Bay?",self,,过饱和心意注射的持续时间延长3秒。,4.7,datamine
10000095,sigewinne,5,「最幸福的精灵，可否消却折磨」,"Can the Most Joyful of Spirits Alleviate Agony?",self,elemental_burst,过饱和心意注射的技能等级提高3级。 至多提升至15级。,4.7,datamine
10000095,sigewinne,6,「最光辉的精灵，可否为我祷告」,"Can the Most Radiant of Spirits Pray For Me?",self,,希格雯进行治疗时，将基于生命值上限，提升自己的过饱和心意注射的暴击率和暴击伤害：每1000点生命值上限都将提升0.4%暴击率与2.2%暴击伤害，持续15秒。至多通过这种方式提升20%暴击率与110%暴击伤害。,4.7,datamine
10000096,arlecchino,1,「所有的仇与债皆由我偿…」,"All Reprisals and Arrears、 Mine to Bear...",self,,红死之宴提升进一步提高，提高值为100%；此外，在红死之宴状态下进行普通攻击或重击时，提高阿蕾奇诺的抗打断能力。,4.6,datamine
10000096,arlecchino,2,「所有的赏与罚皆自我出…」,"All Rewards and Retribution、 Mine to Bestow...",self,,血偿勒令施加时即为血偿勒令·结。 阿蕾奇诺回收血偿勒令·结时，将在前方唤出厄月血火，造成相当于她的攻击力900%的火元素范围伤害，并使她的所有元素抗性与物理抗性提升20%，持续15秒。此效果每10秒至多触发一次。 需要解锁突破天赋「唯苦痛可偿还」。,4.6,datamine
10000096,arlecchino,3,「你将成为我们新的家人…」,"You Shall Become a New Member of Our Family...",self,normal_attack,普通攻击·斩首之邀的技能等级提高3级。 至多提升至15级。,4.6,datamine
10000096,arlecchino,4,「此后，你们须相爱相护…」,"You Shall Love and Protect Each Other Henceforth...",self,,阿蕾奇诺成功回收血偿勒令时，厄月将升的冷却时间缩短2秒，并为她恢复15点元素能量，此效果每10秒至多触发一次。,4.6,datamine
10000096,arlecchino,5,「我们已孑然一身，与死无异…」,"For Alone、 We Are as Good as Dead...",self,elemental_burst,厄月将升的技能等级提高3级。 至多提升至15级。,4.6,datamine
10000096,arlecchino,6,「自此以后，我们将共飨新生。」,"From This Day On、 We Shall Delight in New Life Together.",self,,厄月将升造成的伤害提高，提升值相当于阿蕾奇诺的攻击力乘以当前生命之契百分比的700%。 施放万相化灰后的20秒内，阿蕾奇诺的普通攻击与元素爆发的暴击率提升10%、暴击伤害提升70%。该效果每15秒至多触发一次。,4.6,datamine
10000097,sethos,1,封龛谒灵歌,Sealed Shrine's Spiritsong,self,,贯影箭的暴击率提升15%。,4.7,datamine
10000097,sethos,2,寂秘纸草经,Papyrus Scripture of Silent Secrets,self,,满足以下任意一项条件时，赛索斯的雷元素伤害加成提升15%，持续10秒，至多叠加2层，每层独立计时： ·通过瞄准射击消耗元素能量，此条件需要解锁突破天赋「黑鸢的密喻」； ·通过古仪·鸣砂掣雷触发元素反应恢复元素能量； ·施放秘仪·瞑光贯影。,4.7,datamine
10000097,sethos,3,月升哲贤颂,Ode to the Moonrise Sage,self,normal_attack,普通攻击·王家苇箭术的技能等级提高3级。 至多提升至15级。,4.7,datamine
10000097,sethos,4,真念鸵羽集,Beneficent Plumage,team,,贯影箭或瞑弦矢命中2名及以上的敌人时，队伍中附近的所有角色的元素精通提升80点，持续10秒。,4.7,datamine
10000097,sethos,5,荒神烈沙录,Record of the Desolate God's Burning Sands,self,elemental_burst,秘仪·瞑光贯影的技能等级提高3级。 至多提升至15级。,4.7,datamine
10000097,sethos,6,巡日塔门书,Pylon of the Sojourning Sun Temple,self,,贯影箭命中敌人后，将返还因突破天赋「黑鸢的密喻」消耗的元素能量，此效果每15秒至多触发一次，需要解锁突破天赋「黑鸢的密喻」。,4.7,datamine
10000098,clorinde,1,「自此，行过烛影之帷」,"From This Day、 I Pass the Candle's Shadow-Veil",self,,狩夜之巡的夜巡状态持续期间，克洛琳德的普通攻击造成的雷元素伤害命中敌人时，将在敌人附近唤出夜巡之影进行两次协同攻击，各自造成克洛琳德30%攻击力的雷元素伤害。 此效果每1.2秒至多触发一次，通过这种方式造成的伤害视为普通攻击伤害。,4.7,datamine
10000098,clorinde,2,「自此，直面长夜之危」,"Now、 As We Face the Perils of the Long Night",team,,突破天赋「破夜的明焰」的效果获得强化：队伍中附近的角色对敌人触发雷元素相关反应后，将基于克洛琳德攻击力的30%，提升克洛琳德的普通攻击与残光将终造成的雷元素伤害。此效果持续15秒，至多叠加3层，每层独立计时。处于3层状态下时，克洛琳德的抗打断能力提升。通过这种方式至多使克洛琳德的上述攻击造成的伤害提升2700。 需要解锁突破天赋「破夜的明焰」。,4.7,datamine
10000098,clorinde,3,「我将铭记白昼的誓言」,"I Pledge to Remember the Oath of Daylight",self,elemental_skill,狩夜之巡的技能等级提高3级。 至多提升至15级。,4.7,datamine
10000098,clorinde,4,「铭记泪，生命与仁爱」,"To Enshrine Tears、 Life、 and Love",self,,残光将终对敌人造成伤害时，将根据克洛琳德的当前生命之契百分比提升此次伤害，每1%生命之契都将使此次残光将终造成的伤害提升2%；通过这种方式，至多使残光将终造成的伤害提升200%。,4.7,datamine
10000098,clorinde,5,「也铭记黎明终将到来」,"Holding Dawn's Coming as My Votive",self,elemental_burst,残光将终的技能等级提高3级。 至多提升至15级。,4.7,datamine
10000098,clorinde,6,「为此，勿将希望弃扬」,"And So Shall I Never Despair",self,,施放狩夜之巡后的12秒内，克洛琳德的暴击率提升10%，暴击伤害提升70%。 此外，夜巡状态持续期间，明烛之影会在特定条件下出现，进行追击，造成克洛琳德200%攻击力的雷元素伤害，通过这种方式造成的伤害视为普通攻击伤害。 明烛之影会在如下情况下出现： ·克洛琳德即将被攻击命中时； ·克洛琳德进行贯夜·契令时。 每1秒至多通过上述方式唤出1次明烛之影，一次夜巡状态持续期间，至多唤出6次明烛之影。 此外，夜巡状态持续期间，克洛琳德受到的伤害降低80%，抗打断能力提高，该效果将在夜巡状态结束或唤出6次明烛之影的1秒后移除。,4.7,datamine
10000099,emilie,1,淡香浸析,Light Fragrance Leaching,team,,撷萃调香与突破天赋「余薰」的清露香氛造成的伤害提升20%，后者需要解锁突破天赋「余薰」。 此外，队伍中附近的角色对敌人触发燃烧反应或对处于燃烧状态下的敌人造成草元素伤害时，会额外生成一枚香韵。此效果每2.9秒至多触发一次。,4.8,datamine
10000099,emilie,2,湖光顶调,Lakelight Top Note,enemy,,撷萃调香、香氛演绎或突破天赋「余薰」的清露香氛（需解锁该突破天赋）命中敌人时，该敌人的草元素抗性降低30%，持续10秒。,4.8,datamine
10000099,emilie,3,郁馥臻萃,Exquisite Essence,self,elemental_skill,撷萃调香的技能等级提高3级。 至多提升至15级。,4.8,datamine
10000099,emilie,4,柔灯心韵,Lumidouce Heart Note,self,,香氛演绎的持续时间延长2秒，且每名敌人被香露选为目标的间隔降低0.3秒。,4.8,datamine
10000099,emilie,5,纯露凝芳,Puredew Aroma,self,elemental_burst,香氛演绎的技能等级提高3级。 至多提升至15级。,4.8,datamine
10000099,emilie,6,茉洁香迹,Marcotte Sillage,self,,施放撷萃调香或香氛演绎时，艾梅莉埃将获得「香迹留驻」，持续5秒。 持续期间，艾梅莉埃进行普通攻击或重击后，将会产生一枚香韵，且艾梅莉埃的普通攻击与重击将转为无法被附魔覆盖的草元素伤害，并提升造成的伤害，提升值相当于艾梅莉埃攻击力的300%。 「香迹留驻」效果将在通过这种方式产生4枚香韵或持续时间结束时解除。每12秒至多获得一次「香迹留驻」效果。,4.8,datamine
10000100,kachina,1,晶片，也是一种宝石,Shards Are Gems Too,team,,卡齐娜搭乘或脱离冲天转转时，将获取附近的结晶反应产生的晶片。 此外，队伍中的角色获取晶片或触发月结晶反应时，将为卡齐娜恢复3点元素能量，每5秒至多通过这种方式恢复一次元素能量。,5.0,datamine
10000100,kachina,2,不能少了…冲天转转,Never Leave Home Without... Turbo Twirly,self,,卡齐娜施放现在，认真时间！时，将恢复20点夜魂值；若施放时场上没有卡齐娜自己的冲天转转，则进入夜魂加持状态并召唤冲天转转。,5.0,datamine
10000100,kachina,3,改良型·平衡稳定器,Improved Stabilizer,self,elemental_skill,出击，冲天转转！的技能等级提高3级。 至多提升至15级。,5.0,datamine
10000100,kachina,4,敌人越多，越要小心,More Foes、 More Caution,self,,现在，认真时间！的超级钻钻领域中，存在的敌人数量为1/2/3/4名或更多时，领域中的队伍中当前场上角色的防御力提升8%/12%/16%/20%。,5.0,datamine
10000100,kachina,5,迄今为止，所有收藏,All I've Collected Till Now,self,elemental_burst,现在，认真时间！的技能等级提高3级。 至多提升至15级。,5.0,datamine
10000100,kachina,6,这一次，我一定要赢,This Time、 I've Gotta Win,self,,队伍中自己的当前场上角色的护盾因任何原因被替换或摧毁时，卡齐娜将造成相当于她的防御力200%的岩元素范围伤害，该效果5秒内至多触发一次。,5.0,datamine
10000101,kinich,1,七鹦之喙,Parrot's Beak,self,,通过悬猎·游骋高狩，基尼奇进行空中摆荡落地后，移动速度提升30%，持续6秒。 此外，迴猎贯鳞炮的暴击伤害提升100%。,5.0,datamine
10000101,kinich,2,星虎之掌,Tiger Beetle's Palm,enemy,,基尼奇的元素战技命中敌人时，将使其草元素抗性降低30%，持续6秒。 此外，基尼奇在进入夜魂加持状态下的首次迴猎贯鳞炮的影响范围提升，造成的伤害提升100%。,5.0,datamine
10000101,kinich,3,原鳄之爪,Protosuchian's Claw,self,elemental_skill,悬猎·游骋高狩的技能等级提高3级。 至多提升至15级。,5.0,datamine
10000101,kinich,4,蜂鸟之羽,Hummingbird's Feather,self,,处于夜魂加持状态下时，基尼奇进行环绕射击或施放迴猎贯鳞炮后，将为他恢复5点元素能量。每2.8秒至多通过这种方式恢复一次元素能量。 此外，向伟大圣龙致意造成的伤害提升70%。,5.0,datamine
10000101,kinich,5,吼猴之尾,Howler Monkey's Tail,self,elemental_burst,向伟大圣龙致意的技能等级提高3级。 至多提升至15级。,5.0,datamine
10000101,kinich,6,瑞兽之形,Auspicious Beast's Shape,self,,迴猎贯鳞炮在命中敌人后，将在敌人间弹跳一次，造成基尼奇的攻击力700%的草元素伤害。 如果本次迴猎贯鳞炮触发了突破天赋「焰灵的契约」或命之座「星虎之掌」对迴猎贯鳞炮的增强效果，它所引发的弹跳攻击也会获得上述效果的增强。,5.0,datamine
10000102,mualani,1,悠闲的「梅兹特利」…,The Leisurely "Meztli"...,self,,进入夜魂加持状态后的第一次巨浪鲨鲨撕咬及它所触发的鲨鲨飞弹造成的伤害提升，提升值相当于玛拉妮生命值上限的66%。此次伤害提升遵循踏鲨破浪的伤害衰减规则。 此外，不处于战斗状态下时，玛拉妮的夜魂加持状态消耗的夜魂值与燃素降低30%。,5.0,datamine
10000102,mualani,2,全力以赴玛拉妮！,Mualani、 Going All Out!,self,,进入夜魂加持状态时，玛拉妮获得2层踏鲨破浪的浪势充能；玛拉妮获得豚豚球时，获得1层浪势充能。 此外，玛拉妮在一次夜魂加持期间获得2个豚豚球的2秒内，额外恢复12点夜魂值。该效果需要解锁突破天赋「耐热型淡水豚豚」。,5.0,datamine
10000102,mualani,3,在欢乐海上冲浪,Surfing Atop Joyous Seas,self,elemental_skill,踏鲨破浪的技能等级提高3级。 至多提升至15级。,5.0,datamine
10000102,mualani,4,鲨鲨主食是豚豚。,Sharky Eats Puffies,self,,获得豚豚球时，玛拉妮恢复8点元素能量；该效果需要解锁突破天赋「耐热型淡水豚豚」。 此外，爆瀑飞弹造成的伤害提升75%。,5.0,datamine
10000102,mualani,5,同款冲浪板有售！,Same Style of Surfboard on Sale!,self,elemental_burst,爆瀑飞弹的技能等级提高3级。 至多提升至15级。,5.0,datamine
10000102,mualani,6,「流泉之众」的精神,Spirit of the Springs' People,self,,对命之座「悠闲的「梅兹特利」…」的伤害提升效果，移除原本每次夜魂加持只能触发一次的限制。,5.0,datamine
10000103,xilonen,1,献予慵眠的休假日,Sabbatical Phrase,self,,希诺宁的夜魂加持状态消耗的夜魂值与燃素降低30%，且夜魂值的时间限制延长45%。 此外，希诺宁的「源音采样」激活时，还将提升队伍中附近的当前场上角色的抗打断能力。,5.1,datamine
10000103,xilonen,2,献予灼原的五重奏,Chiucue Mix,self,,希诺宁携带的岩元素「源音采样」将始终保持激活状态。此外，希诺宁的「源音采样」激活时，将根据「源音采样」的元素类型，使队伍中附近所有元素类型相同的角色获得对应效果： ·岩元素：造成的伤害提升50%； ·火元素：攻击力提升45%； ·水元素：生命值上限提升45%； ·冰元素：暴击伤害提升60%； ·雷元素：恢复25点元素能量，且元素爆发的冷却时间缩短6秒。,5.1,datamine
10000103,xilonen,3,献予日炎的巡行式,Tonalpohualli's Loop,self,elemental_skill,音火锻淬的技能等级提高3级。 至多提升至15级。,5.1,datamine
10000103,xilonen,4,献予午后的花之梦,Suchitl's Trance,team,,希诺宁施放音火锻淬后，将为队伍中附近的所有角色施加「荣花之赐」效果，持续15秒。 拥有「荣花之赐」的角色的普通攻击、重击与下落攻击造成的伤害提升，提升值相当于希诺宁的防御力的65%。该效果将在生效6次或持续时间结束时解除。 同时命中多名敌人时，会依据命中敌人的数量消耗生效次数；队伍中具有「荣花之赐」的角色，其生效次数单独计算。,5.1,datamine
10000103,xilonen,5,献予夕暮的转格调,Tlaltecuhtli's Crossfade,self,elemental_burst,豹烈律动！的技能等级提高3级。 至多提升至15级。,5.1,datamine
10000103,xilonen,6,献予永夜的狂欢舞,Imperishable Night Carnival,team,,处于夜魂加持状态下时，希诺宁进行冲刺、腾跃、普通攻击、下落攻击时，将获得「永夜的祝福」，无视夜魂加持状态下的限制，并提升普通攻击与下落攻击造成的伤害，持续5秒。 持续期间： ·暂停希诺宁的夜魂值时间限制计时，希诺宁的夜魂值、燃素、体力将不再下降，且夜魂值达到上限时，希诺宁的夜魂加持也不会结束； ·希诺宁在夜魂加持状态下的普通攻击与下落攻击造成的伤害提升，提升值相当于希诺宁的防御力的300%。 ·每1.5秒为附近的队伍中所有角色恢复生命值，回复量相当于希诺宁的防御力的120%。 每15秒至多获得一次「永夜的祝福」。,5.1,datamine
10000104,chasca,1,弹匣，躁动的轮盘,Cylinder、 the Restless Roulette,self,,触发突破天赋「子弹的戏法」中的「附灵转化」时，会额外使第二枚装入弹匣的追影弹转化为焕光追影弹。 触发「附灵转化」的几率增加：若队伍中存在符合元素转化条件的元素类型的角色，则触发「附灵转化」的几率提升33.3%，至多提升至100%。 需要解锁突破天赋「子弹的戏法」。 此外，不处于战斗状态下时，恰斯卡的夜魂加持状态消耗的夜魂值与燃素降低30%。,5.2,datamine
10000104,chasca,2,枪口，灼烧的轻烟,Muzzle、 the Searing Smoke,self,,恰斯卡登场时，获得一层突破天赋「子弹的戏法」的「焕影之灵」。该效果需要解锁突破天赋「子弹的戏法」。 此外，施放元素战技灵缰追影中的多重瞄准时，恰斯卡的焕光追影弹命中敌人时，会根据焕光追影弹的元素类型，造成相当于恰斯卡攻击力400%的对应元素范围伤害，该伤害视为重击伤害。每次施放多重瞄准至多触发一次该效果。,5.2,datamine
10000104,chasca,3,笼绳，缜密的掌控,Reins、 Her Careful Control,self,elemental_skill,元素战技灵缰追影的技能等级提高3级。 至多提升至15级。,5.2,datamine
10000104,chasca,4,星火，瞬息的击发,Sparks、 the Sudden Shot,self,,元素爆发索魂命袭中的溢光索魂弹命中敌人时，将为恰斯卡恢复1.5点元素能量，并会根据溢光索魂弹的元素类型，造成相当于恰斯卡攻击力400%的对应元素范围伤害，该伤害视为重击伤害。 上述造成对应元素范围伤害的效果，每次施放索魂命袭至多触发1次该效果。,5.2,datamine
10000104,chasca,5,帽檐，沙影的轮廓,Brim、 the Sandshadow's Silhouette,self,elemental_burst,元素爆发索魂命袭的技能等级提高3级。 至多提升至15级。,5.2,datamine
10000104,chasca,6,相决，斗争的荣光,Showdown、 the Glory of Battle,self,,恰斯卡进行多重瞄准所需的蓄力时间减少，且触发突破天赋「子弹的戏法」中的「附灵转化」后，恰斯卡将获得「命袭」状态，在接下来的3秒内，恰斯卡下一次施放元素战技灵缰追影中的多重瞄准时，会立即完成蓄力，并且本次多重瞄准中的追影弹和焕光追影弹的暴击伤害提升120%。每3秒至多获得一次「命袭」效果。 上述效果需要解锁突破天赋「子弹的戏法」。,5.2,datamine
10000105,ororon,1,林雾间的行迹,Trails Amidst the Forest Fog,self,,元素战技暝色缒索中的宿灵球能额外弹跳2次。 此外，宿灵球命中敌人后，将为该敌人施加「夜暝」效果，持续12秒；对处于「夜暝」效果的影响下的敌人，突破天赋「夜翳的通感」触发的「显象超感」造成的伤害提升50%，该效果需要解锁突破天赋「夜翳的通感」。,5.2,datamine
10000105,ororon,2,藏蜜酒的王蜂,King Bee of the Hidden Honeyed Wine,self,,施放元素爆发黯声回响后，欧洛伦将获得「灵式超感」效果，持续9秒。 灵式超感 获得8%雷元素伤害加成； 此外，持续期间，元素爆发黯声回响或超音灵眼每额外命中一名敌人，都将进一步使欧洛伦获得8%雷元素伤害加成，至多通过这种方式获得32%雷元素伤害加成。,5.2,datamine
10000105,ororon,3,栖地蝠的灵笼,Roosting Bat's Spiritcage,self,elemental_burst,元素爆发黯声回响的技能等级提高3级。 至多提升至15级。,5.2,datamine
10000105,ororon,4,如夜风的谜烟,As the Mysteries of the Night Wind,self,,元素爆发黯声回响召唤的超音灵眼的旋转速度提升25%。 此外，施放黯声回响后，为欧洛伦自己恢复8点元素能量。,5.2,datamine
10000105,ororon,5,为心魂的献礼,A Gift For the Soul,self,elemental_skill,元素战技暝色缒索的技能等级提高3级。 至多提升至15级。,5.2,datamine
10000105,ororon,6,致深泉的颂赞,Ode to Deep Springs,self,,触发突破天赋「夜翳的通感」的「显象超感」后，会使队伍中自己的当前场上角色的攻击力提升10%，持续9秒。该效果至多叠加3层，每层独立计算持续时间。 此外，施放元素爆发黯声回响时，将触发一次等同于「显象超感」的效果，造成原本200%的伤害。 该效果需要解锁突破天赋「夜翳的通感」。,5.2,datamine
10000106,mavuika,1,夜主的授记,The Night-Lord's Explication,self,,玛薇卡的夜魂值上限提升为120点，且战意的获取效率提升25%。 此外，获取战意后，玛薇卡的攻击力提升40%，持续8秒。,5.3,datamine
10000106,mavuika,2,灰烬的代价,The Ashen Price,enemy,,处于夜魂加持状态下时，玛薇卡的基础攻击力提升200点，并根据诸火武装的形态，获得对应效果： ·焚曜之环：附近的敌人的防御力降低20%； ·驰轮车：玛薇卡的普通攻击、重击、元素爆发燔天之时中的坠日斩造成的伤害提升，提升值相当于玛薇卡攻击力的60%/90%/120%。,5.3,datamine
10000106,mavuika,3,燃烧的太阳,The Burning Sun,self,elemental_burst,元素爆发燔天之时的技能等级提高3级。 至多提升至15级。,5.3,datamine
10000106,mavuika,4,「领袖」的觉悟,The Leader's Resolve,self,,突破天赋「基扬戈兹」的效果获得提升： 施放元素爆发燔天之时后的伤害提升效果不再随时间降低，并额外获得10%伤害加成。 需要解锁突破天赋「基扬戈兹」。,5.3,datamine
10000106,mavuika,5,真实的含义,The Meaning of Truth,self,elemental_skill,元素战技称名之刻的技能等级提高3级。 至多提升至15级。,5.3,datamine
10000106,mavuika,6,「人之名」解放,"Humanity's Name" Unfettered,enemy,,元素战技称名之刻中的诸火武装获得完全强化： ·焚曜之环：焚曜之环的攻击命中敌人时，将会有一辆驰轮车撞向被命中的敌人，造成200%攻击力的具有夜魂性质的火元素范围伤害； ·驰轮车：玛薇卡驾驶驰轮车时，还会召唤出持续跟随玛薇卡的「焚曜之环·灼象」，使附近的敌人的防御力降低20%，并且每3秒对周围的敌人造成一次500%攻击力的具有夜魂性质的火元素范围伤害，且玛薇卡通过各种地形的能力也会进一步提升。 此外，玛薇卡驾驶驰轮车且不处于战斗状态下时，当玛薇卡的夜魂值降低至5点时，将获得80点夜魂值，该效果每15秒至多触发一次。,5.3,datamine
10000107,citlali,1,四百星的芒刃,Radiant Blades of Centzon Mimixcoah,team,,施放元素战技霜昼黑星时，茜特菈莉将获得「白星之裙」效果，持续至伊兹帕帕退场：持续期间，茜特菈莉获得10层「星刃」，除茜特菈莉外的附近的当前场上角色的普通攻击、重击、下落攻击、元素战技或元素爆发造成伤害时，将消耗1层「星刃」，提升造成的伤害，提升值相当于茜特菈莉元素精通的200%。 队伍中附近的角色触发冻结反应或融化反应后，茜特菈莉将额外获得3层「星刃」，该效果每8秒至多触发一次。 施放元素战技霜昼黑星时，「星刃」的层数将会刷新。 此外，茜特菈莉进行腾跃、或是在空中进行瞄准或重击时，消耗的燃素降低45%。,5.3,datamine
10000107,citlali,2,吞心者的巡行,Heart Devourer's Travail,both,,茜特菈莉的元素精通提升125点，处于白曜护盾的庇护下或是伊兹帕帕跟随的其他角色的元素精通提升250点。 此外，施放元素战技霜昼黑星时，也会为附近的当前场上角色赋予白曜护盾； 此外，突破天赋「五重天的寒雨」的效果获得提升： 伊兹帕帕存在期间，队伍中附近的角色触发冻结反应或融化反应后，受本次反应影响的敌人的火元素与水元素抗性还会额外降低20%，持续12秒，该效果需要解锁突破天赋「五重天的寒雨」。,5.3,datamine
10000107,citlali,3,云中蛇的羽冠,Cloud Serpent's Feathered Crown,self,elemental_skill,元素战技霜昼黑星的技能等级提高3级。 至多提升至15级。,5.3,datamine
10000107,citlali,4,拒亡者的灵髑,Death Defier's Spirit Skull,self,,元素战技霜昼黑星中，伊兹帕帕的霜陨风暴命中敌人时，会额外召唤一个宿灵之髑·黑星，通过这种方式召唤的宿灵之髑发生爆炸时，会造成相当于茜特菈莉元素精通1800%的具有夜魂性质的冰元素范围伤害，并为茜特菈莉恢复16点夜魂值和8点元素能量，该效果每8秒至多触发一次。该伤害不被视为元素爆发伤害。,5.3,datamine
10000107,citlali,5,五恶曜的咒缚,Nemontemi's Hex,self,elemental_burst,元素爆发诸曜饬令的技能等级提高3级。 至多提升至15级。,5.3,datamine
10000107,citlali,6,原动天的密契,Teoiztac's Secret Pact,team,,元素战技霜昼黑星中召唤的伊兹帕帕将始终为白燧状态，夜魂值耗尽时，伊兹帕帕的白燧状态也不会结束。 此外，施放元素战技霜昼黑星时，伊兹帕帕将消耗所有夜魂值，并在存在期间内持续消耗夜魂值；每通过上述方式消耗1点夜魂值，茜特菈莉就会获得1点「秘律之数」。 「秘律之数」上限为40点，基于茜特菈莉持有的「秘律之数」，每1点「秘律之数」会使附近的队伍中所有角色获得1.5%火元素与水元素伤害加成，并使茜特菈莉造成的伤害提升2.5%。 伊兹帕帕退场时，或再次施放元素战技时，茜特菈莉持有的「秘律之数」将被移除。,5.3,datamine
10000108,lan_yan,1,「若有人兮云之际」,"As One Might Stride Betwixt the Clouds",self,,触发突破天赋「四戈封刀灵卜」中的元素转化后，蓝砚在这次元素战技凤缕随翦舞中向敌人抛出翦月环时，将额外抛出一枚翦月环。 需要解锁突破天赋「四戈封刀灵卜」。,5.3,datamine
10000108,lan_yan,2,「舞袂翩兮扬玉霓」,"Dance Vestments Billow Like Rainbow Jade",self,,凤缕护盾存在期间，队伍中自己的当前场上角色的普通攻击造成伤害时，会恢复40%凤缕护盾的伤害吸收量，至多恢复至创造护盾时的伤害吸收量，该效果每2秒至多触发一次。,5.3,datamine
10000108,lan_yan,3,「乘白凤兮翦雾縠」,"On White Wings Pierce Through Cloud and Fog",self,elemental_skill,元素战技凤缕随翦舞的技能等级提高3级。 至多提升至15级。,5.3,datamine
10000108,lan_yan,4,「揽龙鹰兮结血珠」,"With Drakefalcon's Blood-Pearls Adorned",team,,施放元素爆发鹍弦踏月出之后的12秒内，队伍中附近所有角色的元素精通提升60点。,5.3,datamine
10000108,lan_yan,5,「既见君兮予所欢」,"Having Met You、 My Heart is Gladdened",self,elemental_burst,元素爆发鹍弦踏月出的技能等级提高3级。 至多提升至15级。,5.3,datamine
10000108,lan_yan,6,「愿随风兮鸣银鸾」,"Let Us Away on Sylphic Wing、 the Silvered Ornaments to Ring",self,,凤缕随翦舞的可使用次数增加1次。,5.3,datamine
10000109,yumemizuki_mizuki,1,宿雾若水遥,In Mist-Like Waters,self,,梦见月瑞希处于梦浮状态下时，每3.5秒将对附近的敌人施加持续3秒的「二十三夜待」效果。处于二十三夜待状态下的敌人受到风元素伤害而触发扩散或星扩散反应时，将移除该效果，使此次扩散/星扩散反应对该敌人造成的伤害提升，提升值分别相当于梦见月瑞希元素精通的1100%/550%。,5.4,datamine
10000109,yumemizuki_mizuki,2,缠忆君影梦相见,Your Echo I Meet in Dreams,team,,进入梦浮状态时，梦见月瑞希的每点元素精通，会为附近的队伍中所有其他角色提供0.04%火元素、水元素、冰元素与雷元素伤害加成，效果持续至梦浮状态结束。,5.4,datamine
10000109,yumemizuki_mizuki,3,晓月又经宵,Till Dawn's Moon Ends Night,self,elemental_skill,元素战技秋沙歌枕巡礼的技能等级提高3级。 至多提升至15级。,5.4,datamine
10000109,yumemizuki_mizuki,4,泉轻流花暖,Buds Warm Lucid Springs,self,,拾取元素爆发安乐秘汤疗法中的梦见风名物点心时，将同时造成伤害与治疗，并为梦见月瑞希恢复5点元素能量。一次安乐秘汤疗法持续期间，至多通过这种方式恢复4次元素能量。,5.4,datamine
10000109,yumemizuki_mizuki,5,岁云暮矣待月归,As Setting Moon Brings Year's End,self,elemental_burst,元素爆发安乐秘汤疗法的技能等级提高3级。 至多提升至15级。,5.4,datamine
10000109,yumemizuki_mizuki,6,慕念萦心间,The Heart Lingers Long,team,,梦见月瑞希处于梦浮状态下时，队伍中附近的角色触发的扩散反应造成的伤害能够造成暴击，暴击率固定为30%，暴击伤害固定为100%，并使这些角色造成的星扩散反应伤害暴击率提升10%，暴击伤害提升20%。,5.4,datamine
10000110,iansan,1,万事从来开头难,Starting's Never Easy,self,,在战斗中，伊安珊处于夜魂加持状态下时，每消耗6点夜魂值，将为伊安珊自己恢复15点元素能量，该效果每18秒至多触发一次。,5.5,datamine
10000110,iansan,2,偷懒是健身大忌!,Laziness is the Enemy!,self,,施放元素爆发力的三原理时，伊安珊也会获得突破天赋「强化抗阻练习」中的「标准动作」效果，持续15秒；此外，「标准动作」效果持续期间，若伊安珊处于队伍后台，还会使队伍中自己的当前场上角色的攻击力提升30%。该效果需要解锁突破天赋「强化抗阻练习」。,5.5,datamine
10000110,iansan,3,科学的饮食规划,Scientific Diet Planning,self,elemental_skill,元素战技电掣雷驰的技能等级提高3级。 至多提升至15级。,5.5,datamine
10000110,iansan,4,循序渐进是关键,Slow and Steady Wins the Race,self,,动能标示存在期间，除伊安珊外的队伍中自己的当前场上角色施放元素爆发后，伊安珊将获得两层「原力激扬」，持续至动能标示退场，每次召唤动能标示至多触发一次该效果；伊安珊通过动能标示恢复夜魂值时，将消耗一层「原力激扬」，为伊安珊额外恢复4点夜魂值。 此外，若动能标示的夜魂值恢复量溢出，伊安珊下一次通过动能标示恢复夜魂值时，还会额外恢复相当于本次溢出量50%的夜魂值。,5.5,datamine
10000110,iansan,5,还没有到极限呢！,We Can Push It Further!,self,elemental_burst,元素爆发力的三原理的技能等级提高3级。 至多提升至15级。,5.5,datamine
10000110,iansan,6,「沃陆之邦」的训教,Teachings of the Collective of Plenty,self,,动能标示的持续时间延长3秒。 此外，伊安珊触发恢复夜魂值的效果时，若夜魂值恢复量溢出，将获得「极限发力」效果，使队伍中自己的当前场上角色造成的伤害提升25%，持续3秒。,5.5,datamine
10000111,varesa,1,终始不熄的热诚,Undying Passion,self,,突破天赋「连势，三重腾跃！」的效果获得强化： 进行特殊下落攻击·大火山狂雷怒卷时，瓦雷莎也会获得「虹色坠击」，持续5秒； 「虹色坠击」持续期间，无论瓦雷莎是否处于炽热激情状态，进行下落攻击时，坠地冲击都会改为额外造成180%攻击力的伤害。该效果需要解锁突破天赋「连势，三重腾跃！」。 此外，当瓦雷莎处于夜魂加持状态下的「突驰烈进」模式时，消耗的夜魂值或燃素降低30%。,5.5,datamine
10000111,varesa,2,逾越天光的极限,Beyond the Edge of Light,self,,无论是否处于炽热激情状态，瓦雷莎进行下落攻击后，都会进入极限驱动状态。 处于极限驱动状态下时，瓦雷莎的抗打断能力还会进一步提升。 此外，瓦雷莎进行下落攻击时的坠地冲击命中敌人时，会为瓦雷莎恢复11.5点元素能量。,5.5,datamine
10000111,varesa,3,百折不摧的决意,Unbowed Resolve,self,elemental_burst,元素爆发闪烈降临！的技能等级提高3级。 至多提升至15级。,5.5,datamine
10000111,varesa,4,直面前路的勇气,The Courage to Press On,self,,施放元素爆发闪烈降临！时，依据瓦雷莎的状态，将分别产生对应的强化效果。若瓦雷莎： ·不处于炽热激情状态或极限驱动状态：瓦雷莎获得「精进勇猛」效果，持续15秒，基于瓦雷莎攻击力的500%，提升瓦雷莎进行下落攻击时坠地冲击造成的伤害，至多通过这种方式提升20000；该效果将在坠地冲击命中敌人或持续时间结束时解除。 ·处于炽热激情状态或极限驱动状态：本次元素爆发闪烈降临！造成的伤害提升100%。,5.5,datamine
10000111,varesa,5,暖风浮漾的心念,Thoughts Floating on the Warm Breeze,self,normal_attack,普通攻击·角力搏摔的技能等级提高3级。 至多提升至15级。,5.5,datamine
10000111,varesa,6,正义英雄的凯旋,A Hero of Justice's Triumph,self,,进入极限驱动状态时，将为瓦雷莎恢复30点元素能量。 瓦雷莎的下落攻击与元素爆发闪烈降临！的暴击率提升10%，暴击伤害提升100%。 此外，瓦雷莎长按施放元素战技夜虹逐跃时，或是在「突驰烈进」模式下点按施放元素战技时，瓦雷莎将恢复夜魂值至上限。,5.5,datamine
10000112,escoffier,1,味蕾绽放的餐前旋舞,Pre-Dinner Dance for Your Taste Buds,team,,队伍中4名角色的元素类型均为水元素或冰元素时，爱可菲施放元素战技**低温烹饪**或元素爆发**花刀技法**后的15秒内，队伍中附近的所有角色造成冰元素伤害时的暴击伤害提升60%。 需要解锁突破天赋「灵感浸入调味」。,5.6,datamine
10000112,escoffier,2,鲜香味腴的炖煮艺术,Fresh、 Fragrant Stew Is an Art,self,,爱可菲以**低温冷藏模式**启动厨艺机关时，将获得「现制名肴」效果，持续15秒：持续期间，爱可菲获得5层「冷煮」，除爱可菲外的附近的当前场上角色普通攻击、重击、下落攻击、元素战技和元素爆发对敌人造成冰元素伤害时，将消耗1层「冷煮」，提升造成的伤害，提升值相当于爱可菲攻击力的240%。 一次冰元素伤害同时命中多名敌人时，会依据命中敌人的数量消耗「冷煮」的层数。,5.6,datamine
10000112,escoffier,3,焦糖褐变的烘烤魔法,The Bakery Magic of Caramel Browning,self,elemental_skill,元素战技**低温烹饪**的技能等级提高3级。 至多提升至15级。,5.6,datamine
10000112,escoffier,4,迷迭生香的配比秘方,Secret Rosemary Recipe,self,,**康复食疗**的持续时间延长6秒。持续期间，通过康复食疗触发治疗时，有几率使治疗量提升100%，并为爱可菲恢复2点元素能量，几率相当于爱可菲自己的暴击率。一次康复食疗持续期间，该效果至多触发7次。 需要解锁突破天赋「美食胜过良药」。,5.6,datamine
10000112,escoffier,5,千种酱汁的风味交响,Symphony of a Thousand Sauces,self,elemental_burst,元素爆发**花刀技法**的技能等级提高3级。 至多提升至15级。,5.6,datamine
10000112,escoffier,6,虹彩缤纷的甜点茶话,Tea Parties Bursting With Color,self,,**厨艺机关·低温冷藏模式**获得强化： ·队伍中自己的当前场上角色的普通攻击、重击或下落攻击命中敌人时，厨艺机关·低温冷藏模式将发射一枚额外的特级冻霜芭菲，造成爱可菲500%攻击力的冰元素范围伤害。该伤害视为元素战技伤害。 该效果每0.5秒至多触发一次，一次厨艺机关·低温冷藏模式持续期间，该效果至多触发6次。,5.6,datamine
10000113,ifa,1,藤典药剂的备制,Vitiferous Elixir's Concoction,self,,**「援护射击」**命中敌人时，将为伊法恢复6点元素能量。每8秒至多通过这种方式恢复一次元素能量。,5.6,datamine
10000113,ifa,2,祈祷弹道的助灵,Guiding Spirit of Ballistic Prayer,team,,伊法处于夜魂加持状态下时，基于队伍中所有角色当前夜魂值的总和超过60点的部分，每1点夜魂值都将使伊法额外获得4点**「救援要义」**。 此外，伊法持有「救援要义」的上限提升50点。 需要解锁突破天赋**场中医者视野**。,5.6,datamine
10000113,ifa,3,与夜谈判的驳词,Rebuttal in Negotiations With the Night,self,elemental_skill,元素战技**空天疾护**的技能等级提高3级。 至多提升至15级。,5.6,datamine
10000113,ifa,4,糜烂应体的置换,Decayed Vessel's Permutation,self,,元素爆发**复合镇静域**产生的固缚风场的持续时间延长至3秒。 此外，施放元素爆发复合镇静域后，伊法的元素精通提升100点，持续15秒。,5.6,datamine
10000113,ifa,5,万物同生的共誓,Vow of Universal Coexistence,self,elemental_burst,元素爆发**复合镇静域**的技能等级提高3级。 至多提升至15级。,5.6,datamine
10000113,ifa,6,羽结所庇的诺言,Oath on a Feathered Knot,self,,伊法长按进行**「援护射击」**时，有50%几率发射一枚额外的秘药弹，造成相当于伊法攻击力120%的风元素伤害。该伤害视为普通攻击伤害。 此外，不处于战斗状态下时，伊法的夜魂加持状态消耗的夜魂值与燃素降低20%。,5.6,datamine
10000114,skirk,1,湮远,Far to Fall,self,,突破天赋**理外之理**的效果获得强化：每汲取一枚虚境裂隙，就将召唤一枚晶刃攻击附近的敌人，造成相当于丝柯克攻击力500%的冰元素伤害，该伤害视为重击伤害。 需要解锁突破天赋「理外之理」。,5.7,datamine
10000114,skirk,2,坠渊,Into the Abyss,self,,施放元素战技极恶技·闪后，丝柯克将额外获得10点**蛇之狡谋**。 施放元素爆发极恶技·灭时，提升本次元素爆发伤害的效果，至多额外计入10点蛇之狡谋。 此外，丝柯克施放**七相一闪**模式下的特殊元素爆发极恶技·尽后的12.5秒内，攻击力提升70%，该效果会在丝柯克退出七相一闪模式时解除。,5.7,datamine
10000114,skirk,3,罪缘,Serendipitous Sin,self,elemental_burst,元素爆发**极恶技·灭**的技能等级提高3级。 至多提升至15级。,5.7,datamine
10000114,skirk,4,流断,Fractured Flow,self,,突破天赋**万流归寂**的效果获得强化：每层死河渡断效果还会使丝柯克的攻击力提升10%/20%/40%。 需要解锁突破天赋「万流归寂」。,5.7,datamine
10000114,skirk,5,结愿,End of Wishes,self,elemental_skill,元素战技**极恶技·闪**的技能等级提高3级。 至多提升至15级,5.7,datamine
10000114,skirk,6,至源,To the Source,self,,丝柯克每通过突破天赋**理外之理**的效果汲取一枚虚境裂隙，就会获得一层极恶技·斩效果，丝柯克可以消耗该效果进行协同攻击，并降低在**七相一闪**模式下受到的伤害，该效果持续15秒，至多叠加3层，每层独立计算持续时间。 需要解锁突破天赋「理外之理」。 极恶技·斩 ·施放元素爆发极恶技·灭时，将消耗所有的极恶技·斩层数进行协同攻击，每层极恶技·斩会造成相当于丝柯克攻击力750%的冰元素伤害，该伤害视为元素爆发伤害； ·丝柯克在七相一闪模式下进行的普通攻击，第三段攻击或第五段攻击命中敌人时，将消耗一层极恶技·斩，进行3次协同攻击，每次协同攻击造成相当于丝柯克攻击力180%的冰元素伤害，该伤害视为普通攻击伤害； ·丝柯克在七相一闪模式下受到伤害时，将消耗一层极恶技·斩，使本次受到的伤害降低80%，并对附近的敌人进行3次攻击，每次攻击造成相当于丝柯克攻击力180%的冰元素伤害，该伤害视为重击伤害。,5.7,datamine
10000115,dahlia,1,无瑕之引,Infallible Procession,self,,塔利雅每获得一层元素爆发**纯耀的祷咏**中的「祝颂」效果，都将恢复2.5点元素能量。,5.7,datamine
10000115,dahlia,2,眷怜启应,Revelation of Mercy,self,,塔利雅消耗元素爆发**纯耀的祷咏**中的「祝颂」效果唤出圣眷护盾后，处于圣眷护盾庇护下的角色，护盾强效提升25%，持续12秒。,5.7,datamine
10000115,dahlia,3,风花之奉,Windblume Offertory,self,elemental_burst,元素爆发**纯耀的祷咏**的技能等级提高3级。 至多提升至15级。,5.7,datamine
10000115,dahlia,4,众愿的集祷,Collect of the Assembly,self,,元素爆发**纯耀的祷咏**中的「西风之眷」效果的持续时间延长3秒。,5.7,datamine
10000115,dahlia,5,遂成的狡意,Let It Be Subtly So,self,elemental_skill,元素战技**圣浸的礼典**的技能等级提高3级。 至多提升至15级。,5.7,datamine
10000115,dahlia,6,愿一切欢睦陪伴你,You Shall Go Out With Joy,self,,处于元素爆发**纯耀的祷咏**中的「西风之眷」效果影响下的当前场上角色的攻击速度提升10%。 此外，处于西风之眷效果影响下的当前场上角色倒下时，则立即： ·复苏该角色； ·将该角色生命值恢复至100%。 该效果每15分钟只能触发一次。,5.7,datamine
10000116,ineffa,1,循环整流引擎,Rectifying Processor,team,,伊涅芙展开光流屏障护盾时，将为队伍中附近的所有角色赋予持续20秒的「载流复合」效果，使月感电反应造成的伤害提升，提升值基于伊涅芙的攻击力：每100点攻击力都将提升2.5%伤害，至多通过这种方式提升50%伤害。,5.8,datamine
10000116,ineffa,2,辅助清理模块,Support Cleaning Module,self,,元素爆发**至高律令·全域扫灭**命中敌人后，将为其中一名敌人施加「惩戒敕谕」状态：短暂间隔后，或该敌人被击败时，将对其周围的敌人造成相当于伊涅芙攻击力300%的雷元素范围伤害，该伤害视为月感电反应造成的伤害。 此外，施放元素爆发至高律令·全域扫灭时，也会为附近的当前场上角色赋予光流屏障护盾。,5.8,datamine
10000116,ineffa,3,高阶情感固件,Enhanced Emotion Emulator,self,elemental_skill,元素战技**涤净模式·稳态载频**的技能等级提高3级。 至多提升至15级。,5.8,datamine
10000116,ineffa,4,敕谕未至之路,The Edictless Path,team,,队伍中自己的角色触发月感电反应时，将恢复5点元素能量，该效果每4秒至多触发一次。,5.8,datamine
10000116,ineffa,5,超越镜影之梦,Mirror's Dream Transcension,self,elemental_burst,元素爆发**至高律令·全域扫灭**的技能等级提高3级。 至多提升至15级。,5.8,datamine
10000116,ineffa,6,献予你的明晨,A Dawning Morn for You,self,,伊涅芙处于「载流复合」效果影响下时，附近的雷暴云对敌人进行雷击后，伊涅芙将对当前场上自己的角色周围的敌人造成相当于伊涅芙攻击力135%的雷元素范围伤害，该伤害视为月感电反应造成的伤害，上述效果每3.5秒至多触发一次。,5.8,datamine
10000119,lauma,1,「唇啊，为我纺出歌与吟哦」,"O Lips、 Weave Me Songs and Psalms",team,,菈乌玛施放元素战技**圣言述咏·终宵永眠**或元素爆发**圣言述咏·众心为月**后，将获得「生之纺线」，持续20秒。 持续期间，队伍中附近的角色触发月绽放反应时，为附近的当前场上角色恢复生命值，回复量相当于菈乌玛元素精通的500%，该效果每1.9秒至多触发一次。 此外，菈乌玛的灵使形态消耗的体力减少40%，最大持续时间延长5秒。,6.0,datamine
10000119,lauma,2,「纺出那终北的告诫与述说」,"Twine Warnings and Tales From the North",team,,元素爆发**圣言述咏·众心为月**获得强化： ·**「苍色祷歌」**的效果提升：队伍中附近的所有角色触发绽放、超绽放、烈绽放反应时造成的伤害额外提升，提升值相当于菈乌玛元素精通的500%；队伍中附近的所有角色造成的月绽放反应伤害额外提升，提升值相当于菈乌玛元素精通的400%。 月兆·满辉：队伍中附近的所有角色造成的月绽放反应伤害提升40%。,6.0,datamine
10000119,lauma,3,「汝、切莫贪求狡狐的小径」,"Seek Not to Tread the Sly Fox's Path",self,elemental_burst,元素爆发**圣言述咏·众心为月**的技能等级提高3级。 至多提升至15级。,6.0,datamine
10000119,lauma,4,「汝、切莫贪恋巨熊的权柄」,"Nor Yearn for the Great Bear's Might",self,,元素战技**圣言述咏·终宵永眠**中的**霜林圣域**的攻击命中敌人时，将为菈乌玛恢复4点元素能量，该效果每5秒至多触发一次。,6.0,datamine
10000119,lauma,5,「若是得以将真实之物见证」,"If Truth May Be Subject to Witness",self,elemental_skill,元素战技**圣言述咏·终宵永眠**的技能等级提高3级。 至多提升至15级。,6.0,datamine
10000119,lauma,6,「我愿将这血与泪奉予月明」,"I Offer Blood and Tears to the Moonlight",team,,**霜林圣域**攻击敌人时，会额外造成一次视为月绽放反应伤害的草元素范围伤害。该伤害基于菈乌玛元素精通的185%，不会消耗**「苍色祷歌」**，而是会使菈乌玛获得2层「苍色祷歌」，并刷新通过这种方式获得的「苍色祷歌」的持续时间。 一次霜林圣域持续期间，该效果至多触发8次；施放元素战技**圣言述咏·终宵永眠**时，将清除通过这种方式获得的「苍色祷歌」。 此外，菈乌玛在拥有「苍色祷歌」的情况下进行普通攻击时，会消耗一层「苍色祷歌」，转为造成相当于菈乌玛元素精通150%的草元素伤害，该伤害视为月绽放反应造成的伤害。 月兆·满辉：队伍中附近的所有角色造成的月绽放反应伤害**擢升**25%。,6.0,datamine
10000120,flins,1,拨开雪翳之幕,Part the Veil of Snow,team,,特殊元素战技北国枪阵的基础冷却时间缩短为4秒。 此外，队伍中的角色触发月感电反应时，还会为菲林斯恢复8点元素能量，该效果每5.5秒至多触发一次。,6.0,datamine
10000120,flins,2,渡越魍魉之墙,The Devil's Wall,enemy,,施放特殊元素战技北国枪阵后的6秒内，菲林斯的下一次普通攻击命中敌人时，还会额外造成相当于菲林斯攻击力50%的雷元素范围伤害，该伤害视为月感电反应造成的伤害。 月兆·满辉：菲林斯在场上时，菲林斯的元素类型为雷元素的攻击命中敌人后，该敌人的雷元素抗性降低25%，持续7秒。,6.0,datamine
10000120,flins,3,夜访陌客之沼,Stranger in the Night,self,elemental_burst,元素爆发**旧仪·夜客致访**的技能等级提高3级。 至多提升至15级。,6.0,datamine
10000120,flins,4,荒山嘶啭之夜,Night on Bald Mountain,self,,菲林斯的攻击力提升20%。 此外，突破天赋**「幽焰的呢喃」**获得强化：菲林斯的元素精通提升，提升值相当于菲林斯的攻击力的10%。通过这种方式，至多使菲林斯的元素精通提升220点。,6.0,datamine
10000120,flins,5,逐远避世之影,Exile's Shadow,self,elemental_skill,元素战技**古律·孤灯遗秘**的技能等级提高3级。 至多提升至15级。,6.0,datamine
10000120,flins,6,歌与亡者之舞,Songs and Dances of Death,team,,菲林斯对敌人造成的月感电反应伤害**擢升**35%。 月兆·满辉：队伍中附近的所有角色造成的月感电反应伤害擢升10%。,6.0,datamine
10000121,aino,1,灰与力场的平衡理论,The Theory of Ash—Field Equilibrium,self,,爱诺施放元素战技**妙思捕手**或元素爆发**精密水冷仪**后，爱诺自身的元素精通提升80点，附近的当前场上其他角色的元素精通提升80点，持续15秒。 该命之座提供的元素精通提升效果无法叠加。,6.0,datamine
10000121,aino,2,齿轮差分的进位原理,The Principle of Transference in Gear Differentials,self,,元素爆发**精密水冷仪**中的对点水冷域持续期间，若爱诺处于队伍后台，队伍中自己的当前场上角色的攻击命中附近的敌人时，「冷静一下鸭」将对该敌人发射一枚额外的水弹，基于爱诺攻击力的25%与元素精通的100%，造成水元素范围伤害。该效果每5秒至多触发一次，且造成的伤害视为元素爆发伤害。,6.0,datamine
10000121,aino,3,蛋糕与机关维修艺术,Cake and the Art of Mechanism Repair,self,elemental_burst,元素爆发**精密水冷仪**的技能等级提高3级。 至多提升至15级。,6.0,datamine
10000121,aino,4,黄油与猫与供能法则,Butter and Cats and the Law of Energy Supply,self,,元素战技**妙思捕手**命中敌人时，将为爱诺恢复10点元素能量，每10秒至多通过这种方式恢复一次元素能量。,6.0,datamine
10000121,aino,5,金属与光的不朽涡轮,Perpetual Turbine of Metal and Light,self,elemental_skill,元素战技**妙思捕手**的技能等级提高3级。 至多提升至15级。,6.0,datamine
10000121,aino,6,天才之为构造之责任,The Burden of Creative Genius,self,,施放元素爆发**精密水冷仪**后的15秒内，附近的当前场上角色触发的感电、绽放、月感电、月绽放、月结晶造成的伤害提升15%。 月兆·满辉：上述反应造成的伤害额外提升20%。,6.0,datamine
10000122,nefer,1,谋篇乃成败之始,Planning Breeds Success,self,,奈芙尔的**幻戏**造成的月绽放反应伤害的基础伤害提升，提升值相当于奈芙尔的元素精通的60%。该效果同样会受到**「伪秘之帷」**的加成。,6.1,datamine
10000122,nefer,2,明察为筹算之先,Observation Feeds Strategy,self,,突破天赋**「月下的豪赌」**的效果获得强化：**「伪秘之帷」**的持续时间延长5秒，上限提升至5层，且至多使**幻戏**造成原本140%的伤害；奈芙尔施放元素战技**弈术·千夜一舞**时，将立刻获得2层「伪秘之帷」。此外，「伪秘之帷」叠加至5层或5层的持续时间刷新时，奈芙尔的元素精通改为提升200点，持续8秒。 需要解锁突破天赋「月下的豪赌」。,6.1,datamine
10000122,nefer,3,诳言掩虚实之迹,Deceit Cloaks the Truth,self,elemental_skill,元素战技**弈术·千夜一舞**的技能等级提高3级。 至多提升至15级。,6.1,datamine
10000122,nefer,4,眩惑入谜局之网,Delusion Ensnares Reason,enemy,,奈芙尔在场上且处于**「影舞」**状态下时，获取草露的速度提升25%。 此外，奈芙尔处于「影舞」状态下时，还会使附近敌人的草元素抗性降低20%，当奈芙尔不处于「影舞」状态或离开敌人一定距离后，该效果会在4.5秒后移除。,6.1,datamine
10000122,nefer,5,见机在忽微之间,Opportunity Hides in the Margins,self,elemental_burst,元素爆发**圣约·真眸幻戏**的技能等级提高3级。 至多提升至15级。,6.1,datamine
10000122,nefer,6,决胜于逆转之时,Victory Flows from the Turning of Tides,self,,奈芙尔施放**幻戏**时，自身的第二段伤害将转为造成相当于奈芙尔元素精通85%的草元素范围伤害；此外，幻戏的攻击结束时，还会造成一次相当于奈芙尔元素精通120%的草元素范围伤害。上述伤害均视为由幻戏造成的月绽放反应伤害。 月兆·满辉 奈芙尔造成的月绽放反应伤害**擢升**15%。,6.1,datamine
10000123,durin,1,红土之逆,Adamah's Redemption,self,,施放元素爆发后，依据杜林施放的元素爆发，会分别造成不同的效果： ·白化法·如光流变：队伍中附近的所有其他角色获得20层「轮变启迪」，持续20秒。拥有「轮变启迪」的当前场上角色的普通攻击、重击、下落攻击、元素战技或元素爆发造成伤害时，将消耗1层「轮变启迪」，提升造成的伤害，提升值相当于杜林攻击力的60%。队伍中拥有「轮变启迪」的角色，其生效次数单独计算。 ·黑度法·如星阴燃：杜林获得20层「轮变启迪」，持续20秒。杜林造成元素爆发伤害时，将消耗2层「轮变启迪」，提升造成的伤害，提升值相当于杜林攻击力的150%。 施放元素爆发时，「轮变启迪」的层数将会刷新。,6.2,datamine
10000123,durin,2,无底之想,Unground Visions,team,,杜林施放元素爆发后的20秒内，队伍中附近的角色对敌人触发蒸发、融化、燃烧、超载、火元素扩散或火元素结晶反应后，或对处于燃烧状态下的敌人造成火元素伤害或草元素伤害时，队伍中附近的角色造成的火元素伤害与参与反应的对应元素伤害提升50%，持续6秒。,6.2,datamine
10000123,durin,3,焰镜之显,Flame Mirror's Revelation,self,elemental_burst,元素爆发**白化法·如光流变**的技能等级提高3级。 至多提升至15级。,6.2,datamine
10000123,durin,4,流溢之原,Emanare's Source,self,,杜林造成的元素爆发伤害提升40%。此外，触发命之座**「红土之逆」**中消耗「轮变启迪」的效果时，有30%几率不会消耗「轮变启迪」。,6.2,datamine
10000123,durin,5,苦火之裂,Scouring Flame's Sundering,self,elemental_skill,元素战技**二元式·聚分熔炼**的技能等级提高3级。 至多提升至15级。,6.2,datamine
10000123,durin,6,双重诞生,Dual Birth,enemy,,杜林造成的元素爆发伤害将无视敌人30%的防御力。 此外，杜林的元素爆发白化法·如光流变与黑度法·如星阴燃分别获得强化： ·元素爆发白化法·如光流变与「白焰之龙」命中敌人时，该敌人的防御力降低30%，持续6秒； ·元素爆发黑度法·如星阴燃与「黑蚀之龙」造成的伤害将额外无视敌人40%的防御力。,6.2,datamine
10000124,jahoda,1,再来一瓶！,One More Flask!,self,,元素战技奇策·财富分配方案中，**呼噜噜秘藏瓶**发射的软绒绒猫猫球命中敌人时，有50%的概率进行一次弹跳，对附近的敌人造成对应元素伤害。,6.2,datamine
10000124,jahoda,2,律贼的临机应变,Rogue's Quick Thinking,self,,月兆·满辉：突破天赋**「索酬的巧计」**中，除角色数量最多的元素类型外，雅珂达还可以偷偷记录剩余元素类型中角色数量最多的元素类型，并使至多两种元素类型对应的效果生效。该效果需要解锁突破天赋「索酬的巧计」。,6.2,datamine
10000124,jahoda,3,无所依归的豪赌,Desperate Gamble,self,elemental_burst,元素爆发**秘器·猎人的七道具**的技能等级提高3级。 至多提升至15级。,6.2,datamine
10000124,jahoda,4,尘沙之上的野莓,Wild Berry Amid the Dust,self,,元素爆发秘器·猎人的七道具中的**猫型家用互助协调器**发生元素转化时，将会为雅珂达回复4点元素能量。,6.2,datamine
10000124,jahoda,5,最伟大的财宝,The Greatest Treasure,self,elemental_skill,元素战技**奇策·财富分配方案**的技能等级提高3级。 至多提升至15级。,6.2,datamine
10000124,jahoda,6,最渺小的幸运,The Littlest Luck,self,,月兆·满辉：元素战技奇策·财富分配方案中的**呼噜噜秘藏瓶**装满后的20秒内，队伍中附近的月兆角色的暴击率提升5%，暴击伤害提升40%。,6.2,datamine
10000125,columbina,1,遍照花海，隐入群山,Radiance Over Blossoms and Peaks,team,,施放元素战技万古潮汐时，还会立刻触发一次等同于**引力干涉**的效果，该效果每15秒至多触发一次。 月兆·满辉 触发引力干涉时，若为哥伦比娅积攒最多引力值的月曜反应类型为： ·月感电反应：为队伍中自己的当前场上角色恢复6点元素能量； ·月绽放反应：提升队伍中自己的当前场上角色的抗打断能力，持续8秒； ·月结晶反应：唤出雨海护盾，伤害吸收量受益于哥伦比娅生命值上限的12%，对水元素伤害有250%的吸收效果，持续8秒。 队伍中附近的所有角色造成的月曜反应伤害**擢升**1.5%。,6.3,datamine
10000125,columbina,2,为夜增辉，与君遥伴,Not in Lone Splendor,team,,**引力值**的积攒速度提升34%。 触发引力干涉时，哥伦比娅将获得皎辉效果，生命值上限提升40%，持续8秒。 月兆·满辉 ： 皎辉效果持续期间，若本次触发引力干涉时，为哥伦比娅积攒最多引力值的月曜反应类型为： ·月感电反应：队伍中自己的当前场上角色攻击力提升，提升值相当于哥伦比娅生命值上限的1%； ·月绽放反应：队伍中自己的当前场上角色元素精通提升，提升值相当于哥伦比娅生命值上限的0.35%； ·月结晶反应：队伍中自己的当前场上角色防御力提升，提升值相当于哥伦比娅生命值上限的1%。 队伍中附近的所有角色造成的月曜反应伤害**擢升**7%。,6.3,datamine
10000125,columbina,3,柔光凝露，梦湖起波,Dreamlike Glow Across Tranquil Waters,team,elemental_skill,元素战技**万古潮汐**的技能等级提高3级。 至多提升至15级。 队伍中附近的所有角色造成的月曜反应伤害**擢升**1.5%。,6.3,datamine
10000125,columbina,4,花岚云翳，山岩树影,Cloudveiled Ridges in Floral Mists,team,,触发**引力干涉**时，还会为哥伦比娅恢复4点元素能量； 此外，依据为哥伦比娅积攒最多引力值的月曜反应类型，若为月感电/月绽放/月结晶反应，则本次引力干涉造成的月曜反应伤害提升，提升值分别相当于哥伦比娅生命值上限的12.5%/2.5%/12.5%。上述效果每15秒至多触发一次。 队伍中附近的所有角色造成的月曜反应伤害**擢升**1.5%。,6.3,datamine
10000125,columbina,5,万籁俱寂，唯闻君唱,Silence Tending One Lone Song,team,elemental_burst,元素爆发**她的乡愁**的技能等级提高3级。 至多提升至15级。 队伍中附近的所有角色造成的月曜反应伤害**擢升**1.5%。,6.3,datamine
10000125,columbina,6,夜昏且暗，且随月光,Through Darkness Led by Moonlight,team,,处于**月之领域**中的所有角色触发月曜反应后的8秒内，依据参与反应的元素类型，使队伍中的所有角色造成的对应元素类型伤害的暴击伤害提升80%。同种元素类型的暴击伤害提升效果无法叠加。 队伍中附近的所有角色造成的月曜反应伤害**擢升**7%。,6.3,datamine
10000126,zibai,1,出勃然而入寥然,Burst Forth With Vigor、 But Enter in Silence,self,,施放元素战技**天地忽然身**后，兹白会立即积攒100点**「时隙浮光」**，且「月转时隙」模式下灵驹飞踏的最大可用次数增加至5次。 此外，每次切换至「月转时隙」模式后，初次施放灵驹飞踏时，第二段攻击造成的月结晶反应伤害提升220%。,6.3,datamine
10000126,zibai,2,化于生而死于尸,At Birth Are Souls Born、 and in Death Leave But Husks,team,,处于**「月转时隙」**模式下时，队伍中附近的所有角色造成的月结晶反应伤害提升30%。 月兆·满辉：突破天赋**月下素娥降仙**的效果获得提升：灵驹飞踏第二段攻击造成的伤害进一步提升，提升值相当于兹白防御力的550%；该效果需要解锁突破天赋月下素娥降仙。,6.3,datamine
10000126,zibai,3,解天韬而堕其帙,Free From Constraints and Worldly Ties,self,elemental_skill,元素战技**天地忽然身**的技能等级提高3级。 至多提升至15级。,6.3,datamine
10000126,zibai,4,魂魄往而身从之,The Spirit Passes、 Then Form Follows,self,,处于**「月转时隙」**模式下时，兹白的普通攻击连击段数不会重置，且灵驹飞踏命中敌人时，兹白将获得「月涣华」效果：下一次进行普通攻击时，第四段额外攻击将造成相当于原本250%的月结晶反应伤害。,6.3,datamine
10000126,zibai,5,明见无值至不论,Perceive the Worthless and Debate It Not,self,elemental_burst,元素爆发**三垣威仪法**的技能等级提高3级。 至多提升至15级。,6.3,datamine
10000126,zibai,6,天地忽如一远行,The World、 A Journey in Passing,self,,处于**「月转时隙」**模式下时，兹白积攒「时隙浮光」的效率提升50%。 此外，灵驹飞踏将转为消耗所有的「时隙浮光」，基于消耗的「时隙浮光」超过70点的部分，每额外消耗1点「时隙浮光」，都会使本次灵驹飞踏与接下来3秒内兹白造成的月结晶反应伤害**擢升**1.6%。该效果无法叠加。,6.3,datamine
10000127,illuga,1,告警之雉,Vigilant Sentinel,self,,叶洛亚在场上触发岩元素相关反应后，将为叶洛亚恢复12点元素能量，该效果每15秒至多触发一次。,6.3,datamine
10000127,illuga,2,噬枝之麋,Elk With Fanged Antlers,self,,元素爆发**鉴照无影**中的「魇夜的莺歌」效果持续期间，每消耗7层**「夜莺之歌」**，叶洛亚都将唤出阿咚，对周围一名敌人造成一次岩元素伤害，伤害值基于叶洛亚元素精通的400%与防御力的200%，该伤害视为元素爆发伤害。,6.3,datamine
10000127,illuga,3,山吼之罴,Earthshaking Maw,self,elemental_burst,元素爆发**鉴照无影**的技能等级提高3级。 至多提升至15级。,6.3,datamine
10000127,illuga,4,逐日之狼,Solarhunting Wolf,self,,元素爆发**鉴照无影**中的「魇夜的莺歌」效果持续期间，队伍中附近的当前场上角色防御力提升200点。,6.3,datamine
10000127,illuga,5,啸风之马,Hurricane Steed,self,elemental_skill,元素战技**衔莺破晓**的技能等级提高3级。 至多提升至15级。,6.3,datamine
10000127,illuga,6,魇夜之莺,Nightmare Orioles,self,,突破天赋**铸灯者的盟约**中「执灯之誓」的效果获得强化：对敌人造成的岩元素伤害，暴击率提升10%，暴击伤害提升30%。 月兆·满辉 处于「执灯之誓」效果影响下的角色，元素精通提升80点。 需要解锁突破天赋铸灯者的盟约。,6.3,datamine
10000128,varka,1,「来吧，朋友，让我们在月下共舞」,"Come、 Friend、 Let Us Dance Beneath the Moon's Soft Glow",self,,法尔伽切换至**狂飙突进**模式时，将额外获得一次特殊元素战技**四风将起**的可用次数。 此外，切换至狂飙突进模式后，法尔伽将获得「歌中的佳酿」效果：施放特殊元素战技四风将起时，或进行特殊重击苍噬时，将消耗该效果，使四风将起或苍噬造成原本200%的伤害。,6.4,datamine
10000128,varka,2,「待天光破晓，我们便要踏上征途」,"When Dawn Breaks、 Our Journey Shall Take Flight",self,,施放特殊元素战技**四风将起**时，或进行特殊重击苍噬时，法尔伽将会进行一次额外攻击，造成800%攻击力的风元素范围伤害。,6.4,datamine
10000128,varka,3,「朋友，莫要再饮令人落泪的苦酒」,"O Friend、 Quaff Not the Bitter Wine That Brings Tears of Woe",self,elemental_skill,元素战技**烈风终坠**的技能等级提高3级。 至多提升至15级。,6.4,datamine
10000128,varka,4,「因为无人能夺去我们歌唱的自由」,"For None May Take From Us Our Freedom of Song",team,,法尔伽触发扩散或星扩散反应时，依据参与反应的元素类型，使队伍中附近的所有角色分别获得20%风元素伤害加成与对应元素伤害加成，持续10秒。,6.4,datamine
10000128,varka,5,「斟满杯中佳酿吧，暴君来了又去」,"Fill High the Cup With Fine Wine、 for Tyrants Come and Go",self,elemental_burst,元素爆发**我即朔风**的技能等级提高3级。 至多提升至15级。,6.4,datamine
10000128,varka,6,「我心爱的蒙德呀，依然屹立如初」,"Beloved Mondstadt、 Steadfast You Shall Shine",self,,**狂飙突进**模式获得强化： ·施放特殊元素战技**四风将起**后的短暂时间内，法尔伽可以点按元素战技或长按普通攻击，不消耗四风将起的可用次数，进行一次额外的特殊重击苍噬； ·进行特殊重击苍噬后的短暂时间内，法尔伽可以点按元素战技，不消耗四风将起的可用次数，施放一次额外的四风将起。 通过上述方式进行额外的特殊重击苍噬或施放额外的特殊元素战技四风将起时，无法触发上述效果。 此外，突破天赋**「风帜的先引」**中「苍牙之誓」的效果获得强化：每层「苍牙之誓」还会使法尔伽的暴击伤害提升20%。,6.4,datamine
10000129,lohen,1,往昔微风，载满悲歌,O Breezes、 That So Oft Bear Sorrowful Lament,team,,洛恩的**争胜**上限提升至原来的300%。 此外，处于**奇谋**状态下时，队伍中附近的其他角色通过造成伤害为洛恩积攒的争胜提升至原来的500%。,6.6,datamine
10000129,lohen,2,凡飞翔者，皆为靶标,In Flight、 I Strike Whatever Flies,team,,处于**奇谋**状态下时，特殊元素战技**镂骨彻心**命中敌人或施放元素爆发裁罚遂成后的4秒内，洛恩将获得「破邪之刃」效果：在奇谋状态下，洛恩的下一次普通攻击或重击命中敌人时，将会额外追加进行一次攻击，造成相当于洛恩攻击力500%的冰元素范围伤害，并使队伍中附近的其他角色的元素精通提升200点，持续8秒，每4秒至多获得一次「破邪之刃」效果。,6.6,datamine
10000129,lohen,3,唯有锋刃，能愈此伤,Only the Spear That Wounds Can Heal,self,elemental_skill,元素战技**奇兵诡出**的技能等级提高3级。 至多提升至15级。,6.6,datamine
10000129,lohen,4,爱若流光，逝如欢歌,Radiant Love、 Laughing Death,self,,洛恩在**奇谋**状态下施放元素爆发裁罚遂成时，还会将洛恩的**争胜**积攒至上限，从而使本次元素爆发获得最高的伤害提升效果。 此外，洛恩切换至奇谋状态时，若元素能量： ·未充满：为洛恩恢复15点元素能量； ·已充满：接下来的15秒内，施放元素爆发裁罚遂成后，为洛恩恢复15点元素能量。,6.6,datamine
10000129,lohen,5,无可窥探，无可质疑,Never Ask、 Nor Trouble You to Know,self,elemental_burst,元素爆发**裁罚遂成**的技能等级提高3级。 至多提升至15级。,6.6,datamine
10000129,lohen,6,身沦魂销，唯余欢悦,To Drown、 to Sink、 Unconscious — Supreme Joy,self,,施放特殊元素战技**镂骨彻心**命中敌人或在**奇谋**状态下施放元素爆发裁罚遂成不会消耗**争胜**，并会使洛恩的**欢悦**恢复至上限，且在下一次施放特殊元素战技镂骨彻心命中敌人时，使本次奇谋状态的持续时间延长1.25秒，该效果每7秒至多触发一次。 此外，上述所有伤害的暴击伤害都将提升175%，且本次奇谋期间，洛恩施放镂骨彻心的最大次数增加2次。,6.6,datamine
10000130,linnea,1,未完成的分类,Provisional Classification,team,,施放元素战技**对策·露米呀吼吼！**时，或触发月笼谐奏时，莉奈娅将获得6层「历览编录」效果，该效果持续10秒，至多叠加18层。队伍中附近的角色造成月结晶反应伤害时，将消耗一层「历览编录」，提升造成的伤害，提升值相当于莉奈娅防御力的75%。 此外，露米在**究极厉害形态**下使用百万吨重锤时，莉奈娅可以消耗至多5层「历览编录」，每层都会使造成的伤害提升，提升值相当于莉奈娅防御力的150%。,6.5,datamine
10000130,linnea,2,喜或悲的谕告,Tidings of Joy and Sorrow,team,,触发月笼谐奏后的8秒内，队伍中所有元素类型为水元素与岩元素的角色的暴击伤害提升40%，且露米在**究极厉害形态**下使用百万吨重锤的暴击伤害额外提升150%。 月兆·满辉：露米在**超厉害形态**下使用加力重锤时，或在究极厉害形态下使用百万吨重锤时，会触发一次月笼谐奏，且本次月笼谐奏视为队伍中所有元素类型为水元素与岩元素的角色均在反应中施加了元素。,6.5,datamine
10000130,linnea,3,热闹的记录页,Eventful Log Page,self,elemental_skill,元素战技**对策·露米呀吼吼！**的技能等级提高3级。 至多提升至15级。,6.5,datamine
10000130,linnea,4,专家的直感觉,Expert Instinct,self,,触发月笼谐奏后的5秒内，莉奈娅与队伍中自己的当前场上角色的防御力分别提升25%。莉奈娅在场上时，上述防御力提升效果可叠加。,6.5,datamine
10000130,linnea,5,仙乡的赠别礼,Fairyland's Farewell Gift,self,elemental_burst,元素爆发**备忘·绝境生存指南**的技能等级提高3级。 至多提升至15级。,6.5,datamine
10000130,linnea,6,黄金猎犬之梦,Golden Beagle's Dream,team,,命之座「未完成的分类」的效果获得强化：施放元素战技**对策·露米呀吼吼！**时，或触发月笼谐奏时，莉奈娅将直接获得最大层数的「历览编录」效果；消耗「历览编录」时，将消耗原本2倍的层数，并使伤害提升效果提高至原本的150%。 月兆·满辉：队伍中附近的角色造成的月结晶反应伤害**擢升**25%。,6.5,datamine
10000131,nicole,1,「不要惧怕，蒙眷爱的人之子呀」,"Do Not Be Afraid、 Child Who Is Loved",self,,队伍中自己的当前场上角色攻击命中敌人时，将会额外召唤出特殊的「奥迹造影·合一」，对敌人进行协同攻击，依据该角色的元素类型，造成对应元素范围伤害，该伤害相当于该角色攻击力的600%，并视为由该角色造成的伤害。 该效果每6秒至多触发一次。,6.6,datamine
10000131,nicole,2,「我要教导你，指引你应走的路」,"I Will Guide You and Show You the Path You Should Tread",enemy,,元素战技**圣言默示·未现之光**的效果获得强化：**虚己之赐**还会额外提升300点攻击力（不计入该效果的攻击力加成上限），**圣祝之引**还会依据角色的元素类型，使附近敌人的对应元素抗性降低25%，同元素类型的元素抗性降低效果不能叠加。 此外，尼可施放元素战技圣言默示·未现之光时，也会为附近的当前场上角色赋予炽光护盾。,6.6,datamine
10000131,nicole,3,「为你身边的灯，为你前方的光」,"A Lamp by Your Side、 A Light to Shine the Way",self,elemental_skill,元素战技**圣言默示·未现之光**的技能等级提高3级。 至多提升至15级。,6.6,datamine
10000131,nicole,4,「向左或向右，无论你行往何方」,"Whether Left or Right、 No Matter Which Way You Turn",team,,队伍中附近的角色拥有的**虚己之赐**升变为**圣祝之引**时，尼可还会为其赋予「先导之佑」效果，持续20秒，每名角色每16秒至多获得一次该效果。 拥有「先导之佑」的角色的普通攻击、重击、下落攻击、元素战技与元素爆发造成的伤害提升，提升值相当于尼可攻击力的70%。该效果将在生效8次或持续时间结束时解除。 同时命中多名敌人时，会依据命中敌人的数量消耗生效次数；队伍中具有「先导之佑」的角色，其生效次数单独计算。,6.6,datamine
10000131,nicole,5,「我就要有话对你说，在你身旁」,"You Will Hear My Voice Beside You",self,elemental_burst,元素爆发**圣言默示·天路历程**的技能等级提高3级。 至多提升至15级。,6.6,datamine
10000131,nicole,6,「这便是正确的道路，莫要彷徨」,"This Is the Path、 Walk It Without Delay",team,,尼可拥有的**虚己之赐**升变为**圣祝之引**时，队伍中附近的所有角色拥有的虚己之赐将会一同升变为圣祝之引。所有升变后的圣祝之引不再会还原为虚己之赐。 此外，拥有圣祝之引的角色造成的伤害将无视敌人40%的防御力。,6.6,datamine
10000132,prune,1,立下寻救的誓言，旅途由此开端,With a Vow to Rescue、 the Journey Begins,self,,经过元素转化后的**「狩灾誓锤」**的攻击命中敌人后，将为布伦妮恢复2点元素能量，该效果每1.8秒至多触发一次。,6.6,datamine
10000132,prune,2,整理杂乱的包袱，元素妙力果然,Useful for Cleaning Messy Baggage、 Elemental Powers Are Indeed,self,,元素爆发**铃鸣·狩魔之刻**中，当「诱巫饵铃」处于「寻猎」模式时，布伦妮还会获得「寻猎魔女」效果：布伦妮的攻击力提升10%；「诱巫饵铃」和经过元素转化的**「狩灾誓锤」**命中敌人时，还会进一步使攻击力提升5%。通过上述方式，至多使攻击力提升至40%。 效果存在期间重新施放铃鸣·狩魔之刻，将移除原有的上述效果。,6.6,datamine
10000132,prune,3,同旅商队过山关，眼眸景色又转,The Caravan Exits the Mountain Pass、 the Scenery Once More Changed,self,elemental_burst,元素爆发**铃鸣·狩魔之刻**的技能等级提高3级。 至多提升至15级。,6.6,datamine
10000132,prune,4,循风同行回头看，影子还缺一半,Looking Back Following the Wind、 One's Shadow Still Halved,self,,经过元素转化的**「狩灾誓锤」**在命中敌人后，会再次弹起并于附近敌人处落下，对命中的敌人造成80%攻击力的对应元素类型的元素伤害。,6.6,datamine
10000132,prune,5,输了一百次不算，明日接着再战,100 Defeats? No Problem、 Tomorrow、 We Go Again,self,elemental_skill,元素战技**叮铃铃·猎魔之音**的技能等级提高3级。 至多提升至15级。,6.6,datamine
10000132,prune,6,故事结尾在这儿，念给伙伴听完,And That's the Story! Share It With Your Friends!,self,,元素爆发**铃鸣·狩魔之刻**中「诱巫饵铃」的「寻猎」模式的持续时间延长4秒。 此外，队伍中处于「振铃鼓舞」效果影响下的角色在对敌人触发任意元素反应后，都会使布伦妮及附近当前场上拥有「振铃鼓舞」效果的其他角色攻击力提升350点，持续5秒。,6.6,datamine
10000133,sandrone,1,鎏金未凋，夕暮已远,Morrow After the Golden Dusk,team,,处于**解算**模式下时，法洁欧的**解算功率**提升速度降低50%，且队伍中的所有角色造成的星烁反应伤害提升30%。,6.7,datamine
10000133,sandrone,2,回望镜中，时岁翩然,An Heiress Gazed Into the Looking-Glass,self,,辉映·星烁：重击发射的冷凝射线的暴击伤害提升40%，且每次发射冷凝射线时，都会使本次**解算**模式期间，发射的所有冷凝射线的暴击伤害进一步提升20%，该效果至多叠加3层。,6.7,datamine
10000133,sandrone,3,不叹日落，不羡月升,Refuse the Wake of Dusk、 the Moonlit Yoke,self,normal_attack,普通攻击**事象数式·自明演绎**的技能等级提高3级。 至多提升至15级。,6.7,datamine
10000133,sandrone,4,世事皆数，昼来夜往,In Knowledge Lies the World's True Ground,self,,桑多涅的星超导/星扩散反应伤害命中敌人时，还会额外召唤一台棱晶谐振炮进行协同攻击，对敌人造成一次相当于桑多涅攻击力125%/187.5%的冰元素伤害，该伤害视为对应星烁反应造成的伤害。该效果每4秒至多触发一次。,6.7,datamine
10000133,sandrone,5,万象皆灰，唯理明畅,Of All Beside、 She Takes No Part,self,elemental_burst,元素爆发**事象数式·万理证毕**的技能等级提高3级。 至多提升至15级。,6.7,datamine
10000133,sandrone,6,水仙梦醒，且望晨光,Narcissus Wakes、 Her Eyes Upon the Dawn,self,,**解算**模式下，法洁欧第三次发射冷凝射线时，将转为持续发射威力更强的集束型冷凝射线，在原本后续发射的冷凝射线基础上，至多额外造成4段相当于桑多涅攻击力100%的冰元素范围伤害。 辉映·星烁：集束型冷凝射线转为至多额外造成4段视为对应星烁反应伤害的冰元素范围伤害，该伤害相当于桑多涅攻击力的： 辉映·星超导：80%； 辉映·星扩散：120%。 此外，桑多涅造成的所有星烁反应伤害**擢升**20%。,6.7,datamine
10000140,vodyanitsa,1,聚光灯下的水华,Waters in Full Splendor,team,,沃雅妮莎触发**遥久之歌**的治疗效果时，还会使队伍中附近的所有角色攻击力提升，提升值相当于沃雅妮莎生命值上限的0.8%，持续5秒。,7.1,datamine
10000140,vodyanitsa,2,穿彻风雪的余响,Echoes That Pierce the Snow,self,,元素战技宣叙·晨声纷流中的唤春角笛攻击敌人时，沃雅妮莎将获得「黑与白的双音」效果，使队伍中自己的当前场上角色造成的水元素伤害与冰元素伤害的暴击伤害提升50%，持续5秒。 若当前场上存在流荡风旋，或处于流荡风旋引爆后的5秒内，则改为使队伍中自己的当前场上角色造成的星扩散反应伤害的暴击伤害提升60%，持续5秒。 此外，元素战技宣叙·晨声纷流获得强化：**遥久之歌**效果的持续时间延长9秒。,7.1,datamine
10000140,vodyanitsa,3,空音犹响的春晨,Song Lingering on a Spring Morning,self,elemental_skill,元素战技**宣叙·晨声纷流**的技能等级提高3级。 至多提升至15级。,7.1,datamine
10000140,vodyanitsa,4,柔波摇漾的低诉,Melancholic Voice Upon the Gentle Waters,self,,沃雅妮莎触发**遥久之歌**的治疗效果时，将基于受治疗角色的生命值，触发不同效果。若受治疗角色的生命值： ·低于40%：本次治疗量提升50%； ·不低于40%：沃雅妮莎的生命值上限提升20%，持续6秒，该效果至多叠加3层，每层独立计算持续时间。,7.1,datamine
10000140,vodyanitsa,5,沉往深湖的共沦,Together、 Down Into the Deep,self,elemental_burst,元素爆发**终奏·伴尔沉沦**的技能等级提高3级。 至多提升至15级。,7.1,datamine
10000140,vodyanitsa,6,永不落幕的盛歌,Neverending Song of Revelry,team,,命之座「穿彻风雪的余响」的效果获得强化：「黑与白的双音」改为对队伍中附近的所有角色生效。 此外，**遥久之歌**效果持续期间，队伍中附近的角色造成的星扩散反应伤害**擢升**25%，造成的水元素伤害与冰元素伤害提升60%。,7.1,datamine
10000143,vesna,1,送冬的华宴,Winter's Farewell Feast,self,,**巡风列装**模式下，薇斯纳至多可以施放四次最高境界的**翔风剑**，而非三次，且每次进入巡风列装模式后，首次施放最高境界的翔风剑不消耗**「剑气」**。 此外，薇斯纳在巡风列装模式下造成的星扩散反应伤害提升20%。,7.1,datamine
10000143,vesna,2,迎春的轮舞,Kolo of Spring's Arrival,self,,突破天赋**「仪典·春之行列」**获得强化：薇斯纳进入**巡风列装**模式时，会获得最大层数的整肃；拥有最大层数的整肃时，薇斯纳的攻击力提升40%。 上述效果需要解锁突破天赋「仪典·春之行列」。,7.1,datamine
10000143,vesna,3,燔燎的献礼,Winter's Last Offering,self,elemental_skill,元素战技**操典·制胜有道**的技能等级提高3级。 至多提升至15级。,7.1,datamine
10000143,vesna,4,先代的荣膺,Glory to Our Forebears,self,,突破天赋**「理典·冬之凯风」**获得强化：攻击力提升与元素精通提升的效果改为原本的三倍。,7.1,datamine
10000143,vesna,5,贵种的职守,The Nobleborn's Charge,self,elemental_burst,元素爆发**致礼·献予女皇陛下**的技能等级提高3级。 至多提升至15级。,7.1,datamine
10000143,vesna,6,不移的赤忱,Unwavering Ardor,self,,施放最高境界**翔风剑**后的5秒内，薇斯纳可以点按普通攻击或元素战技，施放风仙一族秘传的翔风剑·变移：造成薇斯纳150%攻击力的风元素伤害，并召唤出**灵剑**，额外造成薇斯纳200%攻击力的风元素伤害。若薇斯纳处于**巡风列装**模式，还会额外唤出风翎协同攻击敌人。 此外，薇斯纳造成的星扩散反应伤害**擢升**20%。,7.1,datamine
10000148,alyosha,1,寒谷轰雷,Frostvale Thunderclap,team,,队伍中附近的角色对敌人触发雷元素相关反应后，将为阿罗夏恢复15点元素能量，该效果每18秒至多触发一次。,7.0,datamine
10000148,alyosha,2,长嗥远讯,Howl From Afar,self,,元素爆发守猎进踞的持续时间延长6秒。 此外，**图加林**每次攻击敌人前，还会为一名目标施加**弋猎印记**；该效果不会激活已有的弋猎印记。,7.0,datamine
10000148,alyosha,3,僚朋相唤,Friendly Call,self,elemental_skill,元素战技伏袭霆击的技能等级提高3级。 至多提升至15级。,7.0,datamine
10000148,alyosha,4,衔取猎品,Harvest the Spoils,self,,**图加林**进行攻击时，还会为队伍中附近的生命值百分比最低的角色恢复生命值，回复量相当于阿罗夏攻击力的60%。,7.0,datamine
10000148,alyosha,5,莺啼止时,When the Nightbird Falls Silent,self,elemental_burst,元素爆发守猎进踞的技能等级提高3级。 至多提升至15级。,7.0,datamine
10000148,alyosha,6,复夺旌幡,Standard Reclaimed,self,,激活**弋猎印记**时获得的猎者之准效果可以叠加。该效果至多叠加2层，叠加至2层时，还会使处于该效果影响下的当前场上角色的元素精通提升100点。,7.0,datamine
10000150,odette,1,「不曾起舞的清晨，她望向倒影」,"On This Danceless Morn、 She Gazes at Her Reflection",self,,施放特殊元素战技**柔板·破晓终奏**后，在共舞结束时，奥黛塔将对附近的敌人造成一次额外的冰元素范围伤害，该伤害视为： ·辉映·星超导或不处于辉映状态：相当于奥黛塔攻击力300%的星超导反应伤害； ·辉映·星扩散：相当于奥黛塔攻击力450%的星扩散反应伤害。 此外，突破天赋「获选者的春祭」获得强化：召唤**独舞倒影**时，奥黛塔将额外获得2层**华彩**，且奥黛塔处于队伍后台时，清除华彩的速度提升至每秒2层。,7.0,datamine
10000150,odette,2,「她想，我要见证雪鹄未见之梦」,"I Must See the Snow Swan's Unseen Dream for Myself、 She Thought",enemy,,突破天赋「获选者的春祭」获得强化：每层**华彩**还会使角色的攻击力提升7%。 此外，**独舞倒影**在场时，若奥黛塔处于**辉映·星烁**状态，独舞倒影附近敌人的对应元素抗性还会降低20%： ·辉映·星超导：冰元素、雷元素； ·辉映·星扩散：冰元素、风元素。,7.0,datamine
10000150,odette,3,「我要追逐呼啸的风，向上独行」,"I'll Chase the Shouting Wind Along、 Climbing Alone As I Go",self,elemental_skill,元素战技**柔板·幻灵夜舞**的技能等级提高3级。 至多提升至15级。,7.0,datamine
10000150,odette,4,「向上，坠往恍惚、燃烧的蓝空」,"Up、 Up the Long、 Delirious、 Burning Blue",team,,元素爆发疾板·苍羽一梦获得强化：奥黛塔获得雪鹄之梦时，还会使队伍中附近的其他角色造成的星烁反应伤害提升，提升值相当于雪鹄之梦效果的50%。 此外，队伍中的角色对敌人造成星烁反应伤害时，奥黛塔还会对敌人进行一次协同攻击，造成一次冰元素范围伤害，每3.5秒至多触发一次，该伤害视为： ·辉映·星超导或不处于辉映状态：相当于奥黛塔攻击力66%的星超导反应伤害； ·辉映·星扩散：相当于奥黛塔攻击力99%的星扩散反应伤害。,7.0,datamine
10000150,odette,5,「看呀，我已告别尘与土的苦痛」,"Oh! I Have Slipped the Surly Bonds of Earth",self,elemental_burst,元素爆发**疾板·苍羽一梦**的技能等级提高3级。 至多提升至15级。,7.0,datamine
10000150,odette,6,「伸出手，触及苍穹永恒的面容」,"Put Out My Hand、 and Touched the Face of the Divine",team,,突破天赋「获选者的春祭」获得强化：奥黛塔赋予队伍中附近的所有角色**华彩**时，自己的华彩不再会减少。 此外，处于华彩影响下的角色，对敌人造成的星烁反应伤害**擢升**25%，且奥黛塔对敌人造成的星烁反应伤害额外擢升20%。,7.0,datamine
