char_id,slug,talent_type,name_zh,name_en,scaling_stat,description_zh,version,source
10000002,kamisato_ayaka,alternate_sprint,神里流·霰步,Kamisato Art: Senho,,替代冲刺 隐入碎冰，以消耗体力为代价，化为激流快速移动。 在霰步状态下，神里绫华可以在水面上高速移动。 结束霰步现身时，将产生如下效果： ·释放寒冰的力量，对周围的敌人施加冰元素附着； ·将寒气凝聚在剑上，使神里绫华在短时间内获得冰元素附魔。,2.0,datamine
10000002,kamisato_ayaka,elemental_burst,神里流·霜灭,Kamisato Art: Soumetsu,atk,以倾奇之姿汇聚寒霜，放出持续行进的霜见雪关扉。 霜见雪关扉 ·以刀锋般尖锐的霜风持续切割触及的敌人，造成冰元素伤害； ·持续时间结束时绽放，造成冰元素范围伤害。,2.0,datamine
10000002,kamisato_ayaka,elemental_skill,神里流·冰华,Kamisato Art: Hyouka,atk,唤起盛开的冰之华，击飞身边的敌人并造成冰元素范围伤害。,2.0,datamine
10000002,kamisato_ayaka,normal_attack,神里流·倾,Kamisato Art: Kabuki,atk,普通攻击 进行至多五段的连续剑击。 重击 消耗一定体力，在居合中放出连续的剑风。 下落攻击 从空中下坠冲击地面，攻击下落路径上的敌人，并在落地时造成范围伤害。,2.0,datamine
10000002,kamisato_ayaka,passive_1,天罪国罪镇词,Amatsumi Kunitsumi Sanctification,,施放神里流·冰华后的6秒内，神里绫华的普通攻击与重击造成的伤害提升30%。,2.0,datamine
10000002,kamisato_ayaka,passive_2,寒天宣命祝词,Kanten Senmyou Blessing,,神里流·霰步结束时释放的寒冰命中了敌人时，神里绫华将获得如下效果： ·恢复10点体力； ·获得18%冰元素伤害加成，持续10秒。,2.0,datamine
10000002,kamisato_ayaka,passive_3,鉴查心得,Fruits of Shinsa,,合成武器突破素材时，有10%概率获得2倍产出。,2.0,datamine
10000003,jean,elemental_burst,蒲公英之风,Dandelion Breeze,atk,呼唤风的护佑，创造千风涌动的蒲公英领域，击退周围的敌人并造成风元素伤害。 同时，为队伍中的所有角色瞬间恢复大量生命值，回复量受益于琴的攻击力。 蒲公英领域 ·为其中的角色持续恢复生命值； ·令其中的角色持续受到风元素影响； ·对出入领域的敌人造成风元素伤害。,1.0,datamine
10000003,jean,elemental_skill,风压剑,Gale Blade,atk,将无形的风之力汇聚在剑上，释放微型的风暴，将敌人向瞄准的方向击飞，造成大量风元素伤害。 长按 以持续消耗体力为代价，令旋风将周围的敌人与物体牵引至面前。 可以调整方向。 期间无法移动。,1.0,datamine
10000003,jean,normal_attack,西风剑术,Favonius Bladework,atk,普通攻击 进行至多五段的连续剑击。 重击 消耗一定体力，进行饱含风之力的挑击。 被挑飞的敌人，在短时间内会缓慢坠落。 下落攻击 从空中下坠冲击地面，攻击下落路径上的敌人，并在落地时造成范围伤害。,1.0,datamine
10000003,jean,passive_1,顺风而行,Wind Companion,,琴的普通攻击命中时，有50%的几率为队伍中所有角色恢复等同于琴攻击力15%的生命值。,1.0,datamine
10000003,jean,passive_2,听凭风引,Let the Wind Lead,,使用蒲公英之风后，恢复20%元素能量。,1.0,datamine
10000003,jean,passive_3,引领之风,Guiding Breeze,,完美烹饪恢复类食物时，有12%概率获得2倍产出。,1.0,datamine
10000006,lisa,elemental_burst,蔷薇的雷光,Lightning Rose,atk,召唤蔷薇雷光，释放强大的雷电之力，击退周围的敌人并造成雷元素伤害。 存在期间内，蔷薇雷光会持续放电攻击附近的敌人，造成雷元素伤害。,1.0,datamine
10000006,lisa,elemental_skill,苍雷,Violet Arc,atk,导引雷电的力量，把麻烦的东西都清理干净。 点按 放出能自行索敌的球形闪电。 命中时，会造成雷元素伤害，并对小范围内的敌人施加至多叠加3层的引雷状态。 长按 持续咏唱后，召唤雷电从天而降，对附近的所有敌人造成大量雷元素伤害。 对处于引雷状态下的敌人，会根据叠加层数造成大量额外伤害，并清除引雷效果。,1.0,datamine
10000006,lisa,normal_attack,指尖雷暴,Lightning Touch,atk,普通攻击 进行至多四段的电击，造成雷元素伤害。 重击 消耗一定体力，短暂咏唱后，造成雷元素范围伤害。 下落攻击 凝聚雷电的力量，从空中下坠冲击地面，攻击下落路径上的敌人，并在落地时造成雷元素范围伤害。,1.0,datamine
10000006,lisa,passive_1,电感余震,Induced Aftershock,,重击命中时，会为敌人附加苍雷的引雷效果。,1.0,datamine
10000006,lisa,passive_2,静电场力,Static Electricity Field,,敌人受到蔷薇的雷光攻击后，降低15%防御力，持续10秒。,1.0,datamine
10000006,lisa,passive_3,药剂通识,General Pharmaceutics,,合成药剂时，有20%概率返还部分合成材料。,1.0,datamine
10000014,barbara,elemental_burst,闪耀奇迹♪,Shining Miracle♪,hp,为附近的友方角色及队伍中自己的角色恢复大量生命值，回复量受益于芭芭拉的生命值上限。,1.0,datamine
10000014,barbara,elemental_skill,演唱，开始♪,Let the Show Begin♪,atk;hp,唤出歌声般跃动的水珠，形成歌声之环，对周围的敌人造成水元素伤害，并施加潮湿状态。 歌声之环 ·芭芭拉的普通攻击命中时，为队伍中自己的角色，以及附近的友方角色恢复生命值，回复量受益于芭芭拉的生命值上限； ·重击命中时，能产生4倍回复量； ·每隔一段时间，为当前场上自己的角色恢复生命值； ·对角色与触及的敌人施加潮湿状态。,1.0,datamine
10000014,barbara,normal_attack,水之浅唱,Whisper of Water,atk,普通攻击 进行至多四段的水花攻击，造成水元素伤害。 重击 消耗一定体力，短暂咏唱后，造成水元素范围伤害。 下落攻击 凝聚水元素的力量，从空中下坠冲击地面，攻击下落路径上的敌人，并在落地时造成水元素范围伤害。,1.0,datamine
10000014,barbara,passive_1,光辉的季节,Glorious Season,,角色在演唱，开始♪的歌声之环中时，体力消耗降低12%。,1.0,datamine
10000014,barbara,passive_2,安可,Encore,,当前场上自己的角色获得元素晶球或元素微粒时，延长演唱，开始♪歌声之环持续时间1秒。 通过这种方式，至多延长5秒。,1.0,datamine
10000014,barbara,passive_3,心意♪注入,With My Whole Heart♪,,完美烹饪恢复类食物时，有12%概率获得2倍产出。,1.0,datamine
10000015,kaeya,elemental_burst,凛冽轮舞,Glacial Waltz,atk,凝聚空气中的寒霜，召唤3枚围绕自身旋转的寒冰之棱。 存在期间内，寒冰之棱会跟随角色运动，对路径上的敌人造成冰元素伤害。,1.0,datamine
10000015,kaeya,elemental_skill,霜袭,Frostgnaw,atk,瞬间放出急冻的寒气，对前方的敌人造成冰元素伤害。,1.0,datamine
10000015,kaeya,normal_attack,仪典剑术,Ceremonial Bladework,atk,普通攻击 进行至多五段的连续剑击。 重击 消耗一定体力，瞬间向前方挥出两剑。 下落攻击 从空中下坠冲击地面，攻击下落路径上的敌人，并在落地时造成范围伤害。,1.0,datamine
10000015,kaeya,passive_1,冷血之剑,Cold-Blooded Strike,,霜袭每击中一个单位，便为凯亚恢复等同于攻击力15%的生命值。,1.0,datamine
10000015,kaeya,passive_2,冰渊之心,Glacial Heart,,霜袭使敌人冻结时，被冻结的敌人会掉落额外的元素微粒。 一次霜袭至多因此产生2个额外元素微粒。,1.0,datamine
10000015,kaeya,passive_3,隐藏的实力,Hidden Strength,,队伍中自己的角色冲刺消耗的体力降低20%。 无法与效果完全相同的固有天赋叠加。,1.0,datamine
10000016,diluc,elemental_burst,黎明,Dawn,atk,爆发出烈焰的力量，击退周围的敌人，造成火元素伤害。随后，将烈焰凝聚在武器上，挥出向前飞行的火之鸟，对路径上的敌人造成高额火元素伤害，并在火之鸟行进的终点爆裂造成大量的火元素范围伤害。 武器上凝聚的烈焰会使迪卢克获得火元素附魔。,1.0,datamine
10000016,diluc,elemental_skill,逆焰之刃,Searing Onslaught,atk,挥舞大剑向前劈砍，造成火元素伤害。 可以连续施放3次。 若在短时间内没有施放，则会进入冷却。,1.0,datamine
10000016,diluc,normal_attack,淬炼之剑,Tempered Sword,atk,普通攻击 进行至多四段的连续挥砍。 重击 持续消耗体力，快速进行连续的斩击。 重击结束时，会进行一次格外有力的挥砍。 下落攻击 从空中下坠冲击地面，攻击下落路径上的敌人，并在落地时造成范围伤害。,1.0,datamine
10000016,diluc,passive_1,永不休止,Relentless,,迪卢克的重击体力消耗降低50%，最大持续时间增加3秒。,1.0,datamine
10000016,diluc,passive_2,熔毁之翼,Blessing of Phoenix,,黎明提供的火元素附魔持续时间延长4秒；此外，在效果持续期间，迪卢克获得20%火元素伤害加成。,1.0,datamine
10000016,diluc,passive_3,晨曦的传统,Tradition of the Dawn Knight,,锻造双手剑类武器时，返还15%消耗的矿石。,1.0,datamine
10000020,razor,elemental_burst,雷牙,Lightning Fang,atk,唤醒无形的雷狼守护自己，对周围的敌人造成雷元素伤害，并消耗所有雷之印，为雷泽恢复元素能量。 雷狼存在期间，会与雷泽共同战斗。 雷狼 ·会随雷泽的普通攻击协同攻击，造成雷元素伤害； ·提高雷泽的攻击速度、雷元素抗性； ·使雷泽免疫感电反应的伤害； ·无法施放重击； ·提高雷泽的抗打断能力。 效果将在雷泽退场时解除。 退场时，会依据剩余的持续时间，返还至多10点元素能量。,1.0,datamine
10000020,razor,elemental_skill,利爪与苍雷,Claw and Thunder,atk,用师父与他的「家人」教他的方法，来解决猎物。 点按 向前挥动雷狼之爪，对前方的敌人造成雷元素伤害。 若命中敌人，则会为雷泽积攒一个雷之印，提高雷泽的元素充能效率。 最多同时存在3个雷之印，叠加刷新持续时间。 长按 积聚雷电力量引发小范围的雷爆，造成大量雷元素伤害，并清除已有的雷之印。 每个因此被清除的雷之印，都会转为雷泽的元素能量。,1.0,datamine
10000020,razor,normal_attack,钢脊,Steel Fang,atk,普通攻击 进行至多四段的连续挥砍。 重击 持续消耗体力，旋转大剑攻击周围的敌人。 停止旋转时，会进行一次格外有力的挥砍。 下落攻击 从空中下坠冲击地面，攻击下落路径上的敌人，并在落地时造成范围伤害。,1.0,datamine
10000020,razor,passive_1,觉醒,Awakening,,利爪与苍雷的冷却时间减少18%。 施放雷牙时，重置利爪与苍雷的冷却时间。,1.0,datamine
10000020,razor,passive_2,饥饿,Hunger,,雷泽的元素能量在50%以下时，元素充能效率提高30%。,1.0,datamine
10000020,razor,passive_3,奔狼,Wolvensprint,,队伍中自己的角色冲刺消耗的体力降低20%。 无法与效果完全相同的固有天赋叠加。,1.0,datamine
10000021,amber,elemental_burst,箭雨,Fiery Rain,atk,射出火焰箭雨，持续造成火元素范围伤害。,1.0,datamine
10000021,amber,elemental_skill,爆弹玩偶,Explosive Puppet,atk,请可靠的兔兔伯爵上阵。 兔兔伯爵 ·持续嘲讽周围的敌人，吸引火力； ·耐久度按比例继承安柏的生命值上限； ·被摧毁或持续时间结束时，会发生剧烈的爆炸，造成火元素范围伤害。 长按 调整投掷方向。 投掷距离随长按时间增加。,1.0,datamine
10000021,amber,normal_attack,神射手,Sharpshooter,atk,普通攻击 进行至多五段的连续弓箭射击。 重击 进行伤害更高、更为精准的瞄准射击。 瞄准时，烈焰会在箭矢上持续积聚。聚满了烈焰的箭矢会造成火元素伤害。 下落攻击 从空中射出箭雨，并迅速下坠冲击地面，在落地时造成范围伤害。,1.0,datamine
10000021,amber,passive_1,百发百中！,Every Arrow Finds Its Target,,箭雨的暴击率提高10%，影响范围扩大30%。,1.0,datamine
10000021,amber,passive_2,压制射击,Precise Shot,,瞄准射击命中弱点时，攻击力提高15%，持续10秒。,1.0,datamine
10000021,amber,passive_3,飞行冠军,Gliding Champion,,队伍中自己的角色滑翔消耗的体力降低20%。 无法与效果完全相同的固有天赋叠加。,1.0,datamine
10000022,venti,elemental_burst,风神之诗,Wind's Grand Ode,atk,射出千风汇聚而成的箭矢，在前方造出巨大的暴风之眼，将敌人卷入，持续造成风元素伤害。 元素转化 若暴风之眼在技能持续期间接触了水元素/火元素/冰元素/雷元素，则会获得对应元素属性，额外造成该元素的附加伤害。 元素转化在技能持续期间仅会发生一次。,1.0,datamine
10000022,venti,elemental_skill,高天之歌,Skyward Sonnet,atk,呼唤与诗和乐协鸣的风，将在尘泥中行走的事物送上高空吧。 点按 在敌人所在的位置唤出风域，造成风元素范围伤害，并击飞其中的敌人。 长按 以自身为中心，唤出更大的风域，造成风元素范围伤害，并击飞其中的敌人。 长按施放后，温迪会乘风飞到空中。 被高天之歌击飞的敌人，在短时间内会缓慢坠落。,1.0,datamine
10000022,venti,normal_attack,神代射术,Divine Marksmanship,atk,普通攻击 进行至多六段的连续弓箭射击。 重击 进行伤害更高、更为精准的瞄准射击。 瞄准时，眷顾天地的风会在箭矢上持续积聚。聚满了风之力的箭矢会造成风元素伤害。 下落攻击 从空中射出箭雨，并迅速下坠冲击地面，在落地时造成范围伤害。,1.0,datamine
10000022,venti,passive_1,绪风之拥,Embrace of Winds,,长按高天之歌后，会产生上升气流，持续20秒。,1.0,datamine
10000022,venti,passive_2,暴风之眼,Stormeye,,风神之诗效果结束后，会为温迪恢复15点元素能量； 若产生了元素转化，则同样为队伍中所有对应元素的角色恢复15点元素能量。,1.0,datamine
10000022,venti,passive_3,恒风随行,Windrider,,队伍中自己的角色滑翔消耗的体力降低20%。 无法与效果完全相同的固有天赋叠加。,1.0,datamine
10000023,xiangling,elemental_burst,旋火轮,Pyronado,atk,以控制火候与枪术的精湛技巧，甩出围绕自己快速旋转的旋火轮。 存在期间内，旋火轮会跟随角色运动，对路径上的敌人造成火元素伤害。,1.0,datamine
10000023,xiangling,elemental_skill,锅巴出击,Guoba Attack,atk,唤出喷火的锅巴，存在期间内，不断对敌人喷火，造成火元素范围伤害。,1.0,datamine
10000023,xiangling,normal_attack,白案功夫,Dough-Fu,atk,普通攻击 进行至多五段的连续枪击。 重击 消耗一定体力，向前方突进，对路径上的敌人造成伤害。 下落攻击 从空中下坠冲击地面，攻击下落路径上的敌人，并在落地时造成范围伤害。,1.0,datamine
10000023,xiangling,passive_1,交叉火力,Crossfire,,锅巴的喷火距离提高20%。,1.0,datamine
10000023,xiangling,passive_2,绝云朝天椒,Beware、 It's Super Hot!,,锅巴出击效果结束时，锅巴会在消失的位置留下辣椒。拾取辣椒会提高10%攻击力，持续10秒。,1.0,datamine
10000023,xiangling,passive_3,万民堂大厨,Chef de Cuisine,,完美烹饪攻击类食物时，有12%概率获得2倍产出。,1.0,datamine
10000024,beidou,elemental_burst,斫雷,Stormbreaker,atk,重忆斩灭海山巨兽之战，唤起巨兽与雷电的力量，创造环绕自身的雷兽之盾，并对周围的敌人造成雷元素伤害。 雷兽之盾 ·普通攻击与重击命中时，释放雷电之力，引来1道能在敌人之间跃动的闪雷，造成雷元素伤害； ·提高角色的抗打断能力，并降低受到的伤害。 每秒至多触发1道闪雷。,1.0,datamine
10000024,beidou,elemental_skill,捉浪,Tidecaller,atk;hp,没有什么好担心的。如果有人敢对她或她的人出手，那就以雷电与大剑十倍奉还。 点按 积聚雷之力，猛烈向前挥舞大剑，造成雷元素伤害。 长按 举起武器形成护盾，伤害吸收量受益于北斗的生命值上限。 松开技能或持续时间结束时，会挥舞大剑释放积攒的力量进行攻击，造成雷元素伤害。依据技能期间受到攻击的次数，提高释放时造成的伤害。触发2次达到最高伤害加成。 护盾具有如下效果： ·对雷元素伤害有250%的吸收效果； ·施放的瞬间，为北斗施加雷元素附着。,1.0,datamine
10000024,beidou,normal_attack,征涛,Oceanborne,atk,普通攻击 进行至多五段的连续挥砍。 重击 持续消耗体力，快速进行连续的斩击。 重击结束时，会进行一次格外有力的挥砍。 下落攻击 从空中下坠冲击地面，攻击下落路径上的敌人，并在落地时造成范围伤害。,1.0,datamine
10000024,beidou,passive_1,遍宇灵光,Retribution,,在被攻击瞬间施放的捉浪反击，拥有最高伤害加成。,1.0,datamine
10000024,beidou,passive_2,霹雳连霄,Lightning Storm,,施放拥有最高伤害加成的捉浪后的10秒内，获得如下效果： ·普通攻击与重击造成的伤害提高15%，攻击速度提高15%； ·大幅减少重击需要的准备时间。,1.0,datamine
10000024,beidou,passive_3,拥涛踏潮,Conqueror of Tides,,队伍中自己的角色游泳消耗的体力降低20%。 无法与效果完全相同的固有天赋叠加。,1.0,datamine
10000025,xingqiu,elemental_burst,古华剑·裁雨留虹,Guhua Sword: Raincutter,atk,展开虹剑势，驾御幻影剑雨战斗，并生成最大数量的雨帘剑。 虹剑势 ·当前场上自己的角色进行普通攻击时，会产生剑雨连携攻击，造成水元素伤害； ·雨帘剑的数量将始终维持在最大数量。,1.0,datamine
10000025,xingqiu,elemental_skill,古华剑·画雨笼山,Guhua Sword: Fatal Rainscreen,atk,使出连续两段的剑技，对前方的敌人造成水元素伤害。同时，生成最大数量的雨帘剑围绕在当前场上自己的角色身边。 具有如下特性： ·角色受到伤害时会破碎，降低受到的伤害； ·提高角色的抗打断能力。 行秋水元素伤害加成的20%将转换为雨帘剑的额外伤害减免。 最多通过这种方式获得24%额外伤害减免。 初始雨帘剑的最大数量为3柄。 施放的瞬间，为角色施加潮湿状态。,1.0,datamine
10000025,xingqiu,normal_attack,古华剑法,Guhua Style,atk,普通攻击 进行至多五段的连续剑击。 重击 消耗一定体力，瞬间向前方挥出两剑。 下落攻击 从空中下坠冲击地面，攻击下落路径上的敌人，并在落地时造成范围伤害。,1.0,datamine
10000025,xingqiu,passive_1,生水要诀,Hydropathic,,雨帘剑受击破碎时或持续时间结束时，基于行秋最大生命值的6%，恢复当前角色的生命值。,1.0,datamine
10000025,xingqiu,passive_2,虚实工笔,Blades Amidst Raindrops,,行秋获得20%水元素伤害加成。,1.0,datamine
10000025,xingqiu,passive_3,灵光乍现,Flash of Genius,,合成角色天赋素材时，有25%概率返还部分合成材料。,1.0,datamine
10000026,xiao,elemental_burst,靖妖傩舞,Bane of All Evil,atk,展现数千年前令神魔精妖睹之胆颤的夜叉傩面。 夜叉傩面 ·大幅提升魈的跳跃能力； ·提高攻击范围与攻击伤害； ·将攻击伤害转为风元素伤害，该元素转化无法被附魔覆盖。 在这个状态下，魈会持续损失生命值。 效果将在魈退场时解除。,1.3,datamine
10000026,xiao,elemental_skill,风轮两立,Lemniscatic Wind Cycling,atk,疾速突进，对路径上的敌人造成风元素伤害。 可以在空中施放。 初始拥有2次可使用次数。,1.3,datamine
10000026,xiao,normal_attack,卷积微尘,Whirlwind Thrust,atk,普通攻击 进行至多六段的连续枪击。 重击 消耗一定体力，进行上挑攻击。 下落攻击 从空中下坠冲击地面，攻击下落路径上的敌人，并在落地时造成范围伤害。 魈进行下落攻击时，不会承受坠落伤害。,1.3,datamine
10000026,xiao,passive_1,降魔·平妖大圣,Conqueror of Evil: Tamer of Demons,,在靖妖傩舞状态下，魈造成的所有伤害提高5%。此后，在技能持续时间内，每经过3秒，造成的伤害再额外提高5%。 至多获得25%伤害加成。,1.3,datamine
10000026,xiao,passive_2,坏劫·国土碾尘,Dissolution Eon: Heaven Fall,,施放风轮两立会使之后7秒内的风轮两立造成的伤害提高15%。 该效果持续7秒，最多叠加3次，叠加时刷新持续时间。,1.3,datamine
10000026,xiao,passive_3,神通·空中自在法,Transcension: Gravity Defier,,队伍中自己的角色攀爬消耗的体力降低20%。 无法与效果完全相同的固有天赋叠加。,1.3,datamine
10000027,ningguang,elemental_burst,天权崩玉,Starshatter,atk,凝光在身边凝聚诸多宝石，散之一瞬，自动索敌打击附近的敌人，造成大量岩元素伤害。 施放天权崩玉时，如果附近有璇玑屏存在，璇玑屏将发射额外的宝石飞弹协同攻击。,1.0,datamine
10000027,ningguang,elemental_skill,璇玑屏,Jade Screen,atk,借由黄金、黑曜岩与强者的余裕，构建出坚固的璇玑屏，并造成岩元素范围伤害。 璇玑屏 ·阻挡敌人发射的投射物； ·耐久度按比例继承凝光的生命值上限。 璇玑屏被视为岩元素创造物，可以阻挡部分攻击，不可攀爬。同时只能存在一个。,1.0,datamine
10000027,ningguang,normal_attack,千金掷,Sparkling Scatter,atk,普通攻击 发射宝石，造成岩元素伤害。 命中时，赋予凝光一枚星璇。 重击 消耗体力，发射一颗巨型宝石，造成岩元素伤害。 若凝光拥有星璇，施放重击时会将所有星璇一同发射，造成额外的伤害。 下落攻击 凝聚晶岩的力量，从空中下坠冲击地面，攻击下落路径上的敌人，并在落地时造成岩元素范围伤害。,1.0,datamine
10000027,ningguang,passive_1,星移势转,Backup Plan,,拥有星璇时，凝光的重击不会消耗体力。,1.0,datamine
10000027,ningguang,passive_2,储之千日，用之一刻,Strategic Reserve,,穿过璇玑屏的角色会获得12%岩元素伤害加成，持续10秒。,1.0,datamine
10000027,ningguang,passive_3,奇石珠宝录,Trove of Marvelous Treasures,,在小地图上显示周围能产出锻造用矿石的矿脉位置。,1.0,datamine
10000029,klee,elemental_burst,轰轰火花,Sparks 'n' Splash,atk,可莉火力全开！在技能持续时间内，不停召唤轰轰火花攻击附近的敌人，造成火元素范围伤害。,1.0,datamine
10000029,klee,elemental_skill,蹦蹦炸弹,Jumpy Dumpty,atk,投出带来无限快乐的蹦蹦炸弹！ 蹦蹦炸弹会连续弹跳三次，每次弹跳都会引发爆炸，造成火元素范围伤害。 第三次弹跳后，将分裂成许多诡雷。 诡雷会在接触到敌人或一段时间后爆炸，造成火元素范围伤害。 初始拥有2次可使用次数。,1.0,datamine
10000029,klee,normal_attack,砰砰,Kaboom!,atk,普通攻击 投掷在碰撞后会爆炸的好东西！进行至多三段的炸弹攻击，造成火元素范围伤害。 重击 消耗一定体力，短暂咏唱后，轰击敌人，造成火元素范围伤害。 下落攻击 凝聚烈焰的力量，从空中下坠冲击地面，攻击下落路径上的敌人，并在落地时造成火元素范围伤害。,1.0,datamine
10000029,klee,passive_1,砰砰礼物,Pounding Surprise,,蹦蹦炸弹与普通攻击造成伤害时，有50%的几率赋予可莉一朵爆裂火花。 施放重击时将消耗爆裂火花，使本次重击不消耗体力，造成的伤害提升50%。,1.0,datamine
10000029,klee,passive_2,火花无限,Sparkling Burst,,可莉的重击造成暴击后，为队伍中所有角色恢复2点元素能量。,1.0,datamine
10000029,klee,passive_3,全是宝藏,All Of My Treasures!,,在小地图上显示周围的蒙德区域特产的位置。,1.0,datamine
10000030,zhongli,elemental_burst,天星,Planet Befall,atk,降下巨大的星岩，对坠落范围内的敌人造成巨额岩元素伤害，并使其石化。 石化 处于石化状态下的敌人无法行动。,1.1,datamine
10000030,zhongli,elemental_skill,地心,Dominus Lapidis,atk;hp,山脉中、大地上、磐石间，都遍布着岩之力。能自如驱动这股力量的人却少之又少。 点按 命令大地上岩元素积聚而起，创造岩脊。 长按 令附近的岩元素爆发，造成以下效果： ·如果岩脊数量没有达到上限，则创造岩脊； ·形成玉璋护盾，伤害吸收量受益于钟离的生命值上限； ·造成岩元素范围伤害； ·身边如果有附带有岩元素的目标，则大量消耗至多两个目标的岩元素。这个效果不会造成伤害。 岩脊 创造时，造成岩元素范围伤害。 此外，存在期间会与周围的其他岩元素创造物间歇进行原岩共鸣，对周围的敌人造成岩元素伤害。 岩脊视为岩元素创造物，可以阻拦攻击，可以攀爬。 由钟离自己创造的岩脊，初始同时只能存在一个。 玉璋护盾 对所有元素伤害与物理伤害有150%的吸收效果。 处于玉璋护盾庇护下的角色，会使附近小范围内敌人的所有元素抗性与物理抗性降低20%，该效果不可叠加。,1.1,datamine
10000030,zhongli,normal_attack,岩雨,Rain of Stone,atk,普通攻击 进行至多六段的连续枪击。 重击 消耗一定体力，向前方疾行，在行动路径上和终点投下如雨的岩枪。 下落攻击 从空中下坠冲击地面，攻击下落路径上的敌人，并在落地时造成范围伤害。,1.1,datamine
10000030,zhongli,passive_1,悬岩宸断,Resonant Waves,,玉璋护盾受到伤害时，会产生坚璧效果： ·处于玉璋护盾庇护下的角色，护盾强效提升5%； ·该效果至多叠加5次，持续直到玉璋护盾消失。,1.1,datamine
10000030,zhongli,passive_2,炊金馔玉,Dominance of Earth,,基于生命值上限，钟离的以下攻击造成的伤害提高： ·普通攻击、重击与下落攻击伤害提高值：生命值上限的1.39% ·地心的岩脊、共鸣伤害与长按伤害提高值：生命值上限的1.9% ·天星伤害提高值：生命值上限的33%,1.1,datamine
10000030,zhongli,passive_3,晶石命理,Arcanum of Crystal,,锻造长柄武器时，返还15%消耗的矿石。,1.1,datamine
10000031,fischl,elemental_burst,至夜幻现,Midnight Phantasmagoria,atk,呼唤奥兹，张开纯粹的夜色编织成的双翼，守护菲谢尔。 持续期间，具有如下效果： ·以奥兹的形态进行高速移动； ·对附近的敌人降下落雷，造成雷元素伤害。每个敌人只能受到一次落雷伤害； ·效果结束时，奥兹将会停留在战场上，攻击皇女的敌人。若奥兹已经在场，则重置奥兹的存在时间。,1.0,datamine
10000031,fischl,elemental_skill,夜巡影翼,Nightrider,atk,召唤奥兹。暗影与雷电构成的夜鸦降生尘世时，会在小范围内造成雷元素伤害。 存在期间内，奥兹会持续发射雷之魔弹攻击附近的敌人。 长按以调整技能生效位置。 奥兹存在期间内再次点按可以将其召唤至身旁。,1.0,datamine
10000031,fischl,normal_attack,罪灭之矢,Bolts of Downfall,atk,普通攻击 进行至多五段的连续弓箭射击。 重击 进行伤害更高、更为精准的瞄准射击。 瞄准时，幽夜净土的黯雷精灵会听从皇女的号令，凭附在她的雷影魔箭上。聚满了断罪之雷的魔箭会造成高额的雷元素伤害。 下落攻击 从空中射出箭雨，并迅速下坠冲击地面，在落地时造成范围伤害。,1.0,datamine
10000031,fischl,passive_1,噬星魔鸦,Stellar Predator,,菲谢尔以蓄力完成的瞄准射击命中奥兹时，奥兹会对附近敌人降下圣裁之雷，造成等同射击伤害152.7%的雷元素范围伤害。,1.0,datamine
10000031,fischl,passive_2,断罪雷影,Undone Be Thy Sinful Hex,,奥兹在场时，若当前场上自己的角色攻击敌人时触发了雷元素相关反应，则会对敌人降下圣裁之雷，造成菲谢尔80%攻击力的雷元素伤害。,1.0,datamine
10000031,fischl,passive_3,吾之后花园,Mein Hausgarten,,在蒙德执行探索派遣任务时，消耗的时间缩短25%。,1.0,datamine
10000032,bennett,elemental_burst,美妙旅程,Fantastic Voyage,atk;hp,班尼特进行腾跃轰击，造成火元素伤害，并生成鼓舞领域。 鼓舞领域 ·领域内的角色如果生命值低于或等于70%，会持续恢复生命值，回复量受益于班尼特的最大生命值； ·领域内的角色如果生命值高于70%，会基于班尼特的基础攻击力，以一定比例获得攻击力加成； ·为其中的角色施加火元素附着。,1.0,datamine
10000032,bennett,elemental_skill,热情过载,Passion Overload,atk,班尼特将火元素与冒险的热情凝聚在剑上。根据热情凝聚的程度，可能会发生不同的事情… 点按 快速向前挥出火焰一击，造成火元素伤害。 长按 根据长按时间进行蓄力，释放时依照蓄力段数造成不同的效果。 ·一段蓄力：发动二段攻击，造成火元素伤害并将敌人击飞； ·二段蓄力：发动三段连续攻击，造成可观的火元素伤害。最后一击会发生爆炸，将班尼特与敌人同时击飞。被击飞时，班尼特不会受到伤害。,1.0,datamine
10000032,bennett,normal_attack,好运剑,Strike of Fortune,atk,普通攻击 进行至多五段的连续剑击。 重击 消耗一定体力，瞬间向前方挥出两剑。 下落攻击 从空中下坠冲击地面，攻击下落路径上的敌人，并在落地时造成范围伤害。,1.0,datamine
10000032,bennett,passive_1,热情复燃,Rekindle,,热情过载的冷却时间减少20%。,1.0,datamine
10000032,bennett,passive_2,无畏的热血,Fearnaught,,在美妙旅程领域内，热情过载具有如下效果： ·冷却时间减少50%； ·二段蓄力不会将班尼特自身击飞。,1.0,datamine
10000032,bennett,passive_3,应该安全,It Should Be Safe...,,在蒙德执行探索派遣任务时，消耗的时间缩短25%。,1.0,datamine
10000033,tartaglia,elemental_burst,极恶技·尽灭闪,Havoc: Obliteration,atk,依据达达利亚当前所处的状态，进行不同的攻击： 远程状态·魔弹一闪 向前方快速射出一发饱含水元素的魔箭，造成水元素范围伤害，并施加断流效果。 施放后，返还部分元素能量。 近战状态·尽灭水光 进行一次大范围斩击，对附近所有敌人造成大量水元素伤害，并能引发断流·爆。 断流·爆 尽灭水光命中处于断流状态下的敌人时，会消耗断流效果并引发水爆，造成水元素范围伤害。断流·爆造成的伤害视为元素爆发伤害。,1.1,datamine
10000033,tartaglia,elemental_skill,魔王武装·狂澜,Foul Legacy: Raging Tide,atk,解放纯水构成的武装，对周围的敌人造成水元素伤害，并进入近战状态。 在此状态下，达达利亚的普通攻击与重击将转为无法被附魔覆盖的水元素伤害，并发生以下变化： 普通攻击 进行至多六段的连续水元素斩击。 重击 消耗体力，瞬间向前方挥出两剑，造成水元素伤害。 断流·斩 近战攻击命中处于断流影响下的敌人时，将引发一次断流·斩，造成水元素范围伤害。断流·斩造成的伤害视为元素战技伤害，每1.5秒至多触发一次。 30秒后或再次施放时效果将会解除，回到远程状态，并使技能进入冷却。近战状态下持续的时间越长，冷却时间越长。 若持续30秒后自动回到远程状态，技能将进入更长的冷却周期。,1.1,datamine
10000033,tartaglia,normal_attack,断雨,Cutting Torrent,atk,普通攻击 进行至多六段的连续弓箭射击。 重击 进行伤害更高、更为精准的瞄准射击。 瞄准时，水元素之力会在箭矢上持续积聚。聚满了激流的箭矢会在命中敌人时造成水元素伤害，并施加断流效果。 断流 处于断流影响下的敌人受到达达利亚的各种攻击时，将产生水元素范围伤害效果。这些效果造成的伤害视为普通攻击伤害。 ·断流·闪：满蓄力瞄准射击命中处于断流影响下的敌人时，会引发连续范围伤害。断流·闪每0.7秒至多触发一次。 ·断流·破：击败处于断流影响下的敌人时会引发水之绽放，对附近的敌人施加断流效果。 下落攻击 从空中射出箭雨，并迅速下坠冲击地面，在落地时造成范围伤害。 处于魔王武装·狂澜的近战状态下时，无法施展下落攻击。,1.1,datamine
10000033,tartaglia,passive_1,永无谢幕,Never Ending,,断流效果的持续时间延长8秒。,1.1,datamine
10000033,tartaglia,passive_2,水形剑,Sword of Torrents,,处于魔王武装·狂澜的近战状态时，普通攻击与重击在造成暴击时，会为命中的敌人施加断流效果。,1.1,datamine
10000033,tartaglia,passive_3,诸武精通,Master of Weaponry,,队伍中自己的角色普通攻击等级提高1级。,1.1,datamine
10000034,noelle,elemental_burst,大扫除,Sweeping Time,atk;def,将磐石的力量凝聚在武器上，冲击周围的敌人并进行一次大范围扫击，造成岩元素伤害。 此后，获得如下效果： ·提高诺艾尔的攻击范围； ·将攻击伤害转为岩元素伤害，该元素转化无法被附魔覆盖； ·基于诺艾尔的防御力，提高攻击力。,1.0,datamine
10000034,noelle,elemental_skill,护心铠,Breastplate,atk;def,唤出护体的岩铠，对周围的敌人造成岩元素伤害，并形成护盾，伤害吸收量基于诺艾尔的防御力。 护盾具有如下效果： ·诺艾尔的普通攻击与重击命中时，都有几率为队伍中所有角色恢复生命值； ·对所有元素伤害与物理伤害有150%的吸收效果。 触发治疗时的治疗量受益于诺艾尔的防御力。,1.0,datamine
10000034,noelle,normal_attack,西风剑术·女仆,Favonius Bladework - Maid,atk,普通攻击 进行至多四段的连续挥砍。 重击 持续消耗体力，旋转大剑攻击周围的敌人。 停止旋转时，会进行一次格外有力的挥砍。 下落攻击 从空中下坠冲击地面，攻击下落路径上的敌人，并在落地时造成范围伤害。,1.0,datamine
10000034,noelle,passive_1,全心全意,Devotion,,诺艾尔处于队伍后台，且当前场上自己的角色的生命值低于30%时自动触发： 为当前场上自己的角色生成一个伤害吸收量等同于诺艾尔防御力400%的护盾，持续20秒。 ·对所有元素伤害与物理伤害有150%的吸收效果。 该效果60秒内只能触发一次。,1.0,datamine
10000034,noelle,passive_2,干净利落,Nice and Clean,,诺艾尔的普通攻击或重击累计命中敌人4次，会减少护心铠1秒的冷却。 每0.1秒至多计数一次。,1.0,datamine
10000034,noelle,passive_3,女仆的态度,Maid's Knighthood,,完美烹饪防御类食物时，有12%概率获得2倍产出。,1.0,datamine
10000035,qiqi,elemental_burst,仙法·救苦度厄,Adeptus Art: Preserver of Fortune,atk,七七释放体内封印的仙力，以度厄真符标记附近的敌人，并造成冰元素伤害。 度厄真符 处于度厄真符影响下的敌人受到伤害时，为造成伤害的角色恢复生命值。,1.0,datamine
10000035,qiqi,elemental_skill,仙法·寒病鬼差,Adeptus Art: Herald of Frost,atk,冰血化符，召唤寒病鬼差，并对周围的敌人造成冰元素伤害。 寒病鬼差 ·七七的普通攻击与重击命中时，为队伍中自己的角色，以及附近的友方角色恢复生命值，回复量受益于七七的攻击力； ·每隔一段时间，为当前场上自己的角色恢复生命值； ·跟随角色行动，对路径上的敌人造成冰元素伤害。,1.0,datamine
10000035,qiqi,normal_attack,云来古剑法,Ancient Sword Art,atk,普通攻击 进行至多五段的连续剑击。 重击 消耗一定体力，瞬间向前方挥出两剑。 下落攻击 从空中下坠冲击地面，攻击下落路径上的敌人，并在落地时造成范围伤害。,1.0,datamine
10000035,qiqi,passive_1,延命妙法,Life-Prolonging Methods,,处于仙法·寒病鬼差状态下的角色触发元素反应时，受治疗加成提升20%，持续8秒。,1.0,datamine
10000035,qiqi,passive_2,玉签偶开,A Glimpse Into Arcanum,,七七的普通攻击与重击命中敌人时，有50%的几率为敌人添加一枚度厄真符，持续6秒。该效果每30秒只能触发一次。,1.0,datamine
10000035,qiqi,passive_3,前尘旧忆,Former Life Memories,,在小地图上显示周围的璃月区域特产的位置。,1.0,datamine
10000036,chongyun,elemental_burst,灵刃·云开星落,Spirit Blade: Cloud-Parting Star,atk,重云结印，在前方半空中连续召唤出三柄巨大灵刃，短时间内依次落向地面并爆裂。 灵刃爆裂时，会造成冰元素范围伤害，并击飞敌人。,1.0,datamine
10000036,chongyun,elemental_skill,灵刃·重华叠霜,Spirit Blade: Chonghua's Layered Frost,atk,重云挥动巨剑猛击地面，在前方圆形范围内引发冰爆，并对敌人造成冰元素伤害。 短暂延迟后，冰爆引发的寒气汇聚成重华叠霜领域，其中的单手剑、大剑、长柄武器角色获得冰元素附魔。,1.0,datamine
10000036,chongyun,normal_attack,灭邪四式,Demonbane,atk,普通攻击 进行至多四段的连续挥砍。 重击 持续消耗体力，旋转大剑攻击周围的敌人。 停止旋转时，会进行一次格外有力的挥砍。 下落攻击 从空中下坠冲击地面，攻击下落路径上的敌人，并在落地时造成范围伤害。,1.0,datamine
10000036,chongyun,passive_1,吐纳真定,Steady Breathing,,处在灵刃·重华叠霜领域内的单手剑、双手剑、长柄武器角色，普通攻击的攻击速度提升8%。,1.0,datamine
10000036,chongyun,passive_2,追冰剑诀,Rimechaser Blade,,灵刃·重华叠霜领域消失时，会唤出一柄灵刃自动攻击附近的敌人，造成相当于灵刃·重华叠霜技能伤害100%的冰元素范围伤害。被击中的敌人冰元素抗性降低10%，持续8秒。,1.0,datamine
10000036,chongyun,passive_3,云游山海,Gallant Journey,,在璃月执行探索派遣任务时，消耗的时间缩短25%。,1.0,datamine
10000037,ganyu,elemental_burst,降众天华,Celestial Shower,atk,凝聚大气中的霜雪，召唤退魔的冰灵珠。 存在期间内，冰灵珠会持续降下冰棱，攻击范围内的敌人，造成冰元素伤害。,1.2,datamine
10000037,ganyu,elemental_skill,山泽麟迹,Trail of the Qilin,atk,甘雨留下一朵冰莲并迅速后退，远离一切魑魅魍魉，造成冰元素范围伤害。 冰莲 ·持续嘲讽周围的敌人，吸引敌人攻击； ·耐久度按比例继承甘雨的生命值上限； ·被摧毁或持续时间结束时，会剧烈地绽放，造成冰元素范围伤害。,1.2,datamine
10000037,ganyu,normal_attack,流天射术,Liutian Archery,atk,普通攻击 进行至多六段的连续弓箭射击。 重击 进行伤害更高、更为精准的瞄准射击。 瞄准时，冰寒之气会在箭矢上持续积聚，并随攻击发射出去。根据蓄力时间长短，能造成不同的效果： ·一段蓄力：射出附有寒气的箭矢，造成冰元素伤害； ·二段蓄力：发射霜华矢，造成冰元素伤害；命中后霜华绽发，再次造成冰元素范围伤害。 下落攻击 从空中射出箭雨，并迅速下坠冲击地面，在落地时造成范围伤害。,1.2,datamine
10000037,ganyu,passive_1,唯此一心,Undivided Heart,,霜华矢发射后的5秒内，会使接下来的发射的霜华矢与这些霜华矢引发的霜华绽发的暴击率提高20%。,1.2,datamine
10000037,ganyu,passive_2,天地交泰,Harmony Between Heaven and Earth,,降众天华领域内的队伍中当前场上角色获得20%冰元素伤害加成。,1.2,datamine
10000037,ganyu,passive_3,藏弓待用,Preserved for the Hunt,,锻造弓类武器时，返还15%消耗的矿石。,1.2,datamine
10000038,albedo,elemental_burst,诞生式·大地之潮,Rite of Progeniture: Tectonic Tide,atk,岩晶在阿贝多的指示下涌动爆发，在阿贝多前方造成岩元素范围伤害。 场上存在阿贝多自己创造的阳华时，会在阳华的领域内生成7朵生灭之花，猛烈绽放并造成岩元素范围伤害。 爆发伤害与生灭之花的伤害不会生成刹那之花。,1.2,datamine
10000038,albedo,elemental_skill,创生法·拟造阳华,Abiogenesis: Solar Isotoma,atk;def,炼成阳华，造成岩元素范围伤害。 阳华 具有如下特性： ·以阳华为中心的领域中的敌人受到伤害时，阳华将会生成刹那之花，绽放造成岩元素范围伤害，伤害基于阿贝多的防御力。 ·每2秒只能生成一次刹那之花。 ·角色处在阳华上时，阳华将会凝聚岩元素的力量，形成将角色托起至一定高度的晶台。同时只能存在一个晶台。 ·同时只能存在一个由阿贝多自己创造的阳华，视为岩元素创造物。 长按 可以调整技能生效位置。,1.2,datamine
10000038,albedo,normal_attack,西风剑术·白,Favonius Bladework - Weiss,atk,普通攻击 进行至多五段的连续剑击。 重击 消耗一定体力，瞬间向前方挥出两剑。 下落攻击 从空中下坠冲击地面，攻击下落路径上的敌人，并在落地时造成范围伤害。,1.2,datamine
10000038,albedo,passive_1,白垩色的威压,Calcite Might,,创生法·拟造阳华的刹那之花对生命值低于50%的敌人造成的伤害提高25%。,1.2,datamine
10000038,albedo,passive_2,瓶中人的天慧,Homuncular Nature,,施放诞生式·大地之潮时，使附近的队伍中角色的元素精通提高125点，持续10秒。,1.2,datamine
10000038,albedo,passive_3,天才的发现,Flash of Genius,,合成武器突破素材时，有10%概率获得2倍产出。,1.2,datamine
10000039,diona,elemental_burst,最烈特调,Signature Mix,atk;hp,抛出特别调制的冰酿烈调，造成冰元素范围伤害，并产生冰气酒雾领域。 冰气酒雾领域 ·对其中的敌人持续造成冰元素伤害； ·为其中的角色持续恢复生命值。,1.1,datamine
10000039,diona,elemental_skill,猫爪冻冻,Icy Paws,atk;hp,发射冻冻猫猫爪，对敌人造成冰元素伤害，并在命中时形成护盾。 护盾的伤害吸收量受益于迪奥娜的生命值上限，持续时间基于命中的冻冻猫猫爪数目。 点按 快速发射二枚冻冻猫猫爪。 长按 迅速后撤，并发射五枚冻冻猫猫爪。 通过长按产生的护盾获得75%伤害吸收量加成。 护盾对冰元素伤害有250%的吸收效果，并会在形成时，为当前角色施加短暂的冰元素附着。,1.1,datamine
10000039,diona,normal_attack,猎人射术,Kätzlein Style,atk,普通攻击 进行至多五段的连续弓箭射击。 重击 进行伤害更高、更为精准的瞄准射击。 瞄准时，冰霜散发的寒气会凭附在箭矢上。聚满了寒气的箭矢会造成冰元素伤害。 下落攻击 从空中射出箭雨，并迅速下坠冲击地面，在落地时造成范围伤害。,1.1,datamine
10000039,diona,passive_1,猫尾隐藏菜单,Cat's Tail Secret Menu,,处于猫爪冻冻的护盾保护下的角色，移动速度提升10%，体力消耗降低10%。,1.1,datamine
10000039,diona,passive_2,滑稽百出的醉相,Drunkards' Farce,,敌人进入最烈特调的领域后的15秒内，攻击力降低10%。,1.1,datamine
10000039,diona,passive_3,附赠的下酒菜,Complimentary Bar Food,,完美烹饪恢复类食物时，有12%概率获得2倍产出。,1.1,datamine
10000041,mona,alternate_sprint,虚实流动,Illusory Torrent,,替代冲刺 隐入流水，以消耗体力为代价，化为激流快速移动。 在虚实流动状态下，莫娜可以在水面上高速移动。 结束虚实流动现身时，对周围的敌人施加潮湿状态。,1.0,datamine
10000041,mona,elemental_burst,星命定轨,Stellaris Phantasm,atk,凝聚粼粼的水波，倒映出虚幻星空，对大范围内的敌人施加泡影状态。 泡影 以星相的气泡包裹敌人，施加潮湿状态。较弱的敌人会被禁锢在泡影中，无法行动。 处于泡影影响下的敌人受到伤害时，会产生以下效果： ·对敌人施加星异的伤害加成效果，并以此提高这一次造成的伤害； ·解除泡影效果，并额外造成一次水元素伤害。 星异 持续时间内，提高受到的伤害。,1.0,datamine
10000041,mona,elemental_skill,水中幻愿,Mirror Reflection of Doom,atk,聚集水花汇成命运的虚影。 虚影 具有如下特性： ·持续嘲讽周围的敌人，吸引火力； ·持续对附近的敌人造成水元素伤害； ·持续时间结束时，虚影破裂，造成水元素范围伤害。 长按 借助水流之势迅速后退，并唤出虚影。 场上同时只能存在一个通过水中幻愿创造的虚影。,1.0,datamine
10000041,mona,normal_attack,因果点破,Ripple of Fate,atk,普通攻击 进行至多四段的水花攻击，造成水元素伤害。 重击 消耗一定体力，短暂咏唱后，造成水元素范围伤害。 下落攻击 凝聚水元素的力量，从空中下坠冲击地面，攻击下落路径上的敌人，并在落地时造成水元素范围伤害。,1.0,datamine
10000041,mona,passive_1,「老太婆来抓我啊！」,"Come 'n' Get Me、 Hag!",,进入虚实流动状态2秒后，如果周围存在敌人，则自动凝聚一个虚影。 通过这种方式产生的虚影持续2秒，造成的破裂伤害相当于水中幻愿伤害的50%。,1.0,datamine
10000041,mona,passive_2,「托付于命运吧！」,Waterborne Destiny,,莫娜的水元素伤害加成获得额外提升，提升程度相当于她的元素充能效率的20%。,1.0,datamine
10000041,mona,passive_3,运行原理,Principium of Astrology,,合成武器突破素材时，有25%概率返还部分合成材料。,1.0,datamine
10000042,keqing,elemental_burst,天街巡游,Starward Sword,atk,爆发雷电的力量，造成范围雷元素伤害。 随后隐入剑影中，对周围的敌人进行如同迅雷霆霓般疾速的连斩，造成多段雷元素伤害，并在最后一击时造成高额雷元素范围伤害。,1.0,datamine
10000042,keqing,elemental_skill,星斗归位,Stellar Restoration,atk,迅速投出雷楔，以疾雷之势歼敌。 雷楔命中时会对小范围内的敌人造成雷元素伤害，并在命中的位置留下雷楔标记。 长按 长按以调整雷楔标记投掷的方向。 通过长按投出的雷楔，可以悬浮在空中，并使刻晴再次施放星斗归位时跨越地形。 雷楔 在雷楔的持续期间内，刻晴再次施放星斗归位或施展重击时，会清除雷楔标记并造成不同的效果： ·再次施放星斗归位时，瞬移到标记处进行一次斩击，造成雷元素范围伤害。瞬移至长按投掷的雷楔处时，可以跨越地形障碍； ·施展重击时，在标记处引发雷暴连斩，造成数次雷元素范围伤害。,1.0,datamine
10000042,keqing,normal_attack,云来剑法,Yunlai Swordsmanship,atk,普通攻击 进行至多五段的连续剑击。 重击 消耗一定体力，瞬间向前方挥出两剑。 下落攻击 从空中下坠冲击地面，攻击下落路径上的敌人，并在落地时造成范围伤害。,1.0,datamine
10000042,keqing,passive_1,抵天雷罚,Thundering Penance,,雷楔存在期间再次施放星斗归位后的5秒内，刻晴获得雷元素附魔。,1.0,datamine
10000042,keqing,passive_2,玉衡之贵,Aristocratic Dignity,,施放天街巡游时，刻晴的暴击率提升15%，元素充能效率提升15%，持续8秒。,1.0,datamine
10000042,keqing,passive_3,总务土地,Land's Overseer,,在璃月执行探索派遣任务时，消耗的时间缩短25%。,1.0,datamine
10000043,sucrose,elemental_burst,禁·风灵作成·柒伍同构贰型,Forbidden Creation - Isomer 75 / Type II,atk,砂糖抛出不稳定的烧瓶，生成大型风灵。 存在期间，大型风灵会持续牵引附近的敌人与物体，击飞附近的敌人，并造成风元素伤害。 元素转化 若风灵在技能持续期间接触了水元素/火元素/冰元素/雷元素，则会获得对应元素属性，额外造成该元素的附加伤害。 元素转化在技能持续期间仅会发生一次。,1.0,datamine
10000043,sucrose,elemental_skill,风灵作成·陆叁零捌,Astable Anemohypostasis Creation - 6308,atk,召唤出小型风灵，将敌人与物体牵引至风灵所在位置，击飞范围内的敌人，并造成风元素伤害。,1.0,datamine
10000043,sucrose,normal_attack,简式风灵作成,Wind Spirit Creation,atk,普通攻击 进行至多四段的风灵攻击，造成风元素伤害。 重击 消耗一定体力，短暂咏唱后，造成风元素范围伤害。 下落攻击 凝聚风灵的力量，从空中下坠冲击地面，攻击下落路径上的敌人，并在落地时造成风元素范围伤害。,1.0,datamine
10000043,sucrose,passive_1,触媒置换术,Catalyst Conversion,,砂糖触发扩散、星扩散反应时，使队伍中所有对应元素类型的角色（不包括砂糖自己）元素精通提升50，持续8秒。,1.0,datamine
10000043,sucrose,passive_2,小小的慧风,Mollis Favonius,,风灵作成·陆叁零捌或禁·风灵作成·柒伍同构贰型命中敌人时，基于砂糖元素精通的20%，为队伍中所有角色（不包括砂糖自己）提供元素精通加成，持续8秒。,1.0,datamine
10000043,sucrose,passive_3,不稳定发现,Astable Invention,,合成角色与武器培养素材时，有10%概率获得2倍产出。,1.0,datamine
10000044,xinyan,elemental_burst,叛逆刮弦,Riff Revolution,atk,迅速扫弦引发音波，击退敌人，对周围的敌人造成物理伤害，激起「舞台」上的氛围。 因为氛围实在太过炙烈，所以会引起烈焰，对周围的敌人持续造成火元素伤害。,1.1,datamine
10000044,xinyan,elemental_skill,热情拂扫,Sweeping Fervor,atk;def,辛焱挥动乐器，对周围的敌人造成火元素伤害，并借由「观众」的「热情」，形成护盾。 护盾的伤害吸收量受益于辛焱的防御力，并基于命中敌人的数目： ·未命中或命中一名敌人：一级护盾·散序节拍； ·命中二名敌人：二级护盾·歌头节拍； ·命中三名或更多敌人时，将产生三级护盾·舞遍节拍。除了吸收伤害，还会间歇性对周围的敌人造成火元素伤害。 护盾具有如下特性： ·施放的瞬间，为辛焱施加火元素附着； ·对火元素伤害有250%的吸收效果。,1.1,datamine
10000044,xinyan,normal_attack,炎舞,Dance on Fire,atk,普通攻击 进行至多四段的连续挥砍。 重击 持续消耗体力，旋转大剑攻击周围的敌人。 停止旋转时，会进行一次格外有力的挥砍。 下落攻击 从空中下坠冲击地面，攻击下落路径上的敌人，并在落地时造成范围伤害。,1.1,datamine
10000044,xinyan,passive_1,「没听众也要演奏…」,"The Show Goes On、 Even Without an Audience...",,减少热情拂扫的护盾所需的命中敌人数量： ·二级护盾·歌头节拍：命中一名敌人； ·三级护盾·舞遍节拍：命中二名或更多敌人。,1.1,datamine
10000044,xinyan,passive_2,「…这才是摇滚！」,"...Now That's Rock 'N' Roll!",,处于热情拂扫的护盾保护下的角色造成的物理伤害提高15%。,1.1,datamine
10000044,xinyan,passive_3,摇滚的食谱,A Rad Recipe,,完美烹饪防御类食物时，有12%概率获得2倍产出。,1.1,datamine
10000045,rosaria,elemental_burst,终命的圣礼,Rites of Termination,atk,这是罗莎莉亚专属的领祷仪式。挥舞武器扫击身边的敌人后，凝聚极寒的冰枪击向地面，分别造成冰元素伤害。 冰枪在存在期间内，会间歇性释放寒气，对附近的敌人造成冰元素伤害。,1.4,datamine
10000045,rosaria,elemental_skill,噬罪的告解,Ravaging Confession,atk,罗莎莉亚快速移动至目标敌人身后，进行长枪穿刺与挥砍，造成冰元素伤害。 无法通过施放时的快速移动，转移至体型较大的敌人身后。,1.4,datamine
10000045,rosaria,normal_attack,教会枪术,Spear of the Church,atk,普通攻击 进行至多五段的连续枪击。 重击 消耗一定体力，向前方突进，对路径上的敌人造成伤害。 下落攻击 从空中下坠冲击地面，攻击下落路径上的敌人，并在落地时造成范围伤害。,1.4,datamine
10000045,rosaria,passive_1,聆听忏悔的幽影,Regina Probationum,,噬罪的告解从技能目标的背后攻击时，罗莎莉亚的暴击率提升12%，持续5秒。,1.4,datamine
10000045,rosaria,passive_2,暗中支援的黯色,Shadow Samaritan,,施放终命的圣礼时，基于自身暴击率的15%，提高附近的队伍中所有角色（不包括罗莎莉亚自己）的暴击率，持续10秒。 通过这种方式获得的暴击率提升，无法超过15%。,1.4,datamine
10000045,rosaria,passive_3,夜行,Night Walk,,在夜间（18时至6时），队伍中自己的角色获得迅行效果：移动速度提高10%。 该效果在秘境、征讨领域、深境螺旋中无效，迅行效果无法叠加。,1.4,datamine
10000046,hu_tao,elemental_burst,安神秘法,Spirit Soother,atk;hp,挥动炽热的魂灵，造成大范围火元素伤害。 命中敌人时，基于胡桃的生命值上限，恢复胡桃的生命值。这个效果最多对5个命中的敌人生效。 如果技能命中时胡桃的生命值低于或等于50%，则造成更高的伤害与治疗量。,1.3,datamine
10000046,hu_tao,elemental_skill,蝶引来生,Guide to Afterlife,atk;hp,只有永不间断的烈焰可以洗净世间的不净之物。 胡桃消耗一部分生命值，击退周围敌人，进入彼岸蝶舞状态。 彼岸蝶舞 ·基于进入该状态时胡桃的生命值上限，提高胡桃的攻击力。通过这种方式获得的攻击力提升，不能超过胡桃基础攻击力的400%； ·将攻击伤害转为火元素伤害，该元素转化无法被附魔覆盖； ·重击会为命中的敌人施加血梅香效果； ·提高胡桃的抗打断能力。 血梅香 处于血梅香状态下的敌人，每4秒会受到一次火元素伤害。这个伤害视为元素战技伤害。 同一个目标身上只能存在一个血梅香效果，且只能被胡桃自己刷新持续时间。 彼岸蝶舞将在持续时间结束、胡桃下场或倒下时解除。,1.3,datamine
10000046,hu_tao,normal_attack,往生秘传枪法,Secret Spear of Wangsheng,atk,普通攻击 进行至多六段的连续枪击。 重击 消耗一定体力，向前方突进，对路径上的敌人造成伤害。 下落攻击 从空中下坠冲击地面，攻击下落路径上的敌人，并在落地时造成范围伤害。,1.3,datamine
10000046,hu_tao,passive_1,蝶隐之时,Flutter By,,蝶引来生施加的彼岸蝶舞状态结束后，队伍中所有角色（不包括胡桃自己）的暴击率提高12%，持续8秒。,1.3,datamine
10000046,hu_tao,passive_2,血之灶火,Sanguine Rouge,,胡桃的生命值低于或等于50%时，获得33%火元素伤害加成。,1.3,datamine
10000046,hu_tao,passive_3,多多益善,The More the Merrier,,完美烹饪食物时，有18%概率额外获得一个「奇怪的」品质的同种料理。,1.3,datamine
10000047,kaedehara_kazuha,elemental_burst,万叶之一刀,Kazuha Slash,atk,施展我流的奥义，斩出初岚般的一刀，造成风元素范围伤害。 刀风会留下名为「流风秋野」的领域，对其中的敌人造成间歇的风元素伤害。 元素转化 若流风秋野在持续期间接触了水元素/火元素/冰元素/雷元素，则会获得对应元素属性，额外造成该元素附加伤害。 这种转化在技能持续期间仅会发生一次。,1.6,datamine
10000047,kaedehara_kazuha,elemental_skill,千早振,Chihayaburu,atk,施展如同冲风般激昂的秘剑，将敌人与物体牵引至所在位置，击飞范围内的敌人，造成风元素伤害，并借由喷薄的气流如登泷般腾空而起。 枫原万叶因元素战技·千早振而升空后的10秒内并持续处于空中时，若进行下落攻击，则会施展格外强劲的下落攻击·乱岚拨止。 点按 可以在空中施放。 长按 积蓄力量后施展，相对于点按，在更大的范围内造成更高的风元素伤害。 下落攻击·乱岚拨止 通过元素战技·千早振施放的下落攻击，造成的伤害将转化为风元素伤害，并在落地时施展秘剑产生小型的风穴，牵引附近的物体与敌人。 乱岚拨止造成的伤害视为下落攻击伤害。,1.6,datamine
10000047,kaedehara_kazuha,normal_attack,我流剑术,Garyuu Bladework,atk,普通攻击 进行至多五段的连续剑击。 重击 消耗一定体力，瞬间向前方挥出两剑。 下落攻击 从空中下坠冲击地面，攻击下落路径上的敌人，并在落地时造成范围伤害。若这次下落攻击经由千早振施放，则会转为施放下落攻击·乱岚拨止。 下落攻击·乱岚拨止 通过元素战技·千早振施放的下落攻击，造成的伤害将转化为风元素伤害，并在落地时施展秘剑产生小型的风穴，牵引附近的物体与敌人。,1.6,datamine
10000047,kaedehara_kazuha,passive_1,相闻之剑法,Soumon Swordsmanship,,千早振在施放时，如果接触了水元素/火元素/冰元素/雷元素，则会使这次千早振的下落攻击·乱岚拨止，发生元素转化，将附加200%攻击力的对应元素伤害，该伤害视为下落攻击伤害。每次千早振的技能效果中，元素转化仅会发生一次。,1.6,datamine
10000047,kaedehara_kazuha,passive_2,风物之诗咏,Poetics of Fuubutsu,,枫原万叶触发扩散或星扩散反应后，枫原万叶的每点元素精通，会为队伍中所有角色提供0.04%对应元素伤害加成，持续8秒。通过这种方式获得的不同元素伤害加成可以共存。,1.6,datamine
10000047,kaedehara_kazuha,passive_3,松风霞立,Cloud Strider,,队伍中自己的角色冲刺消耗的体力降低20%。 无法与效果完全相同的固有天赋叠加。,1.6,datamine
10000048,yanfei,elemental_burst,凭此结契,Done Deal,atk,引发喷薄爆发的烈火，冲击周围的敌人，造成火元素范围伤害，并为烟绯自己赋予最大数量的丹火印与灼灼效果。 灼灼 具有如下效果： ·每间隔一段时间，为烟绯赋予一枚丹火印； ·提高重击造成的伤害。 灼灼效果会在烟绯退场与倒下时移除。,1.5,datamine
10000048,yanfei,elemental_skill,丹书立约,Signed Edict,atk,唤出烈焰，造成火元素范围伤害。 命中敌人后，会为烟绯赋予最大数量的丹火印。,1.5,datamine
10000048,yanfei,normal_attack,火漆制印,Seal of Approval,atk,普通攻击 连续发射火球，造成最多三段的火元素伤害。 普通攻击命中敌人时，会赋予烟绯一枚丹火印。初始最多持有三枚丹火印，每次触发都会刷新已有的丹火印持续时间。 每枚丹火印都会降低烟绯的体力消耗，并会在烟绯退场时消失。 重击 消耗体力，短暂咏唱后，消耗所有的丹火印，在前方造成火元素范围伤害。 根据被消耗的丹火印数量，强化这次重击的范围与伤害。 下落攻击 凝聚火元素的力量，从空中下坠冲击地面，攻击下落路径上的敌人，并在落地时造成火元素范围伤害。,1.5,datamine
10000048,yanfei,passive_1,关联条款,Proviso,,烟绯通过重击消耗丹火印时，每枚丹火印会提升烟绯5%的火元素伤害加成，持续6秒。在该效果的持续时间内再次施放重击时，会先移除原有的效果。,1.5,datamine
10000048,yanfei,passive_2,法兽灼眼,Blazing Eye,,烟绯主动施放的重击对敌人造成暴击时，会额外造成一次80%攻击力的火元素范围伤害。该伤害视为重击伤害。,1.5,datamine
10000048,yanfei,passive_3,博闻强记,Encyclopedic Expertise,,在小地图上显示周围的璃月区域特产的位置。,1.5,datamine
10000049,yoimiya,elemental_burst,琉金云间草,Ryuukin Saxifrage,atk,宵宫随着自创的烟火「琉金云间草」腾跃至空中，向前发射满载惊喜的焰火箭，造成火元素范围伤害，并对命中的其中一名敌人附上「琉金火光」。 琉金火光 队伍中所有角色（不包括宵宫自己）的普通攻击、重击、下落攻击、元素战技、元素爆发命中处于琉金火光影响下的敌人，会引发爆炸，造成火元素范围伤害。 处于琉金火光影响下的敌人在持续期间内被击败时，琉金火光将转移至附近的另一名敌人，并继承持续时间。 琉金火光每2秒至多引发一次爆炸。宵宫倒下时，由宵宫自己的技能产生的琉金火光效果会解除。,2.0,datamine
10000049,yoimiya,elemental_skill,焰硝庭火舞,Niwabi Fire-Dance,atk,舞动线香烟火，让用于烟火的焰硝环绕在宵宫的身边。 庭火焰硝 在持续期间内，将宵宫的普通攻击发射的箭矢转为炽焰箭，造成的伤害转为火元素伤害，并提高普通攻击造成的伤害；「普通攻击·烟火打扬」的二段蓄力在持续期间内无法再产生焰硝矢。 效果将在宵宫退场时解除。,2.0,datamine
10000049,yoimiya,normal_attack,烟火打扬,Firework Flare-Up,atk,普通攻击 进行至多五段的连续弓箭射击。 重击 进行伤害更高、更为精准的瞄准射击。 瞄准时，火焰会在箭矢上持续积聚，并随攻击发射出去。根据蓄力时间长短，能造成不同的效果： ·一段蓄力：射出附有烈焰的箭矢，造成火元素伤害； ·二段蓄力：依据蓄力时间，产生至多3枚焰硝矢，随宵宫这次瞄准射击释放。焰硝矢会自行追踪附近的敌人，并在命中时造成火元素伤害。 下落攻击 从空中射出箭雨，并迅速下坠冲击地面，在落地时造成范围伤害。,2.0,datamine
10000049,yoimiya,passive_1,袖火百景图,Tricks of the Trouble-Maker,,在焰硝庭火舞的持续期间内，宵宫的普通攻击命中后，将为宵宫提供2%火元素伤害加成。该效果持续3秒，至多叠加10次。,2.0,datamine
10000049,yoimiya,passive_2,炎昼风物诗,Summer Night's Dawn,,施放琉金云间草后的15秒内，附近的队伍中所有其他角色（不包括宵宫自己）攻击力提高10%。此外，依据宵宫自己施放琉金云间草时突破天赋「袖火百景图」的叠加层数，将额外提升上述的攻击力效果，每层提升1%攻击力。,2.0,datamine
10000049,yoimiya,passive_3,炎色配比法,Blazing Match,,制作装潢、摆件、景观类摆设时，有100%概率返还部分材料。,2.0,datamine
10000050,thoma,elemental_burst,真红炽火之大铠,Crimson Ooyoroi,atk;hp,托马旋转长枪，以炽烈的燃焰挥斩周围的敌人，造成火元素范围伤害，并产生炽火大铠。 炽火大铠 处于炽火大铠效果下的当前场上角色进行普通攻击时，将触发炽火崩破，造成火元素范围伤害，并唤出护体的烈烧佑命护盾。 炽火崩破每1秒至多触发一次。 产生的护盾，除伤害吸收量以外，特性与元素战技「烈烧佑命之侍护」的护盾相同： ·对火元素伤害有250%的吸收效果； ·护盾剩余的伤害吸收量在获取新的烈烧佑命护盾时将会叠加，并刷新持续时间。 护盾的伤害吸收量至多不超过托马生命值上限的一定比例。 托马倒下时，将会清除炽火大铠的效果。,2.2,datamine
10000050,thoma,elemental_skill,烈烧佑命之侍护,Blazing Blessing,atk;hp,托马以枪尖刺地作为支点，倾注燃焰之力，向前迅猛踢击，造成火元素范围伤害，唤出护体的烈烧佑命护盾，并在施放的瞬间，为托马施加火元素附着。 护盾的伤害吸收量受益于托马的生命值上限。 烈烧佑命护盾具有如下特性： ·对火元素伤害有250%的吸收效果； ·护盾剩余的伤害吸收量在获取新的烈烧佑命护盾时将会叠加，并刷新持续时间。 护盾的伤害吸收量至多不超过托马生命值上限的一定比例。,2.2,datamine
10000050,thoma,normal_attack,迅破枪势,Swiftshatter Spear,atk,普通攻击 进行至多四段的连续枪击。 重击 消耗一定体力，向前方突进，对路径上的敌人造成伤害。 下落攻击 从空中下坠冲击地面，攻击下落路径上的敌人，并在落地时造成范围伤害。,2.2,datamine
10000050,thoma,passive_1,甲衣交叠,Imbricated Armor,,当前场上自己的角色获取或刷新烈烧佑命护盾时，护盾强效提升5%，持续时间6秒。 此效果每0.3秒至多触发一次，至多叠加5次。,2.2,datamine
10000050,thoma,passive_2,烈火攻燔,Flaming Assault,,真红炽火之大铠的炽火崩破造成的伤害提高，提高值相当于托马生命值上限的2.2%。,2.2,datamine
10000050,thoma,passive_3,悬鲷狩,Snap and Swing,,旅行者在稻妻成功钓鱼时，因为托马的帮助，有20%概率获得2倍产出。,2.2,datamine
10000051,eula,elemental_burst,凝浪之光剑,Glacial Illumination,atk,猛烈挥舞大剑，对周围的敌人造成冰元素伤害，并创造一柄跟随自己，至多持续存在7秒的光降之剑。 在持续期间内，光降之剑会提高优菈自己的抗打断能力，并在优菈自己的普通攻击、元素战技或元素爆发对敌人造成伤害时，为光降之剑积蓄能量。每0.1秒只能积攒一层能量。 持续时间结束后，光降之剑会降下并猛烈爆发，对周围的敌人造成物理伤害。 此伤害受益于光降之剑积蓄的能量层数。 优菈退场时，光降之剑会立即爆发。,1.5,datamine
10000051,eula,elemental_skill,冰潮的涡旋,Icetide Vortex,atk,极寒的冰气、迅捷的剑舞。 点按 快速挥斩，造成冰元素伤害。 命中敌人时，优菈自己获得一层冷酷之心效果，最多叠加2次，每0.3秒内只能触发1次。 冷酷之心 提高优菈的抗打断能力和防御力。 长按 消耗所有的冷酷之心效果，并挥舞大剑向前挥砍，对前方的敌人造成冰元素范围伤害。 若消耗了冷酷之心效果，会使身边的敌人的物理抗性与冰元素抗性降低。 每一层被消耗的冷酷之心会转化为一柄冰涡之剑，对附近的敌人造成冰元素伤害。,1.5,datamine
10000051,eula,normal_attack,西风剑术·宗室,Favonius Bladework - Edel,atk,普通攻击 进行至多五段的连续挥砍。 重击 持续消耗体力，快速进行连续的斩击。 重击结束时，会进行一次格外有力的挥砍。 下落攻击 从空中下坠冲击地面，攻击下落路径上的敌人，并在落地时造成范围伤害。,1.5,datamine
10000051,eula,passive_1,潮卷冰削,Roiling Rime,,长按施放冰潮的涡旋时，若一次性消耗了2层冷酷之心效果，则创造会立即爆发的残缺光降之剑，造成相当于凝浪之光剑的光降之剑基础伤害50%的物理伤害。,1.5,datamine
10000051,eula,passive_2,战欲涌现,Wellspring of War-Lust,,施放凝浪之光剑时，重置冰潮的涡旋的冷却时间，并为优菈赋予一层冷酷之心效果。,1.5,datamine
10000051,eula,passive_3,贵族的自省,Aristocratic Introspection,,合成角色天赋素材时，有10%概率获得2倍产出。,1.5,datamine
10000052,raiden_shogun,elemental_burst,奥义·梦想真说,Secret Art: Musou Shinsetsu,atk,汇聚万千真言，竭尽诸愿百眼之愿力，斩出粉碎一切诅咒的梦想一刀，造成雷元素范围伤害；并在接下来的一段时间内，使用「梦想一心」战斗。依据施放时消耗的诸愿百眼之轮的愿力层数，增加梦想一刀与梦想一心的攻击造成的伤害。 梦想一心 在此状态下，雷电将军将使用刀进行攻击，并将普通攻击、重击与下落攻击造成的伤害转为无法被附魔覆盖的雷元素伤害，并在这些攻击命中敌人时，为队伍中附近的所有角色恢复元素能量。每1秒至多通过这种方式恢复一次元素能量，在持续期间内至多触发5次。 在此状态下，雷电将军的抗打断能力提高，并免疫感电反应的伤害。 梦想一心状态下，雷电将军的普通攻击、重击与下落攻击造成的伤害，视为元素爆发伤害。 梦想一心的效果将在雷电将军退场时解除。 诸愿百眼之轮 队伍中附近的角色（不包括雷电将军自己）施放元素爆发时，会依据元素爆发的元素能量，为雷电将军的诸愿百眼之轮积攒愿力。 至多积攒60层愿力。 诸愿百眼之轮中积攒的愿力，会在脱离战斗300秒后清除。,2.1,datamine
10000052,raiden_shogun,elemental_skill,神变·恶曜开眼,Transcendence: Baleful Omen,atk,雷电将军展开净土的一角，对周围的敌人造成雷元素伤害，为队伍中附近的所有角色授以「雷罚恶曜之眼」。 雷罚恶曜之眼 ·获授雷罚恶曜之眼的角色的攻击对敌人造成伤害时，雷罚恶曜之眼会进行协同攻击，在敌人的位置造成雷元素范围伤害。 ·获授雷罚恶曜之眼的角色在持续期间内，元素爆发造成的伤害获得提升，提升程度基于元素爆发的元素能量。 每个队伍的雷罚恶曜之眼，每0.9秒至多进行一次协同攻击。 由队伍中自己的角色以外的角色触发的协同攻击造成的伤害为原本的20%。,2.1,datamine
10000052,raiden_shogun,normal_attack,源流,Origin,atk,普通攻击 进行至多五段的连续枪击。 重击 消耗一定体力，进行向上的挑斩攻击。 下落攻击 从空中下坠冲击地面，攻击下落路径上的敌人，并在落地时造成范围伤害。,2.1,datamine
10000052,raiden_shogun,passive_1,万千的愿望,Wishes Unnumbered,,队伍中附近的角色获得元素晶球或元素微粒时，会为诸愿百眼之轮积攒2层愿力。 该效果每3秒至多触发一次。,2.1,datamine
10000052,raiden_shogun,passive_2,殊胜之御体,Enlightened One,,基于元素充能效率超过100%的部分，每1%使雷电将军获得下列效果： ·梦想一心状态提供的元素能量恢复提高0.6%； ·雷元素伤害加成提升0.4%。,2.1,datamine
10000052,raiden_shogun,passive_3,天下名物狩,All-Preserver,,突破单手剑和长柄武器时，消耗的摩拉数量减少50%。,2.1,datamine
10000053,sayu,elemental_burst,呜呼流·影貉缭乱,Yoohoo Art: Mujina Flurry,atk,忍法·呜呼流的另一个独创奥义！能创造出替早柚干活的帮手！ 对身边的敌人造成风元素伤害，为队伍中附近的所有角色恢复生命值，回复量受益于早柚的攻击力，并召唤出「不倒貉貉」。 不倒貉貉 周期性地根据附近的状况，采取其中一种行动： ·附近的角色如果生命值均高于70%，不倒貉貉会攻击附近的一名敌人，造成风元素伤害； ·附近场上如果存在生命值低于或等于70%的角色，会为附近场上生命值百分比最低的角色恢复生命值，回复量受益于早柚的攻击力。若附近不存在敌人，即使角色的生命值均高于70%，也会为角色恢复生命值。,2.0,datamine
10000053,sayu,elemental_skill,呜呼流·风隐急进,Yoohoo Art: Fuuin Dash,atk,忍法·呜呼流的独创奥义！以风驰电掣之势席卷战场的绝技！ 蜷缩成高速滚动的风风轮，冲撞触及的敌人造成风元素伤害，并在结束时使出风风轮舞踢，造成风元素范围伤害。 点按 进入风风轮状态，向前滚动一小段距离，并使出风风轮舞踢。 长按 以风风轮之姿持续滚动，并在该状态下提高早柚的抗打断能力。 期间，早柚可以控制滚动的方向，并能通过再次施放技能，提前结束状态使出相比点按更为强大的风风轮舞踢。 该技能通过长按施放时，能发生元素转化。 持续至多10秒。效果结束时，技能将进入冷却。在风风轮状态下持续的时间越长，冷却时间越长。 元素转化 若早柚在风风轮状态下，接触了水元素/火元素/冰元素/雷元素，则会获得对应元素属性，使风风轮与风风轮舞踢额外造成该元素的附加伤害。 元素转化在技能持续期间仅会发生一次。,2.0,datamine
10000053,sayu,normal_attack,忍刀·终末番,Shuumatsuban Ninja Blade,atk,普通攻击 进行至多四段的连续挥砍。 重击 持续消耗体力，旋转大剑攻击周围的敌人。 停止旋转时，会进行一次格外有力的挥砍。 下落攻击 从空中下坠冲击地面，攻击下落路径上的敌人，并在落地时造成范围伤害。,2.0,datamine
10000053,sayu,passive_1,更加合适的人选,Someone More Capable,,早柚在场上触发扩散或星扩散反应时，为队伍中自己的角色以及附近的友方角色恢复300点生命值。除此之外，早柚的每点元素精通将额外恢复1.2点生命值。 该效果每2秒只能触发一次。,2.0,datamine
10000053,sayu,passive_2,早柚不用工作啦,No Work Today!,,呜呼流·影貉缭乱的不倒貉貉获得如下效果： ·为角色恢复生命值时，将为该角色身边的其他场上角色恢复相当于回复量20%的生命值； ·攻击敌人时，扩大造成伤害的范围。,2.0,datamine
10000053,sayu,passive_3,呜呼流·屏息秘传,Yoohoo Art: Silencer's Secret,,早柚在队伍中时，队伍中自己的角色接近晶蝶等部分生物时，不会惊动它们。 有效对象可参考图鉴中「生物志 / 野生动物」的「其他」分类。,2.0,datamine
10000054,sangonomiya_kokomi,elemental_burst,海人化羽,Nereid's Ascension,hp,请降海祇的力量，对周围的敌人造成水元素伤害，并披上珊瑚宫之水汇聚而成的「仪来羽衣」。 仪来羽衣 ·增加珊瑚宫心海的普通攻击，重击以及元素战技的「化海月」造成的伤害，增加值基于珊瑚宫心海的生命值上限； ·普通攻击和重击命中敌人时，为队伍中附近的所有角色恢复生命值，回复量受益于珊瑚宫心海的生命值上限； ·提升珊瑚宫心海的抗打断能力，并使她能在水面上移动。 效果将在珊瑚宫心海退场时解除。,2.1,datamine
10000054,sangonomiya_kokomi,elemental_skill,海月之誓,Kurage's Oath,atk;hp,召唤能够治愈同伴的幻造水之生命「化海月」。 施放的瞬间，为珊瑚宫心海施加潮湿状态。 化海月 每隔一段时间，对周围的敌人造成水元素伤害，并为周围的当前场上角色恢复生命值，回复量受益于珊瑚宫心海的生命值上限。,2.1,datamine
10000054,sangonomiya_kokomi,normal_attack,水有常形,The Shape of Water,atk,普通攻击 以水元素幻造成的游鱼进行至多三段的攻击，造成水元素伤害。 重击 消耗一定体力，短暂咏唱后，造成水元素范围伤害。 下落攻击 凝聚水元素的力量，从空中下坠冲击地面，攻击下落路径上的敌人，并在落地时造成水元素范围伤害。,2.1,datamine
10000054,sangonomiya_kokomi,passive_1,匣中玉栉,Tamakushi Casket,,施放海人化羽时，若场上有珊瑚宫心海自己的化海月，则重置化海月的存在时间。,2.1,datamine
10000054,sangonomiya_kokomi,passive_2,真珠御呗,Song of Pearls,,处于海人化羽的仪来羽衣状态下时，珊瑚宫心海的普通攻击与重击基于生命值上限造成的伤害获得额外提升，提升程度相当于她的治疗加成的15%。,2.1,datamine
10000054,sangonomiya_kokomi,passive_3,海祇姬君,Princess of Watatsumi,,队伍中自己的角色游泳消耗的体力降低20%。 无法与效果完全相同的固有天赋叠加。,2.1,datamine
10000054,sangonomiya_kokomi,passive_4,庙算无遗,Flawless Strategy,,珊瑚宫心海的治疗加成提升25%，暴击率降低100%。,2.1,datamine
10000055,gorou,elemental_burst,兽牙逐突形胜战法,Juuga: Forward Unto Victory,def,展现大将之威，造成岩元素范围伤害，并展开大将威仪之领域，鼓舞身边的战友。 大将威仪 具有如下特性： ·领域拥有等同于元素战技「犬坂吠吠方圆阵」创造的大将旗指物的效果，依据施放时队伍中元素类型为岩元素的角色数量，为其领域内的当前场上角色赋予效果，并且会随着当前场上角色移动； ·每1.5秒，会产生一次岩晶崩破，对领域内一名敌人造成岩元素范围伤害； ·每1.5秒，将领域内1枚结晶反应产生的晶片吸引至当前角色的位置。 施放时，若场上存在五郎自己的大将旗指物，会将其破坏。此外，在大将威仪的持续期间，五郎自己施放元素战技「犬坂吠吠方圆阵」时，将不会产生大将旗指物。 五郎倒下时将解除五郎自己的大将威仪效果。,2.3,datamine
10000055,gorou,elemental_skill,犬坂吠吠方圆阵,Inuzaka All-Round Defense,atk,造成岩元素范围伤害，并立起大将旗指物。 大将旗指物 依据施放时队伍中元素类型为岩元素的角色数量，为其领域内的当前场上角色赋予如下效果： ·一名角色时：「坚牢」：防御力提升； ·二名角色时：「难破」：除上述效果外，提升抗打断能力； ·三名角色时：「摧碎」：除上述效果外，获得岩元素伤害加成。 同时只能存在一个由五郎自己创造的大将旗指物；角色只能获得一个大将旗指物提供的效果。角色离开领域后，领域的效果将持续2秒。 长按 可以调整技能生效位置。,2.3,datamine
10000055,gorou,normal_attack,呲牙裂扇箭,Ripping Fang Fletching,atk,普通攻击 进行至多四段的连续弓箭射击。 重击 进行伤害更高、更为精准的瞄准射击。 瞄准时，岩晶会在箭矢上持续积聚。聚满了晶岩的箭矢会造成岩元素伤害。 下落攻击 从空中射出箭雨，并迅速下坠冲击地面，在落地时造成范围伤害。,2.3,datamine
10000055,gorou,passive_1,不畏风雨,Heedless of the Wind and Weather,,施放兽牙逐突形胜战法后的12秒内，附近的队伍中所有角色的防御力提升25%。,2.3,datamine
10000055,gorou,passive_2,报恩之守,A Favor Repaid,,基于防御力，五郎的以下攻击造成的伤害提高： ·犬坂吠吠方圆阵的技能伤害提高值：防御力的156%； ·兽牙逐突形胜战法的技能伤害与岩晶崩破伤害提高值：防御力的15.6%。,2.3,datamine
10000055,gorou,passive_3,亮晶晶发现术,Seeker of Shinies,,在小地图上显示周围的稻妻区域特产的位置。,2.3,datamine
10000056,kujou_sara,elemental_burst,煌煌千道镇式,Subjugation: Koukou Sendou,atk,在目标的位置降下天狗咒雷·金刚坏，造成雷元素范围伤害。此后，天狗咒雷·金刚坏将扩散转为4道连续的天狗咒雷·雷砾，造成雷元素范围伤害。 天狗咒雷·金刚坏与天狗咒雷·雷砾会使其范围内的当前场上角色获得与元素战技「鸦羽天狗霆雷召咒」相同的攻击力加成。 各种天狗咒雷提供的攻击力提升不能叠加，效果与持续时间由后生效的为准。,2.1,datamine
10000056,kujou_sara,elemental_skill,鸦羽天狗霆雷召咒,Tengu Stormcall,atk,以天狗之神速向后转移，并唤来乌羽的加护。 获得持续18秒的「乌羽护持」，当九条裟罗发射完成蓄力的箭矢时，会消耗「乌羽护持」，并在命中的位置留下「乌羽」。 「乌羽」会在短时间后引发天狗咒雷·伏，对范围内敌人造成雷元素伤害，并使其范围内的当前场上角色基于九条裟罗的基础攻击力，以一定比例获得攻击力加成。 各种天狗咒雷提供的攻击力提升不能叠加，效果与持续时间由后生效的为准。,2.1,datamine
10000056,kujou_sara,normal_attack,天狗传弓术,Tengu Bowmanship,atk,普通攻击 进行至多五段的连续弓箭射击。 重击 进行伤害更高、更为精准的瞄准射击。 瞄准时，雷霆的力量会汇聚到她的箭矢上。聚满了雷霆之力的箭矢在命中敌人时造成雷元素伤害。 处于「乌羽护持」状态下时，蓄力完成的箭矢会在命中时留下「乌羽」。 下落攻击 从空中射出箭雨，并迅速下坠冲击地面，在落地时造成范围伤害。,2.1,datamine
10000056,kujou_sara,passive_1,不动心,Immovable Will,,处于鸦羽天狗霆雷召咒的「乌羽护持」状态下时，瞄准射击的所需的蓄力时间减少60%。,2.1,datamine
10000056,kujou_sara,passive_2,御公仪,Decorum,,天狗咒雷·伏命中敌人后，将基于九条裟罗的元素充能效率，每100%为队伍中所有角色恢复1.2点元素能量。该效果每3秒至多触发一次。,2.1,datamine
10000056,kujou_sara,passive_3,检地,Land Survey,,在稻妻执行探索派遣任务时，消耗的时间缩短25%。,2.1,datamine
10000057,arataki_itto,elemental_burst,最恶鬼王·一斗轰临！！,Royal Descent: Behold、 Itto the Evil!,def,是时候展现荒泷派的一斗之威名了！在接下来的一段时间内化身「怒目鬼王」，使用鬼王金碎棒战斗。 具有如下特性： ·普通攻击、重击与下落攻击造成的伤害转为无法被附魔覆盖的岩元素伤害； ·提高荒泷一斗普通攻击的攻击速度，并基于其防御力，提高攻击力； ·第一与第三段攻击在命中敌人时，将为荒泷一斗自己提供1层「乱神之怪力」效果； ·荒泷一斗的所有元素抗性与物理抗性降低20%。 「怒目鬼王」状态将在荒泷一斗退场时解除。,2.3,datamine
10000057,arataki_itto,elemental_skill,魔杀绝技·赤牛发破！,Masatsu Zetsugi: Akaushi Burst!,atk,将荒泷派编外成员小赤牛「阿丑」高速投掷出去，对命中的敌人造成岩元素伤害！「阿丑」命中敌人时，会为荒泷一斗提供1层「乱神之怪力」效果。 「阿丑」会留在场上提供支援： ·持续嘲讽周围的敌人，吸引火力； ·耐久度按比例继承荒泷一斗的生命值上限； ·受到伤害时，会为荒泷一斗自己提供1层「乱神之怪力」效果。每2秒至多通过这种方式提供1层； ·耐久度耗尽或持续时间结束时会逃走，并在离开时为荒泷一斗自己提供1层「乱神之怪力」效果。 长按 调整投掷方向。 「阿丑」被视为岩元素创造物；同时只能存在一个由荒泷一斗自己召唤的「阿丑」。,2.3,datamine
10000057,arataki_itto,normal_attack,喧哗屋传说,Fight Club Legend,atk,普通攻击 进行至多四段的连续挥砍。 在第二段与第四段攻击命中敌人时，会分别产生1层与2层「乱神之怪力」效果。 最多拥有5层乱神之怪力，每次触发都会刷新已有的乱神之怪力持续时间。 此外，施放元素战技「魔杀绝技·赤牛发破！」或进行冲刺后的一小段时间内，普通攻击连击段数不会重置。 重击 长按进行重击时，若拥有乱神之怪力，将进行不消耗体力的「荒泷逆袈裟」斩击。荒泷逆袈裟的每次攻击都将消耗一层乱神之怪力；消耗最后一层时，将施展格外强力的终结一击。 没有乱神之怪力时，将消耗体力，进行一次猛烈的左一文字斩。 下落攻击 从空中下坠冲击地面，攻击下落路径上的敌人，并在落地时造成范围伤害。,2.3,datamine
10000057,arataki_itto,passive_1,荒泷第一,Arataki Ichiban,,荒泷一斗施展连续的「荒泷逆袈裟」时，获得以下效果： ·每次斩击都将使接下来的斩击攻击速度提升10%，通过这种方法至多提升30%； ·提升抗打断能力。 这些效果将在连续施展结束时消失。,2.3,datamine
10000057,arataki_itto,passive_2,赤鬼之血,Bloodline of the Crimson Oni,,「荒泷逆袈裟」造成的伤害提高，伤害提高值基于荒泷一斗防御力的35%。,2.3,datamine
10000057,arataki_itto,passive_3,干裂枝碎,Woodchuck Chucked,,队伍中自己的角色通过攻击树木获取木材时，有25%的几率获得额外的木材。,2.3,datamine
10000058,yae_miko,elemental_burst,大密法·天狐显真,Great Secret Art: Tenko Kenshin,atk,稻妻民话中有「狐凭」一说。其中比较特殊的「天狐之凭」会以雷霆的形式降临在鸣神大社的敌人身上。降下雷电，造成雷元素范围伤害。 施放时，八重神子会解放附近的杀生樱，摧毁它们的形姿，化作天狐霆雷降下，造成雷元素范围伤害。每通过这种方式摧毁一株杀生樱，就能降下一道天狐霆雷。,2.5,datamine
10000058,yae_miko,elemental_skill,野干役咒·杀生樱,Yakan Evocation: Sesshou Sakura,atk,对八重而言，驱役精怪就能解决的麻烦，自然是无须亲力亲为的。 迅速移动，并留下一株「杀生樱」。 杀生樱 具有如下特性： ·间歇性对周围的一名敌人降下落雷，造成雷元素伤害； ·附近存在其他的杀生樱时，将提升其位阶，提高上述攻击造成的伤害。 拥有3次可使用次数。 最多同时存在3株杀生樱，杀生樱创造时的初始位阶为壹阶，阶级初始至多提升至叁阶。若创造的位置与已有的杀生樱距离过近，则会摧毁已有的杀生樱。,2.5,datamine
10000058,yae_miko,normal_attack,狐灵食罪式,Spiritfox Sin-Eater,atk,普通攻击 驱役狐灵，进行至多三段的攻击，造成雷元素伤害。 重击 消耗一定体力，短暂咏唱后，造成雷元素范围伤害。 下落攻击 凝聚雷霆的力量，从空中下坠冲击地面，攻击下落路径上的敌人，并在落地时造成雷元素范围伤害。,2.5,datamine
10000058,yae_miko,passive_1,神篱之御荫,The Shrine's Sacred Shade,,施放大密法·天狐显真时，每摧毁一株杀生樱，就会重置一次野干役咒·杀生樱的冷却时间。,2.5,datamine
10000058,yae_miko,passive_2,启蜇之祝词,Enlightened Blessing,,八重神子的每点元素精通，能使杀生樱造成的伤害提升0.15%。,2.5,datamine
10000058,yae_miko,passive_3,野狐说禅,Meditations of a Yako,,合成角色天赋素材时，有25%概率额外产生一份地区相同的其他随机天赋素材，等阶与合成所消耗的素材相同。,2.5,datamine
10000059,shikanoin_heizou,elemental_burst,聚风蹴,Windmuster Kick,atk,腾跃至空中，向敌人踢出不动流·真空弹。不动流·真空弹将在命中时炸裂，产生缉拿风穴，牵引附近的物体与敌人，造成风元素范围伤害。 不动流·真空弹命中处于水元素/火元素/冰元素/雷元素附着下的敌人时，会为这些敌人施加「聚风真眼」效果，该效果会在片刻后爆发消失，并造成对应元素属性的范围伤害。 不动流·真空弹至多对4名命中的敌人施加「聚风真眼」；敌人无法同时处于多种元素属性的「聚风真眼」状态下。,2.8,datamine
10000059,shikanoin_heizou,elemental_skill,勠心拳,Heartstopper Strike,atk,点按 驱使疾风，向前打出勠心拳，造成风元素伤害。 长按 积蓄力量，以施展更为强大的拳势。蓄力期间，将持续获得能提升勠心拳威力的「变格」效果；松开技能或蓄力结束时，会向前打出勠心拳，造成风元素伤害。 变格 提升下一次勠心拳造成的伤害，至多叠加4层。 拥有4层「变格」时，将产生「正论」效果，使下一次勠心拳造成的伤害将进一步提高，并拥有更大的影响范围。,2.8,datamine
10000059,shikanoin_heizou,normal_attack,不动流格斗术,Fudou Style Martial Arts,atk,普通攻击 以强风加持的招式与敌人格斗，进行至多五段的攻击，造成风元素伤害。 重击 消耗一定体力，使出扬尘踢，造成风元素伤害。 下落攻击 凝聚强风的力量，从空中下坠冲击地面，攻击下落路径上的敌人，并在落地时造成风元素范围伤害。,2.8,datamine
10000059,shikanoin_heizou,passive_1,反论稽古,Paradoxical Practice,,鹿野院平藏在场上触发扩散、星扩散反应时，将获得1层勠心拳的「变格」效果，该效果每0.1秒至多触发一次。,2.8,datamine
10000059,shikanoin_heizou,passive_2,因由勘破,Penetrative Reasoning,,勠心拳命中敌人后，队伍中所有角色（不包括鹿野院平藏自己）的元素精通提升80点，持续10秒。,2.8,datamine
10000059,shikanoin_heizou,passive_3,在罪之先,Pre-Existing Guilt,,队伍中自己的角色冲刺消耗的体力降低20%。 无法与效果完全相同的固有天赋叠加。,2.8,datamine
10000060,yelan,elemental_burst,渊图玲珑骰,Depth-Clarion Dice,hp,造成水元素范围伤害，并凝聚出「玄掷玲珑」，协助进行战斗。 玄掷玲珑 将跟随角色，并在以下情况下，进行协同攻击，基于夜兰的生命值上限造成水元素伤害： ·队伍中自己的当前场上角色进行普通攻击时，每1秒至多触发一次； ·夜兰自己的「络命丝」爆发并命中敌人时，将进行一次协同攻击。,2.7,datamine
10000060,yelan,elemental_skill,萦络纵命索,Lingering Lifeline,hp,牵引「络命丝」疾走，缠络标记途径的敌人。 疾走结束时，「络命丝」将会爆发，基于夜兰的生命值上限，对标记的敌人造成水元素伤害。 点按 快速向前疾走一段距离。 长按 持续疾走，并在该状态下提高夜兰的抗打断能力。 期间，夜兰可以控制疾走的方向，并能通过再次施放技能，提前结束疾走状态。 此外，「络命丝」爆发时，依照标记敌人的数量，夜兰将有概率获得「破局」状态：每个标记的敌人能使概率提升34%。,2.7,datamine
10000060,yelan,normal_attack,潜形隐曜弓,Stealthy Bowshot,atk;hp,普通攻击 进行至多四段的连续弓箭射击。 重击 进行伤害更高、更为精准的瞄准射击。 瞄准时，流水会在箭矢上持续积聚。聚满了激流的箭矢会造成水元素伤害。 破局 脱离战斗状态5秒后，夜兰将获得「破局」状态，使下一次满蓄力瞄准射击所需的蓄力时间减少80%，并将在满蓄力时转为发射「破局矢」。破局矢将基于夜兰的生命值上限造成水元素范围伤害。 下落攻击 从空中射出箭雨，并迅速下坠冲击地面，在落地时造成范围伤害。,2.7,datamine
10000060,yelan,passive_1,猜先有方,Turn Control,,队伍存在1/2/3/4种元素类型的角色时，夜兰的生命值上限提升6%/12%/18%/30%。,2.7,datamine
10000060,yelan,passive_2,妙转随心,Adapt With Ease,,「玄掷玲珑」存在期间，能使队伍中自己的当前场上角色造成的伤害提高1%，并且每1秒进一步提高3.5%，至多使角色造成的伤害提高50%。 效果存在期间重新施放渊图玲珑骰，将移除原有的上述效果。,2.7,datamine
10000060,yelan,passive_3,长考一着,Necessary Calculation,,在璃月执行时长为20小时的探索派遣任务时，获得的奖励增加25%。,2.7,datamine
10000061,kirara,elemental_burst,秘法·惊喜特派,Secret Art: Surprise Dispatch,atk,以惩罚盗贼的特派快递箱猛砸敌人，造成草元素范围伤害。特派快递箱爆炸后，将分裂成许多猫草豆蔻，猫草豆蔻会在接触到敌人或一段时间后爆炸，造成草元素范围伤害。,3.7,datamine
10000061,kirara,elemental_skill,呜喵町飞足,Meow-teor Kick,atk;hp,点按 以猫猫在花丛间穿行的灵巧身法起跳，使出甩尾飞踢痛揍敌人，造成草元素范围伤害，同时展开安全运输护盾，并为绮良良施加短暂的草元素附着。安全运输护盾对草元素伤害有250%的吸收效果。护盾的伤害吸收量受益于绮良良的生命值上限，且至多不超过绮良良生命值上限的一定比例，剩余的伤害吸收量在获取新的安全运输护盾时将会叠加，并刷新持续时间。 长按 拿出「半天之内送货上门」的气势，展开与点按相同的安全运输护盾，并蜷缩至特制的快递箱中，进入猫箱急件状态，更为迅捷地移动与战斗。 猫箱急件状态 ·对冲撞触及的敌人造成草元素伤害，此效果每0.5秒对每个敌人至多触发一次； ·处于该状态下时，绮良良的移动速度、攀爬速度、跳跃能力提升，攀爬时消耗的体力提高； ·持续时间结束或再次施放技能时，将使出相比点按更为强大的翻正爪击，造成草元素范围伤害； ·猫箱急件状态持续至多10秒。效果结束时，技能将进入冷却。在猫箱急件状态下持续的时间越长，冷却时间越长； ·持续期间进行冲刺或主动解除攀爬，将提前结束猫箱急件状态。,3.7,datamine
10000061,kirara,normal_attack,箱纸切削术,Boxcutter,atk,普通攻击 进行至多四段的连续攻击。 重击 消耗一定体力，向前方挥出三次爪击。 下落攻击 从空中下坠冲击地面，攻击下落路径上的敌人，并在落地时造成范围伤害。,3.7,datamine
10000061,kirara,passive_1,妖说歧尾之变,Bewitching、 Betwitching Tails,,绮良良处于呜喵町飞足的猫箱急件状态下时，每次冲撞触及敌人，都将获得一层加固包装，此效果每0.5秒对每个敌人至多触发一次，至多叠加3层。猫箱急件状态结束时，每层加固包装都将为绮良良生成一个安全运输护盾，通过这种方式生成的护盾的伤害吸收量相当于呜喵町飞足生成的安全运输护盾的20%，若绮良良已处于呜喵町飞足的安全运输护盾的庇护下，剩余的伤害吸收量将叠加，并刷新持续时间。,3.7,datamine
10000061,kirara,passive_2,应时惑目之灵,Pupillary Variance,,基于绮良良的生命值上限，每1000点生命值上限将使呜喵町飞足造成的伤害提升0.4%，秘法·惊喜特派造成的伤害提升0.3%。,3.7,datamine
10000061,kirara,passive_3,祟祟猫步,Cat's Creeping Carriage,,绮良良在队伍中时，队伍中自己的角色接近产出禽肉、兽肉与冷鲜肉的小动物时，不会轻易惊动它们。,3.7,datamine
10000062,aloy,elemental_burst,曙光预言,Prophecies of Dawn,atk,向目标方向投掷冰元素满溢的蓄能容器，并用弓箭引爆，造成冰元素范围伤害。,2.1,datamine
10000062,aloy,elemental_skill,冰尘雪野,Frozen Wilds,atk,向目标方向投掷一枚冰尘弹，在命中后引发爆炸，造成冰元素伤害。爆炸后，冰尘弹将分裂成许多冷冻炸弹，在接触到敌人或一段时间后爆炸，造成冰元素伤害。 冰尘弹或冷冻炸弹命中敌人后，会使敌人的攻击力降低，并为埃洛伊赋予1层「线圈」效果。 每0.1秒至多获得1层线圈效果。 线圈 ·依据层数，提高埃洛伊的普通攻击造成的伤害； ·拥有4层线圈时，埃洛伊清除所有的线圈效果，并获得「冰驰」，进一步提高普通攻击造成的伤害，并将普通攻击造成的伤害转为冰元素伤害。 处于冰驰状态下时，埃洛伊无法获得线圈效果。 线圈效果会在脱离战斗30秒后清除。,2.1,datamine
10000062,aloy,normal_attack,快速射击,Rapid Fire,atk,普通攻击 进行至多四段的连续弓箭射击。 重击 进行伤害更高、更为精准的瞄准射击。 瞄准时，冰霜散发的寒气会凭附在箭矢上。聚满了寒气的箭矢会造成冰元素伤害。 下落攻击 从空中射出箭雨，并迅速下坠冲击地面，在落地时造成范围伤害。,2.1,datamine
10000062,aloy,passive_1,战斗覆盖,Combat Override,,埃洛伊获得冰尘雪野的线圈效果时，埃洛伊的攻击力提升16%，队伍中附近的其他角色的攻击力提升8%，持续10秒。,2.1,datamine
10000062,aloy,passive_2,强力攻击,Strong Strike,,埃洛伊处于冰尘雪野的冰驰状态下时，每1秒提升3.5%冰元素伤害加成，通过这种方式至多获得35%冰元素伤害加成。,2.1,datamine
10000062,aloy,passive_3,荒野猎手,Easy Does It,,埃洛伊在队伍中时，队伍中自己的角色接近产出禽肉、兽肉与冷鲜肉的小动物时，不会轻易惊动它们。,2.1,datamine
10000063,shenhe,elemental_burst,神女遣灵真诀,Divine Maiden's Deliverance,atk,解放「箓灵」的力量，驱使其驰骋世间，造成冰元素范围伤害。 「箓灵」将结成领域，使其中敌人的冰元素抗性与物理抗性降低，并持续对其中的敌人造成冰元素伤害。,2.4,datamine
10000063,shenhe,elemental_skill,仰灵威召将役咒,Spring Spirit Summoning,atk,凝叠银之霜露，摒退一切邪魔。 为队伍中附近的所有角色施加「冰翎」效果，并依据点按、长按，以不同的方式造成冰元素伤害。 点按 与「箓灵」一同向前突进，对路径上的敌人造成冰元素伤害。 长按 律令「箓灵」，造成冰元素范围伤害。 冰翎 普通攻击、重击、下落攻击、元素战技和元素爆发伤害对敌人造成冰元素伤害时，基于申鹤自己当前的攻击力，提高造成的伤害。 「冰翎」效果会在持续时间结束或生效一定次数后消失。长按施加的「冰翎」相比点按，拥有更长的持续时间与更多的生效次数。 一次冰元素伤害同时命中多名敌人时，会依据命中敌人的数量消耗生效次数；队伍中具有「冰翎」的角色，其生效次数单独计算。,2.4,datamine
10000063,shenhe,normal_attack,踏辰摄斗,Dawnstar Piercer,atk,普通攻击 进行至多五段的连续枪击。 重击 消耗一定体力，向前方突进，对路径上的敌人造成伤害。 下落攻击 从空中下坠冲击地面，攻击下落路径上的敌人，并在落地时造成范围伤害。,2.4,datamine
10000063,shenhe,passive_1,大洞弥罗尊法,Deific Embrace,,处于神女遣灵真诀的领域中的当前场上角色，冰元素伤害加成提高15%。,2.4,datamine
10000063,shenhe,passive_2,缚灵通真法印,Spirit Communion Seal,,申鹤施放仰灵威召将役咒后，将使附近的队伍中所有角色获得如下效果： ·点按：元素战技和元素爆发造成的伤害提高15%，持续10秒； ·长按：普通攻击、重击和下落攻击造成的伤害提高15%，持续15秒。,2.4,datamine
10000063,shenhe,passive_3,来复知时,Precise Comings and Goings,,在璃月执行时长为20小时的探索派遣任务时，获得的奖励增加25%。,2.4,datamine
10000064,yun_jin,elemental_burst,破嶂见旌仪,Cliffbreaker's Banner,atk;def,造成岩元素范围伤害，并为附近的队伍中所有角色赋予「飞云旗阵」。 飞云旗阵 对敌人造成普通攻击伤害时，基于云堇自己当前的防御力，提高造成的伤害。 「飞云旗阵」效果会在持续时间结束或生效一定次数后消失。 一次普通攻击同时命中多名敌人时，会依据命中敌人的数量消耗生效次数；队伍中具有「飞云旗阵」的角色，其生效次数单独计算。,2.4,datamine
10000064,yun_jin,elemental_skill,旋云开相,Opening Flourish,hp;def,云先生的武戏架势，是真能御敌的。 点按 以拨云之势旋舞长枪，造成岩元素伤害。 长按 摆出旋云开相之架势蓄力，形成护盾，伤害吸收量受益于云堇的生命值上限，对所有元素伤害与物理伤害有150%的吸收效果。护盾持续至元素战技施放完毕。 松开技能、持续时间结束时，或护盾被破坏时，会挥舞长枪释放积攒的力量进行攻击，造成岩元素伤害。 依据蓄力的时间，释放时的状态将分为一段蓄力与二段蓄力。,2.4,datamine
10000064,yun_jin,normal_attack,拂云出手,Cloud-Grazing Strike,atk,普通攻击 进行至多五段的连续枪击。 重击 消耗一定体力，向前方突进，对路径上的敌人造成伤害。 下落攻击 从空中下坠冲击地面，攻击下落路径上的敌人，并在落地时造成范围伤害。,2.4,datamine
10000064,yun_jin,passive_1,务守本真,True to Oneself,,在被攻击瞬间施放的旋云开相，会以长按二段蓄力的形式施放。,2.4,datamine
10000064,yun_jin,passive_2,莫从恒蹊,Breaking Conventions,,「飞云旗阵」提供的普通攻击伤害提高，当队伍中存在1/2/3/4种元素类型的角色时，数值上进一步追加云堇防御力的2.5%/5%/7.5%/11.5%。,2.4,datamine
10000064,yun_jin,passive_3,清食养性,Light Nourishment,,完美烹饪冒险类食物时，有12%概率获得2倍产出。,2.4,datamine
10000065,kuki_shinobu,elemental_burst,御咏鸣神刈山祭,Gyoei Narukami Kariyama Rite,hp,将退邪之刃刺入地面，在前方创造清净邪物的结界，基于久岐忍的生命值上限，对其中的敌人持续造成雷元素伤害。 施放时，若久岐忍的生命值低于或等于50%，结界的持续时间将会延长。,2.7,datamine
10000065,kuki_shinobu,elemental_skill,越祓雷草之轮,Sanctifying Ring,atk;hp,编结越祓草轮，消耗一部分生命值，对周围的敌人造成雷元素伤害。 越祓草轮 将跟随当前场上角色。每1.5秒，对周围的敌人造成雷元素伤害，并为范围内的当前场上角色恢复生命值，回复量受益于久岐忍的生命值上限。 施放该技能所消耗的生命值，至多使久岐忍的生命值降低至20%。,2.7,datamine
10000065,kuki_shinobu,normal_attack,忍流飞刃斩,Shinobu's Shadowsword,atk,普通攻击 进行至多四段的连续剑击。 重击 消耗一定体力，瞬间向前方挥出两剑。 下落攻击 从空中下坠冲击地面，攻击下落路径上的敌人，并在落地时造成范围伤害。,2.7,datamine
10000065,kuki_shinobu,passive_1,破笼之志,Breaking Free,,久岐忍的生命值不高于50%时，治疗加成提升15%。,2.7,datamine
10000065,kuki_shinobu,passive_2,安心之所,Heart's Repose,,基于久岐忍的元素精通，越祓雷草之轮获得以下提升： ·治疗量提升值：元素精通的75%； ·伤害提升值：元素精通的25%。,2.7,datamine
10000065,kuki_shinobu,passive_3,久时的祝祷,Protracted Prayers,,在稻妻执行时长为20小时的探索派遣任务时，获得的奖励增加25%。,2.7,datamine
10000066,kamisato_ayato,elemental_burst,神里流·水囿,Kamisato Art: Suiyuu,atk,展开清净之园囿，熄灭其中一切嚣闹。 存在期间，其中会持续降下水花剑，攻击范围内的敌人，造成水元素伤害，并提高其中的角色的普通攻击伤害。,2.6,datamine
10000066,kamisato_ayato,elemental_skill,神里流·镜花,Kamisato Art: Kyouka,atk;hp,神里绫人垫步移动并进入「泷廻鉴花」状态。 移动后，神里绫人原本的位置上将产生「水影」。水影完全形成后，将在附近存在敌人或持续时间结束时破裂，造成水元素范围伤害。 泷廻鉴花 在此状态下，神里绫人将使用瞬水剑进行迅速的攻击，将普通攻击造成的伤害转为无法被附魔覆盖的水元素范围伤害。 此外，具有如下效果： ·瞬水剑攻击命中敌人后，将为神里绫人赋予「浪闪」效果，基于神里绫人自己当前的生命值上限，提升瞬水剑造成的伤害。浪闪初始至多叠加4层，每0.1秒至多通过瞬水剑攻击获得一层，将在泷廻鉴花状态结束时消失。 ·提高神里绫人的抗打断能力； ·无法施放重击与下落攻击。 泷廻鉴花状态将在神里绫人退场时解除；处于泷廻鉴花状态下时再次施放神里流·镜花，将移除已有的泷廻鉴花状态。,2.6,datamine
10000066,kamisato_ayato,normal_attack,神里流·转,Kamisato Art: Marobashi,atk,普通攻击 进行至多五段的连续剑击。 重击 消耗一定体力，向前冲刺并施展居合。 下落攻击 从空中下坠冲击地面，攻击下落路径上的敌人，并在落地时造成范围伤害。,2.6,datamine
10000066,kamisato_ayato,passive_1,神里流·清泷绕峰,Kamisato Art: Mine Wo Matoishi Kiyotaki,,神里流·镜花具有如下效果： ·施放后，神里绫人会获得2层浪闪效果； ·水影破裂后，神里绫人将获得等同于叠加上限层数的浪闪效果。,2.6,datamine
10000066,kamisato_ayato,passive_2,神里流·破月渐盈,Kamisato Art: Michiyuku Hagetsu,,神里绫人处于队伍后台时，若元素能量低于40点，每1秒为自己恢复2点元素能量。,2.6,datamine
10000066,kamisato_ayato,passive_3,神里流·日常茶饭,Kamisato Art: Daily Cooking,,完美烹饪食物时，有18%概率额外获得一个「奇怪的」品质的同种料理。,2.6,datamine
10000067,collei,elemental_burst,猫猫秘宝,Trump-Card Kitty,atk,请可靠的柯里安巴上阵帮忙。 投掷柯里安巴玩偶，爆发时造成草元素范围伤害，并产生柯里安巴领域。柯里安巴会在领域中不断跃动，造成草元素范围伤害。,3.0,datamine
10000067,collei,elemental_skill,拂花偈叶,Floral Brush,atk,投掷飞叶轮，对触及的目标各造成一次草元素伤害。 飞叶轮将在投掷一定时间后返回，再次造成草元素伤害。,3.0,datamine
10000067,collei,normal_attack,祈颂射艺,Supplicant's Bowmanship,atk,普通攻击 进行至多四段的连续弓箭射击。 重击 进行伤害更高、更为精准的瞄准射击。 瞄准时，草元素会凭附在箭矢上。聚满了草元素的箭矢会造成草元素伤害。 下落攻击 从空中射出箭雨，并迅速下坠冲击地面，在落地时造成范围伤害。,3.0,datamine
10000067,collei,passive_1,飞叶迴斜,Floral Sidewinder,,在飞叶轮返回前，如果队伍中自己的角色触发了燃烧、原激化、超激化、蔓激化、绽放、超绽放、烈绽放或月绽放反应，则会在返回时为角色赋予「新叶」状态，持续对身边的敌人造成相当于柯莱攻击力40%的草元素伤害，持续3秒。 新叶效果持续期间再次产生新叶效果时，将移除原有的效果。新叶效果造成的伤害视为元素战技伤害。,3.0,datamine
10000067,collei,passive_2,徐如旷林,The Languid Wood,,柯里安巴领域中的角色触发燃烧、原激化、超激化、蔓激化、绽放、超绽放、烈绽放或月绽放反应时，将使领域的持续时间延长1秒。 一次猫猫秘宝中，至多通过这种方式延长3次持续时间。,3.0,datamine
10000067,collei,passive_3,「须弥飞行冠军」,Gliding Champion of Sumeru,,队伍中自己的角色滑翔消耗的体力降低20%。 无法与效果完全相同的固有天赋叠加。,3.0,datamine
10000068,dori,elemental_burst,卡萨扎莱宫的无微不至,Alcazarzaray's Exactitude,atk;hp,召唤灯中幽精，为顾客提供形形色色的帮助。 灯中幽精 会与附近的角色相连。与灯中幽精相连的角色将会： ·持续恢复生命值，回复量受益于多莉的生命值上限； ·持续获得元素能量； ·处于雷元素附着状态下。 此外，角色与灯中幽精之间的连接触碰敌人时，将每0.4秒对敌人造成一次雷元素伤害。 同时只能存在一个灯中幽精。,3.0,datamine
10000068,dori,elemental_skill,镇灵之灯·烦恼解决炮,Spirit-Warding Lamp: Troubleshooter Cannon,atk,示意镇灵之灯向敌人发射断除烦恼炮，造成雷元素伤害。 断除烦恼炮命中后，将会产生2枚能自行追踪附近敌人的售后服务弹，造成雷元素伤害。,3.0,datamine
10000068,dori,normal_attack,妙显剑舞·改,Marvelous Sword-Dance (Modified),atk,普通攻击 进行至多三段的连续挥砍。 重击 持续消耗体力，旋转大剑攻击周围的敌人。 停止旋转时，会进行一次格外有力的挥砍。 下落攻击 从空中下坠冲击地面，攻击下落路径上的敌人，并在落地时造成范围伤害。,3.0,datamine
10000068,dori,passive_1,披沙沥金,An Eye for Gold,,与灯中幽精相连的角色在触发感电、月感电、超导、星超导、超载、原激化、超激化、超绽放、雷元素扩散或雷元素结晶反应后，镇灵之灯·烦恼解决炮的冷却时间缩短1秒。 该效果每3秒至多触发一次。,3.0,datamine
10000068,dori,passive_2,利上加利,Compound Interest,,镇灵之灯·烦恼解决炮的断除烦恼炮或售后服务弹命中敌人时，基于多莉的元素充能效率，每100%为多莉恢复5点元素能量。 每次施放镇灵之灯·烦恼解决炮只能通过这种方式恢复一次元素能量，并至多恢复15点元素能量。,3.0,datamine
10000068,dori,passive_3,意外订单,Unexpected Order,,合成角色与武器培养素材时，有25%的概率返还部分合成材料。,3.0,datamine
10000069,tighnari,elemental_burst,造生缠藤箭,Fashioner's Tanglevine Shaft,atk,汇聚一切种子的力量，发射6枚能追踪敌人的缠藤箭，造成草元素伤害。 缠藤箭在命中后，将会产生次级缠藤箭，追踪附近的敌人，并在命中时造成草元素伤害。,3.0,datamine
10000069,tighnari,elemental_skill,识果种雷,Vijnana-Phala Mine,atk,提纳里向前投掷识种心雷，造成草元素范围伤害，并产生识蕴领域，神秘的幻象会持续嘲讽其中的敌人，吸引火力。 此外，提纳里将获得「通塞识」效果，使其花筥箭所需的蓄力时间减少2.4秒，该效果将在持续时间结束或提纳里发射3次花筥箭后消失。,3.0,datamine
10000069,tighnari,normal_attack,藏蕴破障,Khanda Barrier-Buster,atk,普通攻击 进行至多四段的连续弓箭射击。 重击 进行伤害更高、更为精准的瞄准射击。 瞄准时，草木的力量会在箭矢上持续积聚，并随攻击发射出去。根据蓄力时间长短，能造成不同的效果： ·一段蓄力：射出附有草元素的箭矢，造成草元素伤害； ·二段蓄力：发射花筥箭，造成草元素伤害。命中后，将产生4枚会自行追踪附近敌人的藏蕴花矢，能够造成草元素伤害。 下落攻击 从空中射出箭雨，并迅速下坠冲击地面，在落地时造成范围伤害。,3.0,datamine
10000069,tighnari,passive_1,眼识殊明,Keen Sight,,提纳里发射花筥箭后，元素精通提升50点，持续4秒。,3.0,datamine
10000069,tighnari,passive_2,诸叶辨通,Scholarly Blade,,提纳里的每点元素精通，都会使其重击与造生缠藤箭造成的伤害提升0.06%。 通过这种方式，至多使上述攻击造成的伤害提升60%。,3.0,datamine
10000069,tighnari,passive_3,闳览博物,Encyclopedic Knowledge,,在小地图上显示周围的须弥区域特产的位置。,3.0,datamine
10000070,nilou,elemental_burst,浮莲舞步·远梦聆泉,Dance of Abzendegi: Distant Dreams、 Listening Spring,hp,进行远梦聆泉之舞，绽开遥水莲华，基于妮露的生命值上限，造成水元素范围伤害，并为命中的敌人施加「永世流沔」状态。 短暂间隔后，处于永世流沔状态下的敌人将受到水元素伤害。,3.1,datamine
10000070,nilou,elemental_skill,七域舞步,Dance of Haftkarsvar,hp,展开「翩转」状态，基于妮露的生命值上限，对身边的敌人造成水元素伤害。 在翩转状态下，妮露在进行普通攻击或施放元素战技时，将转为分别进行「剑舞步」与「旋舞步」，造成的伤害转为无法被附魔覆盖、视为元素战技伤害的水元素伤害。 在这种状态下，妮露的第三段舞步将移除翩转状态，并依据第三段舞步的类型分别产生如下效果： ·剑舞步：释放一道水月，对触及的敌人造成水元素伤害，并为妮露赋予祷月状态。在此状态下她进行普通攻击时，将转为进行剑舞步，并在进行最后一击时释放水月； ·旋舞步：施展一道涤空水轮，造成水元素范围伤害，并产生会跟随自己的当前场上角色行动的净天水环，持续为其中的敌人施加潮湿状态。 在翩转或祷月状态下时，妮露无法进行重击；这些状态将会在妮露退场时解除。,3.1,datamine
10000070,nilou,normal_attack,弦月舞步,Dance of Samser,atk,普通攻击 进行至多三段的连续剑击。 重击 消耗一定体力，进行一次旋转斩击。 下落攻击 从空中下坠冲击地面，攻击下落路径上的敌人，并在落地时造成范围伤害。,3.1,datamine
10000070,nilou,passive_1,折旋落英之庭,Court of Dancing Petals,,队伍中所有角色的元素类型均为草元素与水元素，并且至少有一名草元素角色、一名水元素角色时： 妮露完成七域舞步的第三段舞步会为附近的所有角色赋予持续30秒的「金杯的丰馈」状态。 处于金杯的丰馈状态下的角色受到草元素攻击会使附近的所有角色元素精通提升100点，持续10秒；此外，触发绽放或月绽放反应时，将取代草原核产生「丰穰之核」。 相比草原核，丰穰之核在产生后将迅速迸发，并且具有更大的影响范围。 丰穰之核无法触发超绽放与烈绽放反应，与草原核共享数量上限。丰穰之核的攻击视为绽放反应的草原核的攻击。 当队伍中角色的元素类型不满足本突破天赋的条件时，将移除已有的金杯的丰馈效果。,3.1,datamine
10000070,nilou,passive_2,翩舞永世之梦,Dreamy Dance of Aeons,,基于妮露生命值上限超过30000的部分，每1000点生命值上限将使处于「金杯的丰馈」状态下的角色触发的丰穰之核造成的伤害提升9%。 通过这种方式至多使丰穰之核造成的伤害提升400%。,3.1,datamine
10000070,nilou,passive_3,白玉莲盏,White Jade Lotus,,完美烹饪冒险类食物时，有12%概率获得2倍产出。,3.1,datamine
10000071,cyno,elemental_burst,圣仪·煟煌随狼行,Sacred Rite: Wolf's Swiftness,atk,唤请神灵凭依，化身「启途誓使」。 启途誓使 将赛诺的普通攻击、重击与下落攻击造成的伤害转为无法被附魔覆盖的雷元素伤害； ·赛诺的元素精通提升，抗打断能力提高，并免疫感电反应造成的伤害。 效果将在赛诺退场时解除，至多持续18秒。,3.1,datamine
10000071,cyno,elemental_skill,秘仪·律渊渡魂,Secret Rite: Chasmic Soulfarer,atk,疾速突进，对路径上的敌人造成雷元素伤害。 当赛诺处于元素爆发「圣仪·煟煌随狼行」的启途誓使状态下时，将转而施展冥祭，释放惊雷的力量，造成雷元素范围伤害，并延长启途誓使状态的持续时间。,3.1,datamine
10000071,cyno,normal_attack,七圣枪术,Invoker's Spear,atk,普通攻击 进行至多四段的连续枪击。 重击 消耗一定体力，向前方突进，对路径上的敌人造成伤害。 下落攻击 从空中下坠冲击地面，攻击下落路径上的敌人，并在落地时造成范围伤害。,3.1,datamine
10000071,cyno,passive_1,落羽的裁择,Featherfall Judgment,,在圣仪·煟煌随狼行的启途誓使状态下时，赛诺将间歇性处于「末途真眼」状态下。在该状态期间施放秘仪·律渊渡魂时，将触发「裁定」效果，使此次秘仪·律渊渡魂造成的伤害提升35%，并向前方发射3道渡荒之雷，造成等同于赛诺攻击力100%的雷元素伤害。 渡荒之雷造成的伤害视为元素战技伤害。,3.1,datamine
10000071,cyno,passive_2,九弓的执命,Authority Over the Nine Bows,,基于赛诺的元素精通，提高自身以下攻击造成的伤害值： ·启途誓使状态下的普通攻击：元素精通的150%； ·突破天赋「落羽的裁择」的渡荒之雷：元素精通的250%。,3.1,datamine
10000071,cyno,passive_3,缄默的惠赐,The Gift of Silence,,在须弥执行时长为20小时的探索派遣任务时，获得的奖励增加25%。,3.1,datamine
10000072,candace,elemental_burst,圣仪·灰鸰衒潮,Sacred Rite: Wagtail's Tide,hp,高举武器，召请神佑，基于坎蒂丝的生命值上限，造成水元素范围伤害，并持续为当前场上自己的角色赋予「赤冕祝祷」状态。 赤冕祝祷 具有如下特性： ·角色的普通攻击对敌人造成元素伤害时，提高造成的伤害； ·角色登场时，会发动水波冲击，对周围的敌人造成水元素伤害。该效果在持续时间内触发的次数有限； ·处于这种状态下的单手剑、双手剑、长柄武器角色会获得水元素附魔。,3.1,datamine
10000072,candace,elemental_skill,圣仪·苍鹭庇卫,Sacred Rite: Heron's Sanctum,hp,坎蒂丝的战斗风格，是能抵御洪水一般的军势的。 点按 以盾牌进行冲击，向前方造成水元素伤害。 长按 举起盾牌抵挡周围敌人的攻击，形成护盾，伤害吸收量受益于坎蒂丝的生命值上限，并且对水元素伤害有250%的吸收效果。护盾持续至元素战技施放完毕。 长按一段时间后，坎蒂丝将完成蓄力，并在松开技能、持续时间结束，或护盾被破坏时，进行跳跃攻击，对前方的敌人造成水元素伤害。,3.1,datamine
10000072,candace,normal_attack,流耀枪术·守势,Gleaming Spear - Guardian Stance,atk,普通攻击 进行至多四段的连续枪击。 重击 消耗一定体力，向前方突进，对路径上的敌人造成伤害。 下落攻击 从空中下坠冲击地面，攻击下落路径上的敌人，并在落地时造成范围伤害。,3.1,datamine
10000072,candace,passive_1,流羽交护,Aegis of Crossed Arrows,,若坎蒂丝在圣仪·苍鹭庇卫长按期间受到攻击，会立即完成蓄力。,3.1,datamine
10000072,candace,passive_2,漫沙陨穹,Celestial Dome of Sand,,处于圣仪·灰鸰衒潮的赤冕祝祷状态下的角色，普通攻击对敌人造成元素伤害时，坎蒂丝每1000点生命值上限会使这次伤害提高0.5%。,3.1,datamine
10000072,candace,passive_3,向拂晓的初光,To Dawn's First Light,,队伍中自己的角色攀爬消耗的体力降低20%。 无法与效果完全相同的固有天赋叠加。,3.1,datamine
10000073,nahida,elemental_burst,心景幻成,Illusory Heart,atk,将梦想的殿堂具现，展开「摩耶之殿」领域。 领域展开时，队伍中若存在以下元素类型的角色，将分别产生对应的效果： ·火元素：当纳西妲处于摩耶之殿当中时，提升元素战技「所闻遍计」的灭净三业造成的伤害； ·雷元素：当纳西妲处于摩耶之殿当中时，降低元素战技「所闻遍计」的灭净三业触发的间隔时间； ·水元素：延长摩耶之殿的持续时间。 展开领域时，若上述元素类型的角色数量有至少2名，产生的对应效果将进一步增强。 纳西妲即使处于队伍后台，只要该队伍处于摩耶之殿当中，依旧能获得上述效果的提升。,3.2,datamine
10000073,nahida,elemental_skill,所闻遍计,All Schemes to Know,atk;em,在身边施以草木之业缚，造成草元素范围伤害，并对命中的至多8名敌人施加蕴种印。 长按时将以不同的方式施放。 长按 进入瞄准状态，以选定一定范围内一定数量的敌人，并在该状态下提高纳西妲的抗打断能力。 长按结束时，对选定的敌人造成草元素伤害，并为其施加蕴种印。 瞄准状态至多持续5秒，至多选定8名敌人。 蕴种印 处于蕴种印状态下的敌人将在一定距离内互相连结。 对处于蕴种印状态下的敌人触发元素反应，以及在该敌人受到草原核（包含烈绽放、超绽放）造成的伤害后，纳西妲将基于攻击力与元素精通，对该敌人及其所处连结中的所有敌人释放灭净三业，造成草元素伤害。 短时间内至多触发一次灭净三业。,3.2,datamine
10000073,nahida,normal_attack,行相,Akara,atk,普通攻击 对前方进行至多四段的攻击，造成草元素伤害。 重击 消耗一定体力，短暂咏唱后，对前方区域造成草元素范围伤害。 下落攻击 凝聚草元素的力量，从空中下坠冲击地面，攻击下落路径上的敌人，并在落地时造成草元素范围伤害。,3.2,datamine
10000073,nahida,passive_1,净善摄受明论,Compassion Illuminated,,施放心景幻成时，摩耶之殿将获得以下效果： 依据队伍中元素精通最高的角色的元素精通数值的25%，提高领域内当前场上角色的元素精通。 通过这种方式，至多提升250点元素精通。,3.2,datamine
10000073,nahida,passive_2,慧明缘觉智论,Awakening Elucidated,,基于纳西妲元素精通超过200点的部分，每1点元素精通能使所闻遍计的灭净三业造成的伤害提升0.1%，暴击率提升0.03%。 通过这种方式，至多使灭净三业造成的伤害提升80%，暴击率提升24%。,3.2,datamine
10000073,nahida,passive_3,诸相随念净行,On All Things Meditated,,纳西妲能够通过所闻遍计，与一定范围内的部分采集物进行交互。 或许还有其他的效果…,3.2,datamine
10000074,layla,elemental_burst,星流摇床之梦,Dream of the Star-Stream Shaker,hp,释放帮助入眠的饰梦天球，持续发射星光弹攻击领域内的敌人，造成冰元素伤害。 星光弹命中后，将为附近的安眠帷幕护盾产生1枚晚星。每个安眠帷幕护盾每0.5秒至多通过这种方式获得1枚晚星。,3.2,datamine
10000074,layla,elemental_skill,垂裳端凝之夜,Nights of Formal Focus,atk;hp,展开安眠帷幕护盾，并造成冰元素范围伤害。 安眠帷幕护盾的伤害吸收量受益于莱依拉的生命值上限，并对冰元素伤害有250%的吸收效果。展开护盾时，为莱依拉施加短暂的冰元素附着。 晚星与飞星 安眠帷幕护盾在持续期间内，将每1.5秒产生1枚依附其上的晚星；处于该护盾庇护下的角色施放元素战技时，也将产生2枚晚星，每0.3秒至多通过这种方式产生一次晚星，至多同时拥有4枚晚星。 安眠帷幕护盾的晚星达到4枚后，若附近存在敌人，晚星将转化为自行索敌的飞星依次发射，对命中的敌人造成冰元素伤害。 安眠帷幕护盾持续时间结束或被破坏时，晚星将会一同消失。若已经转换为飞星开始发射，飞星将继续存在直至这一轮发射完毕。 一轮飞星全部发射完成之前无法产生新的晚星。,3.2,datamine
10000074,layla,normal_attack,熠辉轨度剑,Sword of the Radiant Path,atk,普通攻击 进行至多三段的连续剑击。 重击 消耗一定体力，瞬间向前方挥出两剑。 下落攻击 从空中下坠冲击地面，攻击下落路径上的敌人，并在落地时造成范围伤害。,3.2,datamine
10000074,layla,passive_1,如光骤现,Like Nascent Light,,安眠帷幕护盾在存在期间，每获得一枚晚星时，将产生深眠效果： ·处于安眠帷幕护盾庇护下的角色，护盾强效提升6%； ·该效果至多叠加4次，持续直到安眠帷幕护盾消失。,3.2,datamine
10000074,layla,passive_2,勿扰沉眠,Sweet Slumber Undisturbed,,垂裳端凝之夜发射的飞星造成的伤害提高，提高值相当于莱依拉生命值上限的1.5%。,3.2,datamine
10000074,layla,passive_3,叠影的梦兆,Shadowy Dream-Signs,,合成角色天赋素材时，有10%概率获得2倍产出。,3.2,datamine
10000075,wanderer,elemental_burst,狂言·式乐五番,Kyougen: Five Ceremonial Plays,atk,将大气压缩，化变为粉碎一切烦恼的空洞，造成多次风元素范围伤害。 处于元素战技「羽画·风姿华歌」的优风倾姿状态下时，将在施放后结束优风倾姿状态。,3.3,datamine
10000075,wanderer,elemental_skill,羽画·风姿华歌,Hanega: Song of the Wind,atk,凝聚大气的力量，借此摆脱大地的桎梏。对周围造成风元素伤害并跃升至空中，进入「优风倾姿」状态。 优风倾姿 流浪者在这种状态下，无法进行下落攻击，进行普通攻击与重击时，将转为进行空居·不生断与空居·刀风界，造成的伤害与影响范围提高，伤害分别视为普通攻击伤害与重击伤害。进行空居·刀风界将不消耗体力。 流浪者在这种状态下将持续悬浮在空中。此时，流浪者的行动具有如下特性： ·将持续消耗「空居力」，维持悬浮状态； ·进行冲刺时，将额外消耗空居力在空中加速；长按冲刺时，将持续消耗空居力以维持快速移动。该效果将替代冲刺； ·进行跳跃时，将额外消耗空居力抬升悬浮高度；长按跳跃时，将持续消耗空居力以持续抬升高度。 空居力耗竭后将结束该状态。 在优风倾姿持续期间再次施放将结束该状态。,3.3,datamine
10000075,wanderer,normal_attack,行幡鸣弦,Yuuban Meigen,atk,普通攻击 释放风刃，进行至多三段的攻击，造成风元素伤害。 重击 消耗一定体力，短暂咏唱后，在前方凝聚高压气场，造成风元素范围伤害。 下落攻击 凝聚风元素的力量，从空中下坠冲击地面，攻击下落路径上的敌人，并在落地时造成风元素范围伤害。,3.3,datamine
10000075,wanderer,passive_1,拾玉得花,Jade-Claimed Flower,,施放羽画·风姿华歌时，若接触了水元素/火元素/冰元素/雷元素，则会依据触及的元素，在此次优风倾姿状态下获得对应的强化效果： ·水元素：空居力上限提升20点； ·火元素：攻击力提升30%； ·冰元素：暴击率提升20%； ·雷元素：普通攻击与重击命中敌人后，恢复0.8点元素能量，每0.2秒至多通过上述方式恢复一次元素能量。 同时至多获得2种元素对应的强化效果。,3.3,datamine
10000075,wanderer,passive_2,梦迹一风,Gales of Reverie,,在优风倾姿状态下，流浪者的空居·不生断或空居·刀风界命中敌人时，有16%几率获得「倾落」效果：流浪者在本次优风倾姿的状态下进行空中加速时，将移除倾落效果，使此次空中加速不消耗空居力，并发射4枚风矢，分别造成35%攻击力的风元素伤害。 空居·不生断与空居·刀风界未产生倾落效果时，会使下次产生概率提升12%；0.1秒内至多判定1次是否产生倾落效果。,3.3,datamine
10000075,wanderer,passive_3,廻色云弦,Strum the Swirling Winds,,突破弓与法器时，消耗的摩拉数量减少50%。,3.3,datamine
10000076,faruzan,elemental_burst,抟风秘道,The Wind's Secret Ways,atk,珐露珊迅速部署「赫耀多方面体」，释放一次「烈风波」，并造成风元素范围伤害。 存在期间内，赫耀多方面体将持续以三角形路径移动，每次移动到三角形路径的顶点时，赫耀多方面体都将释放一次烈风波。 烈风波 ·烈风波释放时，将对周围的敌人施加「诡风之祸」效果：降低敌人的风元素抗性； ·烈风波释放时，将为附近的队伍中所有角色施加「祈风之赐」效果：获得风元素伤害加成。,3.3,datamine
10000076,faruzan,elemental_skill,非想风天,Wind Realm of Nasamjnin,atk,珐露珊部署多方面体，对附近的敌人造成风元素范围伤害，并获得「疾风示现」效果。 处于「疾风示现」状态下时，珐露珊下一次蓄力完毕的瞄准射击将消耗本次「疾风示现」效果，转为发射附带高压涡流的「飓烈箭」，基于「普通攻击·迴身箭术」的满蓄力瞄准射击伤害，造成风元素伤害。 风压坍陷 飓烈箭将为命中的敌人或角色施加「风压坍陷」效果。该效果将在短暂延迟后移除，产生风涡造成风元素范围伤害，并牵引附近的物体与敌人；若未命中敌人或角色，则将在命中的位置施加「风压坍陷」效果。 风涡造成的伤害视为元素战技伤害。,3.3,datamine
10000076,faruzan,normal_attack,迴身箭术,Parthian Shot,atk,普通攻击 进行至多四段的连续弓箭射击。 重击 进行伤害更高、更为精准的瞄准射击。 瞄准时，强风会在箭矢上持续积聚。聚满了强风之力的箭矢会造成风元素伤害。 下落攻击 从空中射出箭雨，并迅速下坠冲击地面，攻击下落路径上的敌人，在落地时造成范围伤害。,3.3,datamine
10000076,faruzan,passive_1,迅捷流风,Impetuous Flow,,珐露珊处于非想风天的「疾风示现」状态下时，瞄准射击所需的蓄力时间减少60%；并能对「风压坍陷」效果产生的风涡命中的敌人施加抟风秘道的「诡风之祸」效果。,3.3,datamine
10000076,faruzan,passive_2,七窟遗智,Lost Wisdom of the Seven Caverns,,处于抟风秘道的「祈风之赐」效果下的角色的普通攻击、重击、下落攻击、元素战技或元素爆发对敌人造成风元素伤害时，会产生烈风护持效果：基于珐露珊基础攻击力的32%，提高造成的伤害。每0.8秒至多产生一次烈风护持效果，该效果将在「祈风之赐」持续时间结束或生效1次后消失。,3.3,datamine
10000076,faruzan,passive_3,千书曜迹,Tomes Light the Path,,在须弥执行时长为20小时的探索派遣任务时，获得的奖励增加25%。,3.3,datamine
10000077,yaoyao,elemental_burst,玉颗珊珊月中落,Moonjade Descent,atk;hp,依照某位仙人的嘱咐，在紧急情况下，解放月桂的全部潜能，对周围的敌人造成草元素伤害，并进入（某种意义上）所向披靡的「桂子仙机」状态。 桂子仙机 ·产生的白玉萝卜将转为依据本技能详细属性造成伤害与治疗，炸裂时将为队伍中附近的所有角色恢复生命值，造成的草元素伤害转而视为元素爆发伤害； ·周期性召唤「月桂·弹跳型」，直到数量达到上限。月桂·弹跳型与元素战技「云台团团降芦菔」召唤的月桂·抛掷型行为方式相同。同时至多存在3个月桂·弹跳型； ·瑶瑶的移动速度提升15%； ·瑶瑶获得草元素抗性提升。 桂子仙机状态将在退场时结束。桂子仙机状态结束时，将移除剩余的月桂·弹跳型。,3.4,datamine
10000077,yaoyao,elemental_skill,云台团团降芦菔,Raphanus Sky Cluster,atk;hp,请某位仙人特制的机关「月桂·抛掷型」上阵，帮助瑶瑶解决烦恼。 长按时将以不同的方式施放。 长按 进入瞄准状态，调整投掷方向。 月桂·抛掷型 会投掷白玉萝卜，白玉萝卜会在命中角色或敌人时炸裂，对一定范围内的敌人造成草元素伤害，并为其中的角色恢复生命值，回复量受益于瑶瑶的生命值上限；若未命中敌人或角色，白玉萝卜将会留在命中的位置，并在触及角色或敌人时，或持续时间结束时炸裂。 月桂·抛掷型会依据附近的情况，选择投掷白玉萝卜的目标： ·附近的角色如果生命值均高于70%，会向附近的一名敌人投掷； ·附近如果存在生命值低于或等于70%的角色，则会向附近场上生命值百分比最低的角色投掷。若附近不存在敌人，在角色的生命值均高于70%、低于100%时，也会向角色投掷；否则会向周围随意投掷。 同时至多存在2个月桂·抛掷型。,3.4,datamine
10000077,yaoyao,normal_attack,颠扑连环枪,Toss 'N' Turn Spear,atk,普通攻击 进行至多四段的连续枪击。 重击 消耗一定体力，向前方突进，对路径上的敌人造成伤害。 下落攻击 从空中下坠冲击地面，攻击下落路径上的敌人，并在落地时造成范围伤害。,3.4,datamine
10000077,yaoyao,passive_1,天星漫散,Starscatter,,处于玉颗珊珊月中落的桂子仙机状态下时，当瑶瑶进行冲刺、跳跃或处于奔跑状态下时，将不断向附近的敌人投掷白玉萝卜。每0.6秒至多通过这种方式投掷1枚白玉萝卜。,3.4,datamine
10000077,yaoyao,passive_2,推己及人,In Others' Shoes,,白玉萝卜炸裂时，处在其影响范围内的当前场上角色将每1秒恢复一次生命值，回复量基于瑶瑶生命值上限的0.8%，持续5秒。,3.4,datamine
10000077,yaoyao,passive_3,踮脚·蹑影轻踪,Tailing on Tiptoes,,瑶瑶在队伍中时，队伍中自己的角色接近晶蝶等部分生物时，不会惊动它们。 有效对象可参考图鉴中「生物志 / 野生动物」的「其他」分类。,3.4,datamine
10000078,alhaitham,elemental_burst,殊境·显象缚结,Particular Field: Fetters of Phenomena,atk;em,创造殊相缚境，造成多次草元素范围伤害。 施放时，若持有琢光镜，将消耗所有的琢光镜，增加造成伤害的次数。 施放完成2秒后，若施放时消耗了0/1/2/3个琢光镜，则将为艾尔海森产生3/2/1/0个琢光镜。,3.4,datamine
10000078,alhaitham,elemental_skill,共相·理式摹写,Universality: An Elaboration on Form,atk;em,迅速突进，在突进结束时对身边的敌人造成草元素伤害，并凝聚「琢光镜」。 长按时将以不同的方式施放。 长按 进入瞄准状态，以调整突进的方向。 琢光镜 施放时，艾尔海森将产生1枚琢光镜；若此时未持有任何琢光镜，则额外产生1枚。琢光镜具有如下效果： ·持有琢光镜时，艾尔海森的普通攻击、重击与下落攻击将转为无法被附魔覆盖的草元素伤害； ·上述攻击命中敌人时，琢光镜将进行光幕攻击，造成基于琢光镜数量的草元素范围伤害； ·至多持有3枚琢光镜； ·琢光镜将随着时间流逝逐枚消失，并将在艾尔海森退场时全部消失。,3.4,datamine
10000078,alhaitham,normal_attack,溯因反绎法,Abductive Reasoning,atk,普通攻击 进行至多五段的连续剑击。 重击 消耗一定体力，瞬间向前方挥出两剑。 下落攻击 从空中下坠冲击地面，攻击下落路径上的敌人，并在落地时造成范围伤害。,3.4,datamine
10000078,alhaitham,passive_1,四因订顽,Four-Causal Correction,,艾尔海森的重击或下落攻击命中敌人时，将产生一枚琢光镜。该效果每12秒至多触发一次。,3.4,datamine
10000078,alhaitham,passive_2,谜林道破,Mysteries Laid Bare,,艾尔海森的每点元素精通，都会使光幕伤害与殊境·显象缚结造成的伤害提升0.1%。 通过这种方式，至多使光幕伤害与殊境·显象缚结造成的伤害提升100%。,3.4,datamine
10000078,alhaitham,passive_3,超定归约律,Law of Reductive Overdetermination,,合成武器突破素材时，有10%概率获得2倍产出。,3.4,datamine
10000079,dehya,elemental_burst,炎啸狮子咬,Leonine Bite,atk;hp,释放炙热的怒火，放弃不便的大剑，进入「炽炎狮子」状态，提升抗打断能力。 在这种状态下，迪希雅将自动连续挥舞炽鬃拳，基于攻击力与生命值上限造成火元素伤害，并在持续时间结束时，进行焚落踢，基于攻击力与生命值上限造成火元素范围伤害。 施放时，如果场上存在迪希雅自己的元素战技「熔铁流狱」的「净焰剑狱」领域，迪希雅会将其收回，并在炽炎狮子状态结束时在新的位置重新产生，重新产生时将继承被收回时的持续时间。 在这种状态下，迪希雅无法施放元素战技，无法进行普通攻击、重击与下落攻击。「普通攻击·拂金剑斗术」与元素战技「熔铁流狱」将被替换为「炎咆连打」。 炎咆连打 施展炽鬃拳后的0.4秒内施放炎咆连打，将提升下一次炽鬃拳施展的速度。,3.5,datamine
10000079,dehya,elemental_skill,熔铁流狱,Molten Inferno,atk;hp,迪希雅依据战局状况，施展不同的自创战斗技艺。 净焰昂藏 当前场上不存在迪希雅自己的「净焰剑狱」时施展。 造成火元素范围伤害，并产生净焰剑狱领域。 剑域炽焰 当前场上存在迪希雅自己的净焰剑狱时施展。 进行腾跃攻击，造成火元素范围伤害，并在新的位置重新产生净焰剑狱领域。 通过这种方式重新产生的净焰剑狱领域将继承原本的持续时间。 在1次净焰剑狱领域的持续时间内，只能施展1次剑域炽焰。 净焰剑狱 领域中的敌人受到伤害时，净焰剑狱将进行协同攻击，基于迪希雅的攻击力与生命值上限，对其造成火元素范围伤害。该效果每2.5秒至多触发一次。 提升领域中当前场上角色的抗打断能力，并在这些角色受到伤害时，消解部分伤害，将其转入「赤鬃之血」，由迪希雅在10秒内承担。赤鬃之血储存的伤害值达到或超过迪希雅生命值上限的一定比例时，将不再消解伤害。 同时只能存在1个由迪希雅自己创造的净焰剑狱。,3.5,datamine
10000079,dehya,normal_attack,拂金剑斗术,Sandstorm Assault,atk,普通攻击 结合双手剑与体术，进行至多四段的连续攻击。 重击 持续消耗体力，快速进行连续的斩击。 重击结束时，会进行一次格外有力的挥砍。 下落攻击 从空中下坠冲击地面，攻击下落路径上的敌人，并在落地时造成范围伤害。,3.5,datamine
10000079,dehya,passive_1,不吝佑助,Unstinting Succor,,迪希雅通过熔铁流狱·剑域炽焰或炎啸狮子咬回收净焰剑狱后的6秒内，迪希雅承担来自赤鬃之血的伤害时，受到的伤害降低60%。该效果每2秒至多触发一次。 此外，迪希雅施放熔铁流狱·净焰昂藏后的9秒内，将为队伍中所有角色赋予「熔金铸躯」状态。处于熔金铸躯状态下的角色处于净焰剑狱领域中时，将获得额外的抗打断能力。每18秒至多产生一次熔金铸躯状态。,3.5,datamine
10000079,dehya,passive_2,崇诚之真,Stalwart and True,,生命值低于40%时，迪希雅将基于生命值上限的20%恢复生命值，并在接下来的10秒内，每2秒基于生命值上限的6%为迪希雅恢复生命值。该效果每20秒至多触发一次。,3.5,datamine
10000079,dehya,passive_3,日照的正途,The Sunlit Way,,在白天（6时至18时），队伍中自己的角色获得迅行效果：移动速度提高10%。 该效果在秘境、征讨领域、深境螺旋中无效，迅行效果无法叠加。,3.5,datamine
10000080,mika,elemental_burst,苍翎的颂愿,Skyfeather Song,hp,从骑士团的诵祷中导引鼓舞伙伴奋勇前行的力量，为队伍中附近的所有角色恢复生命值，回复量受益于米卡的生命值上限，并为其施加鹰翎状态。 鹰翎 处于鹰翎状态下的当前场上角色在普通攻击命中敌人时，米卡将为其恢复生命值，回复量受益于米卡的生命值上限。 处于这种状态下的角色，短时间内至多通过这种方式恢复一次生命值。,3.5,datamine
10000080,mika,elemental_skill,星霜的流旋,Starfrost Swirl,atk,利用手弩攻击敌人，并为队伍中附近的所有角色赋予灵风状态。处于灵风状态下的角色处于场上时，攻击速度将获得提升。 依据点按、长按，以不同的方式产生效果。 点按 快速发射能够穿透敌人的霜流矢，对触及的敌人造成冰元素伤害。 长按 进行瞄准，并对一名瞄准锁定的敌人发射冰星信标，造成冰元素伤害。冰星信标命中后，将升空爆裂，向周围至多3名其他敌人发射冰星破片，造成冰元素伤害。,3.5,datamine
10000080,mika,normal_attack,西风枪术·镝传,Spear of Favonius - Arrow's Passage,atk,普通攻击 结合手弩与长枪，进行至多五段的连击。 重击 消耗一定体力，向前方突进，对路径上的敌人造成伤害。 下落攻击 从空中下坠冲击地面，攻击下落路径上的敌人，并在落地时造成范围伤害。,3.5,datamine
10000080,mika,passive_1,速射牵制,Suppressive Barrage,,在下列情况下，星霜的流旋的灵风状态将获得侦明效果强化，使角色处于场上时，造成的物理伤害提升10%： ·霜流矢命中超过1名敌人时，每额外命中1名敌人就产生1层侦明效果； ·冰星破片命中敌人时，将产生1层侦明效果。每枚冰星破片只能触发1次。 灵风状态的侦明效果至多叠加3层，在持续期间内重复施放星霜的流旋时，将移除原有的灵风状态与其侦明效果。,3.5,datamine
10000080,mika,passive_2,地貌测绘,Topographical Mapping,,同时处于苍翎的颂愿的鹰翎状态与星霜的流旋的灵风状态下的当前场上角色，在攻击造成暴击时，灵风状态将产生1层突破天赋「速射牵制」的侦明效果。在一次灵风状态的持续期间内，通过这种方式至多产生1层侦明效果。 此外，灵风状态下侦明效果叠加层数上限提升1层。 需要解锁突破天赋「速射牵制」。,3.5,datamine
10000080,mika,passive_3,勘界定标,Demarcation,,在小地图上显示周围的蒙德区域特产的位置。,3.5,datamine
10000081,kaveh,elemental_burst,繁绘隅穹,Painted Dome,atk,完全释放「梅赫拉克」的能量，划分立方体状的测绘空间，对空间内的敌人造成草元素范围伤害，使范围内的所有草原核立即迸发，并在一定时间内强化卡维的作战能力： ·提高卡维的普通攻击、重击与下落攻击的攻击范围，并将攻击伤害转为无法被附魔覆盖的草元素伤害； ·队伍中自己的角色触发绽放或月绽放反应产生的草原核，在迸发时造成的伤害提升； ·提高卡维的抗打断能力。 效果将在卡维退场时解除。,3.6,datamine
10000081,kaveh,elemental_skill,画则巧施,Artistic Ingenuity,atk,将「梅赫拉克」的测绘能量转为攻势用途，进行圆状扫描，造成草元素范围伤害，并使扫描范围内的所有草原核立即迸发。,3.6,datamine
10000081,kaveh,normal_attack,旋规设矩,Schematic Setup,atk,普通攻击 驱动「梅赫拉克」，进行至多四段的连续攻击。 重击 持续消耗体力，快速进行连续的斩击。 重击结束时，会进行一次格外有力的挥砍。 下落攻击 从空中下坠冲击地面，攻击下落路径上的敌人，并在落地时造成范围伤害。,3.6,datamine
10000081,kaveh,passive_1,营造者的担当,An Architect's Undertaking,,草原核造成的伤害（包含烈绽放、超绽放）命中卡维时，卡维将恢复生命值，回复量相当于卡维元素精通的300%。该效果每0.5秒至多触发一次。,3.6,datamine
10000081,kaveh,passive_2,工艺家的奇想,A Craftsman's Curious Conceptions,,在繁绘隅穹持续期间，卡维在普通攻击、重击或下落攻击命中敌人后，元素精通将提升25点。该效果每0.1秒至多触发一次，至多叠加4层。 在繁绘隅穹效果结束时，该效果将被移除。,3.6,datamine
10000081,kaveh,passive_3,预算师的技艺,The Art of Budgeting,,制作景观、建筑、庭院类摆设时，有100%概率返还部分材料。,3.6,datamine
10000082,baizhu,elemental_burst,愈气全形论,Holistic Revivification,atk;hp,进入脉摄宣明状态，产生对草元素伤害有250%的吸收效果的无郤气护盾。 在脉摄宣明状态下，每2.5秒将产生新的无郤气护盾。 无郤气护盾在以下情况下，将会为当前场上自己的角色恢复生命值，回复量受益于白术的生命值上限，并释放灵气脉攻击敌人，造成草元素伤害： ·当角色处于无郤气护盾的庇护下时，并产生新的无郤气护盾； ·无郤气护盾的效果结束，或因伤害破碎。,3.6,datamine
10000082,baizhu,elemental_skill,太素诊要,Universal Diagnosis,atk;hp,驱役游丝徵灵，使它在附近的敌人间游弋攻击，造成草元素伤害。 在进行至多3次攻击后，或是在附近不存在敌人的情况下，游丝徵灵将会返回，为队伍中附近的所有角色恢复生命值，回复量受益于白术的生命值上限。,3.6,datamine
10000082,baizhu,normal_attack,金匮针解,The Classics of Acupuncture,atk,普通攻击 对前方进行至多四段的攻击，造成草元素伤害。 重击 消耗一定体力，短暂咏唱后，对前方区域造成草元素范围伤害。 下落攻击 凝聚草元素的力量，从空中下坠冲击地面，攻击下落路径上的敌人，并在落地时造成草元素范围伤害。,3.6,datamine
10000082,baizhu,passive_1,五运终天,Five Fortunes Forever,,依据队伍中自己的当前场上角色的生命值，白术将获得不同的效果： ·生命值低于50%时，白术获得20%治疗加成； ·生命值高于或等于50%时，白术获得25%草元素伤害加成。,3.6,datamine
10000082,baizhu,passive_2,在地为化,All Things Are of the Earth,,受到无郤气护盾治疗的角色，将获得「木运之岁」效果：基于白术生命值上限不超过50000点的部分，每1000点将使该角色触发的燃烧、绽放、超绽放、烈绽放反应造成的伤害提升2%，超激化、蔓激化反应带来的伤害提升提高0.8%，月绽放反应伤害提升0.7%，持续6秒。,3.6,datamine
10000082,baizhu,passive_3,味草之滋,Herbal Nourishment,,白术处于队伍中时，与部分采集物交互能够为队伍中自己的当前场上角色恢复生命值，回复量基于白术生命值上限的2.5%。,3.6,datamine
10000083,lynette,elemental_burst,魔术·运变惊奇,Magic Trick: Astonishing Shift,atk,琳妮特高举斗篷造成风元素范围伤害，用惊人的手法变出巨大的惊奇猫猫盒！ 惊奇猫猫盒 ·能够持续嘲讽周围的敌人，吸引敌人攻击； ·将周期性对附近的敌人造成风元素伤害； ·惊奇猫猫盒接触了水元素/火元素/冰元素/雷元素，则会获得对应元素属性，周期性对附近的敌人追加发射彩练术弹，造成该元素的伤害。 元素转化在技能持续期间仅会发生一次。,4.0,datamine
10000083,lynette,elemental_skill,谜影障身法,Enigmatic Feint,atk;hp,挥舞斗篷，击出谜影突刺，造成风元素伤害。 谜影突刺命中敌人时，将为琳妮特恢复生命值，回复量基于琳妮特的生命值上限，并在此后的4秒内，每秒将消耗一定的生命值。 依据点按、长按，以不同的方式击出谜影突刺。 点按 迅速击出谜影突刺。 长按 琳妮特以「谜身影盗」的姿态疾走，并对附近的敌人施加「刺影征标」。期间可以控制疾走的方向，并能通过再次施放技能，提前结束疾走状态。 疾走结束时，琳妮特将击出谜影突刺。若附近存在具有刺影征标的敌人，琳妮特将在击出谜影突刺前高速闪掠接近该敌人。 同时至多有一名敌人具有琳妮特自身施加的刺影征标。与具有刺影征标的敌人距离过远时，将移除该刺影征标。 始基力：荒性 每隔一段时间，琳妮特击出谜影突刺时，将唤出流涌之刃，造成具有荒性的风元素伤害。,4.0,datamine
10000083,lynette,normal_attack,迅捷礼刺剑,Rapid Ritesword,atk,普通攻击 进行至多四段的连续剑击。 重击 消耗一定体力，瞬间向前方挥出两剑。 下落攻击 从空中下坠冲击地面，攻击下落路径上的敌人，并在落地时造成范围伤害。,4.0,datamine
10000083,lynette,passive_1,巧施协同,Sophisticated Synergy,,施放魔术·运变惊奇后的10秒内，队伍中分别存在1/2/3/4种元素类型的角色时，队伍中所有角色的攻击力分别提升8%/12%/16%/20%。,4.0,datamine
10000083,lynette,passive_2,道具完备,Props Positively Prepped,,魔术·运变惊奇召唤的惊奇猫猫盒发生了元素转化后，琳妮特元素爆发造成的伤害提升15%，效果持续至该惊奇猫猫盒持续时间结束。,4.0,datamine
10000083,lynette,passive_3,点位记忆法,Loci-Based Mnemonics,,在小地图上显示周围复苏水团的位置，并使接触复苏水团时恢复的水中耐力与生命值提升25%。,4.0,datamine
10000084,lyney,elemental_burst,大魔术·灵迹巡游,Wondrous Trick: Miracle Parade,atk,林尼施展魔术，化形为能够快速移动的「怪笑帽帽猫」。（并不是「怪笑猫猫帽」。这是两个不同的演出道具！） 怪笑帽帽猫接近敌人时，会对身边的敌人降下焰火，对每个敌人造成至多一次火元素伤害。持续时间结束时林尼将解除怪笑帽帽猫，引爆华丽的礼花，造成火元素范围伤害，召唤一顶怪笑猫猫帽，并获得一层「隐具余数」。 可以主动解除怪笑帽帽猫。,4.0,datamine
10000084,lyney,elemental_skill,眩惑光戏法,Bewildering Lights,atk,林尼挥动礼帽，引爆惊喜的礼花。 施放时，将清除已有的「隐具余数」，对前方的敌人造成火元素范围伤害。根据清除的层数，提升造成的伤害，并基于林尼的生命值上限为林尼恢复生命值。 场上存在林尼自己创造的怪笑猫猫帽时，礼花将使其猛烈爆炸，造成等同于礼花术弹伤害的火元素范围伤害。 通过这种方式引爆怪笑猫猫帽造成的伤害视为重击伤害。,4.0,datamine
10000084,lyney,normal_attack,迫牌易位式,Card Force Translocation,atk;hp,普通攻击 进行至多四段的连续弓箭射击。 下落攻击 从空中射出箭雨，并迅速下坠冲击地面，在落地时造成范围伤害。 重击 进行伤害更高、更为精准的瞄准射击。 瞄准时，火焰的力量会在箭矢上持续积聚，并随攻击发射出去。根据蓄力时间长短，能造成不同的效果： ·一段蓄力：射出附有火元素的箭矢，造成火元素伤害； ·二段蓄力：发射隐具魔术箭，造成火元素伤害，并在命中后，召唤一顶「怪笑猫猫帽」。 发射隐具魔术箭时，当林尼的生命值高于60%时，林尼将消耗一部分生命值，并获得一层「隐具余数」，该效果至多叠加5层，会在脱离战斗30秒后清除。 通过这种方式，至多使林尼的生命值降低至60%。 怪笑猫猫帽 ·能够嘲讽周围的敌人，吸引敌人攻击。每名敌人每5秒只能被怪笑猫猫帽嘲讽一次； ·耐久度按比例继承林尼的生命值上限； ·被摧毁或持续时间结束时，会对周围的一名敌人发射礼花术弹，造成火元素伤害。 至多同时存在1顶怪笑猫猫帽。 始基力：芒性 每隔一段时间，隐具魔术箭将在命中的位置降下灵息之刺，造成具有芒性的火元素伤害。,4.0,datamine
10000084,lyney,passive_1,惊险演出,Perilous Performance,,如果林尼通过发射隐具魔术箭消耗了生命值，该隐具魔术箭召唤的怪笑猫猫帽命中敌人时会为林尼恢复3点元素能量，并且基于攻击力的80%提高造成的伤害。,4.0,datamine
10000084,lyney,passive_2,完场喝彩,Conclusive Ovation,,林尼对处于火元素影响下的敌人造成的伤害，将以以下方式提升： ·基础提升60%； ·队伍中林尼以外每个元素类型为火元素的角色，提升20%。 通过上述方式，至多使林尼对处于火元素影响下的敌人造成的伤害提升100%。,4.0,datamine
10000084,lyney,passive_3,琐碎观察术,Trivial Observations,,在小地图上显示周围的枫丹区域特产的位置。,4.0,datamine
10000085,freminet,elemental_burst,猎影潜袭,Shadowhunter's Ambush,atk,释放不可触及的寒气，造成冰元素范围伤害，重置元素战技「浮冰增压」的冷却时间，并进入持续10秒的潜猎模式。 处于潜猎模式状态下时，菲米尼的抗打断能力提升，元素战技「浮冰增压」获得如下强化： ·冷却时间缩短70%； ·进行普通攻击时额外提升一阶佩伊刻计的压力阶级，并使普通攻击释放的霜寒造成的伤害为原本的200%。 效果将在菲米尼退场时解除。,4.0,datamine
10000085,freminet,elemental_skill,浮冰增压,Pressurized Floe,atk,进行上挑攻击，造成冰元素伤害，并进入持续10秒的佩伊刻计状态。 处于佩伊刻计状态下时，元素战技将转为高压粉碎。 高压粉碎 依据佩伊刻计的压力阶级进行不同的攻击，并移除佩伊刻计状态： ·零阶时：进行纵斩，造成冰元素伤害； ·一阶至三阶时：进行纵斩并协同佩伊，造成冰元素伤害与物理伤害。伤害依据压力阶级有所不同； ·四阶时：借助充满压力的佩伊的力量，造成物理伤害。此时「普通攻击·洑流剑」将被替换为高压粉碎。 佩伊刻计 菲米尼进行普通攻击时，将同时释放霜寒造成冰元素伤害，并为佩伊刻计提升压力阶级。 同时造成的冰元素伤害视为元素战技伤害。 始基力：芒性 每隔一段时间，进行上挑攻击后，将形成进行挑击的灵息之刺，造成具有芒性的冰元素伤害。,4.0,datamine
10000085,freminet,normal_attack,洑流剑,Flowing Eddies,atk,普通攻击 进行至多四段的连续攻击。 重击 持续消耗体力，旋转大剑攻击周围的敌人。 停止旋转时，会进行一次格外有力的挥砍。 下落攻击 从空中下坠冲击地面，攻击下落路径上的敌人，并在落地时造成范围伤害。,4.0,datamine
10000085,freminet,passive_1,饱和深潜,Saturation Deep Dive,,施放浮冰增压·高压粉碎时，如果佩伊刻计的压力阶级小于四阶，浮冰增压的冷却时间缩短1秒。,4.0,datamine
10000085,freminet,passive_2,并流式冷凝机关,Parallel Condensers,,菲米尼对敌人触发碎冰反应后，会使浮冰增压·高压粉碎造成的伤害提高40%，持续5秒。,4.0,datamine
10000085,freminet,passive_3,深水引航,Deepwater Navigation,,队伍中自己的角色水中耐力消耗降低35%。 无法与效果完全相同的固有天赋叠加。,4.0,datamine
10000086,wriothesley,elemental_burst,黑金狼噬,Darkgold Wolfbite,atk,驱动拳套，打出凝聚寒霜的直拳，持续以冰锥冲击前方区域，造成多次冰元素范围伤害。 始基力：荒性 冰锥冲击结束后，将在敌人的位置降下流涌之刃，造成具有荒性的冰元素伤害。,4.1,datamine
10000086,wriothesley,elemental_skill,冰牙突驰,Icefang Rush,atk;hp,迅速调整呼吸、节奏与步伐，向前短距离冲刺，进入寒烈的惩裁状态，以发起更为猛烈的进攻。 寒烈的惩裁 ·提高莱欧斯利的抗打断能力； ·生命值高于50%时，强化「普通攻击·迅烈倾霜拳」的斥逐拳，使其造成的伤害提升；命中时莱欧斯利将损失一定的生命值，每0.1秒至多因此损失一次生命值； 效果将在莱欧斯利退场时解除。,4.1,datamine
10000086,wriothesley,normal_attack,迅烈倾霜拳,Forceful Fists of Frost,atk,普通攻击 将坚冰凝聚于拳锋，挥出迅猛的斥逐拳，进行至多五段的快速打击，造成冰元素伤害。 此外，施放元素战技「冰牙突驰」或进行冲刺后的一小段时间内，普通攻击连击段数不会重置。 重击 消耗一定体力，腾跃而起，打出凌跃拳，造成冰元素范围伤害。 下落攻击 从空中下坠冲击地面，攻击下落路径上的敌人，并在落地时造成冰元素范围伤害。,4.1,datamine
10000086,wriothesley,passive_1,公理终有辩诉之日,There Shall Be a Plea for Justice,,莱欧斯利的生命值低于60%时，将获得「恩典之诫」，使下次普通攻击·迅烈倾霜拳的重击强化为惩戒·凌跃拳：不消耗体力，造成的伤害提升50%，并在命中后为莱欧斯利恢复生命值，回复量相当于莱欧斯利生命值上限的30%。 每5秒至多通过这种方式获得一次「恩典之诫」效果。,4.1,datamine
10000086,wriothesley,passive_2,罪业终有报偿之时,There Shall Be a Reckoning for Sin,,莱欧斯利的当前生命值提升或降低时，若莱欧斯利处于冰牙突驰的寒烈的惩裁状态下，寒烈的惩裁将获得一层「检偿之敕」效果，该效果至多叠加至5层，每层使莱欧斯利的攻击力提升6%。,4.1,datamine
10000086,wriothesley,passive_3,公爵的恩馈,The Duke's Grace,,合成武器突破素材时，有10%概率获得2倍产出。,4.1,datamine
10000087,neuvillette,elemental_burst,潮水啊，我已归来,O Tides、 I Have Returned,hp,释放迸发的骇浪，基于那维莱特的生命值上限，造成水元素范围伤害，短暂间隔后，在附近降下2道水瀑，造成范围较小的水元素伤害，并在前方一定范围内产生6枚源水之滴。,4.1,datamine
10000087,neuvillette,elemental_skill,泪水啊，我必偿还,O Tears、 I Shall Repay,atk;hp,降下汹涌的水瀑，基于那维莱特的生命值上限，对前方的敌人造成水元素范围伤害，命中敌人后，将在敌人附近产生3枚源水之滴。 始基力：芒性 每隔一段时间，在降下汹涌的水瀑后，将降下穿透敌人的灵息之刺，造成具有芒性的水元素伤害。,4.1,datamine
10000087,neuvillette,normal_attack,如水从平,As Water Seeks Equilibrium,atk;hp,普通攻击 轻挥权杖，驱动浪涛进行至多三段的攻击，造成水元素伤害。 重击蓄力·诉论心证 蓄力时，那维莱特汇聚源水之力，逐渐构成仲裁的徽记。在这种状态下，那维莱特能够进行移动与改变朝向，并吸收一定范围内的源水之滴。 每吸收一枚源水之滴，都会加快徽记形成的速度，并为那维莱特恢复生命值。 停止蓄力时，若徽记尚不完满，将进行重击；若已经完满，则将转为进行重击·衡平推裁。 重击 消耗一定体力，以迸发的水环猛击敌人，造成水元素范围伤害。 重击·衡平推裁 释放汹涌的洪流，对前方直线区域内的敌人持续造成水元素范围伤害。 重击·衡平推裁不消耗体力，持续3秒。 若生命值高于50%，那维莱特在施放时将持续消耗生命值。 下落攻击 凝聚水元素的力量，从空中下坠冲击地面，攻击下落路径上的敌人，并在落地时造成水元素范围伤害。,4.1,datamine
10000087,neuvillette,passive_1,古海孑遗的权柄,Heir to the Ancient Sea's Authority,,队伍中的角色对敌人触发蒸发、冻结、感电、月感电、绽放、月绽放、水元素扩散、水元素结晶或月结晶反应时，将为那维莱特产生持续30秒，至多叠加3层的「遗龙之荣」效果，使重击·衡平推裁造成原本110%/125%/160%的伤害。 每种元素反应产生的「遗龙之荣」分别独立存在。,4.1,datamine
10000087,neuvillette,passive_2,至高仲裁的纪律,Discipline of the Supreme Arbitration,,基于当前生命值超出生命值上限30%的部分，每1%使那维莱特获得0.6%水元素伤害加成，通过这种方式，至多提升30%。,4.1,datamine
10000087,neuvillette,passive_3,汇聚如浪潮一般,Gather Like the Tide,,队伍中自己的角色进行水下冲刺时，移动速度提升15%。 无法与效果完全相同的固有天赋叠加。,4.1,datamine
10000088,charlotte,elemental_burst,定格·全方位确证,Still Photo: Comprehensive Confirmation,atk,以冰霜凝聚《蒸汽鸟报》的招牌，建立「临事场域」，造成冰元素范围伤害，为队伍中附近的所有角色恢复生命值，回复量受益于夏洛蒂的攻击力。 临事场域 ·持续期间，「温亨廷先生」将间歇性攻击其中的敌人，造成冰元素伤害。 ·持续为其中的当前场上角色恢复生命值，回复量受益于夏洛蒂的攻击力。,4.2,datamine
10000088,charlotte,elemental_skill,取景·冰点构图法,Framing: Freezing Point Composition,atk,凝聚王牌记者的锐意，尽情施展摄影技巧，依据点按、长按，以不同的方式产生效果。 点按 以「温亨廷先生」施展利落的抓拍，对前方的敌人造成冰元素范围伤害，并对命中的至多5名敌人施加「瞬时剪影」。持续期间，「瞬时剪影」将间歇性对敌人造成冰元素伤害。 长按 打开「温亨廷先生」的取景框，进入构图状态，取景框将在长按期间逐渐扩张到最大画幅。在这种状态下，夏洛蒂能够进行移动与改变朝向。 长按结束时，「温亨廷先生」将对取景框内锁定的敌人造成冰元素伤害，并为其施加与点按相同的「瞬时剪影」；若在取景框达到最大画幅后施放技能，将转为施加持续时间更长、伤害更高的「聚焦印象」，并使本次技能的冷却时间更长。 构图状态至多持续15秒，至多选定5名敌人。,4.2,datamine
10000088,charlotte,normal_attack,冷色摄影律,Cool-Color Capture,atk,普通攻击 以特制留影机「温亨廷先生」瞄准目标，进行至多三段的攻击，造成冰元素伤害。 重击 消耗一定体力，短暂准备后，部署「温亨廷先生」，造成冰元素范围伤害。 下落攻击 凝聚冰元素的力量，从空中下坠冲击地面，攻击下落路径上的敌人，并在落地时造成冰元素范围伤害。 始基力：芒性 每隔一段时间，夏洛蒂施放重击后，将降下穿透敌人的灵息之刺，造成具有芒性的冰元素范围伤害。,4.2,datamine
10000088,charlotte,passive_1,冲击力瞬间,Moment of Impact,,带有「聚焦印象」印记的敌人被击败时，取景·冰点构图法的冷却时间减少2秒。每12秒至多通过这种方式减少4次元素战技的冷却时间。,4.2,datamine
10000088,charlotte,passive_2,多样性调查,Diversified Investigation,,除夏洛蒂自己以外，队伍中每存在1/2/3位枫丹角色，夏洛蒂自己获得5%/10%/15%治疗加成；队伍中每存在1/2/3位非枫丹的角色，都将使夏洛蒂自己获得5%/10%/15%冰元素伤害加成。,4.2,datamine
10000088,charlotte,passive_3,第一人称快门,First-Person Shutter,,夏洛蒂在启用「特殊分析变焦镜头」后，元素战技「取景·冰点构图法」的长按无法造成原本的效果，转而能以较为特别的方式进行留影…,4.2,datamine
10000089,furina,elemental_burst,万众狂欢,Let the People Rejoice,atk;hp,凝聚狂欢之意，构筑水沫的舞台，基于芙宁娜的生命值上限，造成水元素范围伤害，并使队伍中附近的角色进入「普世欢腾」状态：持续期间，角色的当前生命值提升或降低时，基于提升或降低数值相对于生命值上限的比例，每1%都将使芙宁娜获得1点「气氛值」。 同时，基于芙宁娜持有的「气氛值」，附近的队伍中所有角色造成的伤害提升，受治疗加成提升。 持续时间结束时，芙宁娜持有的「气氛值」将被移除。,4.2,datamine
10000089,furina,elemental_skill,孤心沙龙,Salon Solitaire,hp,邀请孤心沙龙的客人们上阵，为芙宁娜的演出助兴。根据芙宁娜当前的始基力属性，邀请的客人分为「沙龙成员」与「众水的歌者」。 荒性 挥洒欢庆的泡沫，基于芙宁娜的生命值上限，造成水元素范围伤害，并召唤三位「沙龙成员」：球球章鱼形态的「乌瑟勋爵」、泡泡海马形态的「海薇玛夫人」和重甲蟹形态的「谢贝蕾妲小姐」。 「沙龙成员」将间歇性攻击附近的敌人，并优先攻击当前场上角色的目标，基于生命值上限，造成水元素伤害。 「沙龙成员」进行攻击时，根据附近的队伍中生命值高于50%的角色数量，提升此次攻击的威力，并消耗这些角色的生命值：满足条件的角色数量为1/2/3/4名或更多时，攻击造成的伤害为原本的110%/120%/130%/140%。 芒性 召唤「众水的歌者」，每隔一段时间，受益于生命值上限，为周围的当前场上角色恢复生命值。 「沙龙成员」与「众水的歌者」共享持续时间，芙宁娜通过重击更换客人的阵容时，将继承持续时间。 「沙龙成员」或「众水的歌者」存在期间，芙宁娜能够在水面上移动。,4.2,datamine
10000089,furina,normal_attack,独舞之邀,Soloist's Solicitation,atk,普通攻击 进行至多四段的连续攻击。 重击 消耗一定体力，释放独舞的气场，对附近的敌人造成物理伤害，并切换自身的始基力属性。如果场上存在元素战技「孤心沙龙」召唤的「沙龙成员」或「众水的歌者」，「沙龙成员」或「众水的歌者」也会更换为对应的阵容。 始基力：圣俗杂座 每隔一段时间，芙宁娜的普通攻击命中时，将根据芙宁娜当前的始基力属性，在命中的位置降下灵息之刺或流涌之刃，造成具有芒性或荒性的水元素伤害。 芙宁娜登场时，始基力属性为荒性。 下落攻击 从空中下坠冲击地面，攻击下落路径上的敌人，并在落地时造成范围伤害。,4.2,datamine
10000089,furina,passive_1,停不了的圆舞,Endless Waltz,,队伍中当前场上的角色受到治疗时，若这次治疗的来源不是芙宁娜自己并且治疗回复量溢出，在接下来的4秒内，芙宁娜每2秒将为队伍中附近的角色恢复一次生命值，回复量相当于角色各自生命值上限的2%。,4.2,datamine
10000089,furina,passive_2,无人听的自白,Unheard Confession,,每1000点生命值上限都将使处于不同始基力属性下的芙宁娜的孤心沙龙获得相应的增益效果： 「沙龙成员」造成的伤害提升0.7%，通过这种方式至多使「沙龙成员」造成的伤害提升28%； 「众水的歌者」为周围的当前场上角色恢复生命值的间隔降低0.4%，通过这种方式至多使「众水的歌者」为周围的当前场上角色恢复生命值的间隔降低16%。,4.2,datamine
10000089,furina,passive_3,瀚海亦舞台,The Sea Is My Stage,,异色原海异种能力的冷却时间降低30%。,4.2,datamine
10000090,chevreuse,elemental_burst,圆阵掷弹爆轰术,Ring of Bursting Grenades,atk,夏沃蕾以铳枪向敌人投射爆轰榴弹，造成火元素范围伤害。爆轰榴弹命中后，将分裂成许多二重毁伤弹。 二重毁伤弹将在短暂间隔后爆炸，对附近的敌人造成火元素伤害。,4.3,datamine
10000090,chevreuse,elemental_skill,近迫式急促拦射,Short-Range Rapid Interdiction Fire,atk;hp,夏沃蕾将铳枪快速抵肩，射击敌人，造成火元素范围伤害。 夏沃蕾进行射击后的一段时间内，将持续为当前场上自己的角色恢复生命值，回复量受益于夏沃蕾的生命值上限。 长按时将以不同的方式施放。 长按 进入瞄准状态，锁定准星内的一名敌人，进行更为精确的拦截射击；若夏沃蕾拥有「超量装药弹头」，则转为发射「超量装药弹头」，造成范围更大、伤害更高的火元素伤害。 夏沃蕾将在队伍中附近的角色触发超载反应时获得1枚「超量装药弹头」。至多同时持有1枚「超量装药弹头」。 始基力：荒性 每隔一段时间，夏沃蕾的「近迫式急促拦射」命中时，将唤出流涌之刃，造成具有荒性的火元素伤害。,4.3,datamine
10000090,chevreuse,normal_attack,线列枪刺·改,Line Bayonet Thrust EX,atk,普通攻击 进行至多四段的连续枪击。 重击 消耗一定体力，向前方突进，对路径上的敌人造成伤害。 下落攻击 从空中下坠冲击地面，攻击下落路径上的敌人，并在落地时造成范围伤害。,4.3,datamine
10000090,chevreuse,passive_1,尖兵协同战法,Vanguard's Coordinated Tactics,,队伍中所有角色的元素类型均为火元素与雷元素，并且至少有一名火元素角色、一名雷元素角色时： 夏沃蕾将为队伍中附近的角色施加「协同战法」：角色触发超载反应后，受本次反应影响的敌人的火元素与雷元素抗性降低40%，持续6秒。 当队伍中角色的元素类型不满足本突破天赋的条件时，将移除已有的协同战法效果。,4.3,datamine
10000090,chevreuse,passive_2,纵阵武力统筹,Vertical Force Coordination,,夏沃蕾发射近迫式急促拦射的「超量装药弹头」后，基于夏沃蕾的生命值上限，每1000点生命值上限都将使队伍中附近的所有火元素与雷元素角色的攻击力提升1%，持续30秒，至多通过这种方式提升40%攻击力。,4.3,datamine
10000090,chevreuse,passive_3,迅捷行军策略,Double Time March,,队伍中自己的角色冲刺消耗的体力降低20%。 无法与效果完全相同的固有天赋叠加。,4.3,datamine
10000091,navia,elemental_burst,如霰澄天的鸣礼,As the Sunlit Sky's Singing Salute,atk,以刺玫会会长之令，召唤华丽的「金花礼炮」，猛烈炮击前方的敌人，造成岩元素范围伤害，并在接下来的一段时间内持续进行「支援炮击」，间歇性对附近的敌人造成岩元素伤害。 炮击命中敌人时，将为娜维娅积攒1枚「裂晶弹片」，此效果每2.4秒至多触发一次。,4.3,datamine
10000091,navia,elemental_skill,典仪式晶火,Ceremonial Crystalshot,atk,队伍中的角色获取结晶反应产生的晶片或触发月结晶反应时，将为娜维娅积攒1枚「裂晶弹片」，至多积攒6枚「裂晶弹片」，每次触发都会刷新已有的「裂晶弹片」持续时间。通过月结晶反应的方式，每1秒至多为娜维娅积攒1枚「裂晶弹片」。 施放时，娜维娅将消耗所有的「裂晶弹片」，展开优雅而致命的铳柄伞，打出多枚能够穿透敌人的「玫瑰晶弹」，对命中的敌人造成岩元素伤害。 消耗0/1/2/3枚及以上的「裂晶弹片」时，将分别打出5/7/9/11枚「玫瑰晶弹」。命中同一个敌人的「玫瑰晶弹」越多，对这名敌人造成的伤害越高；11枚「玫瑰晶弹」全部命中时，将造成原本200%的伤害。 此外，消耗的「裂晶弹片」超过3枚时，超过3枚的每枚「裂晶弹片」都将使本次射击造成的伤害额外提升15%。 长按 进入瞄准状态，持续获取附近的结晶反应产生的晶片，并在结束长按时打出与点按相同的「玫瑰晶弹」。 初始拥有2次可用次数。 始基力：荒性 每隔一段时间，娜维娅以铳柄伞进行射击时，将唤出流涌之刃，造成具有荒性的岩元素伤害。,4.3,datamine
10000091,navia,normal_attack,直率的辞绝,Blunt Refusal,atk,普通攻击 进行至多四段的连续挥砍。 重击 持续消耗体力，旋转大剑攻击周围的敌人。 停止旋转时，会进行一次格外有力的挥砍。 下落攻击 从空中下坠冲击地面，攻击下落路径上的敌人，并在落地时造成范围伤害。,4.3,datamine
10000091,navia,passive_1,不明流通渠道,Undisclosed Distribution Channels,,施放典仪式晶火后的4秒内，娜维娅的普通攻击、重击与下落攻击造成的伤害转为无法被附魔覆盖的岩元素伤害，且娜维娅的普通攻击、重击与下落攻击造成的伤害提升40%。,4.3,datamine
10000091,navia,passive_2,互助关系网,Mutual Assistance Network,,队伍中每存在一位火元素/雷元素/冰元素/水元素角色，娜维娅的攻击力提升20%，此效果至多叠加2层。,4.3,datamine
10000091,navia,passive_3,流程细致的交易,Painstaking Transaction,,在枫丹执行时长为20小时的探索派遣任务时，获得的奖励增加25%。,4.3,datamine
10000092,gaming,elemental_burst,璨焰金猊舞,Suanni's Gilded Dance,atk;hp,嘉明进入舞兽态势，为嘉明施加短暂的火元素附着，恢复一定的生命值，并召唤可靠的伙伴猊兽·文仔砸击目标，造成火元素范围伤害。 猊兽·文仔完成砸击后将向附近滚落，随后向嘉明的位置移动，成功与嘉明会合时，猊兽·文仔将退场，并刷新嘉明的元素战技「瑞兽登高楼」的冷却时间。 舞兽态势持续期间，提高嘉明的抗打断能力，下落攻击·踏云献瑞落地时，或瑞兽登高楼的向前扑击结束时，若嘉明的生命值高于50%，将再次唤出猊兽·文仔。 场上至多同时存在一位嘉明自己的猊兽·文仔。 效果将在嘉明退场时解除。,4.4,datamine
10000092,gaming,elemental_skill,瑞兽登高楼,Bestial Ascent,atk;hp,以舞兽之法向前扑击，接触目标或地形后高高腾跃至空中。 嘉明因元素战技·瑞兽登高楼而升空后，若立即进行下落攻击，则会施展格外强劲的下落攻击·踏云献瑞。 下落攻击·踏云献瑞 通过元素战技·瑞兽登高楼施放的下落攻击，造成的伤害将转化为无法被附魔覆盖的火元素伤害，并在落地时使嘉明消耗一定的生命值，至多通过这种方式使嘉明的生命值降低至10%。 踏云献瑞造成的伤害视为下落攻击伤害。,4.4,datamine
10000092,gaming,normal_attack,刃爪悬星,Stellar Rend,atk,普通攻击 进行至多四段的连续攻击。 重击 持续消耗体力，旋转大剑攻击周围的敌人。 停止旋转时，会进行一次格外有力的挥砍。 下落攻击 从空中下坠冲击地面，攻击下落路径上的敌人，并在落地时造成范围伤害。,4.4,datamine
10000092,gaming,passive_1,舞起升平,Dance of Amity,,瑞兽登高楼的下落攻击·踏云献瑞命中敌人后，嘉明每0.2秒恢复一次生命值，回复量基于嘉明生命值上限的1.5%，持续0.8秒。,4.4,datamine
10000092,gaming,passive_2,祥烟瑞气,Air of Prosperity,,嘉明的生命值低于50%时，获得20%受治疗加成。嘉明的生命值高于或等于50%时，下落攻击·踏云献瑞造成的伤害提升20%。,4.4,datamine
10000092,gaming,passive_3,醒兽锐行,The Striding Beast,,在白天（6时至18时），队伍中自己的角色获得迅行效果：移动速度提高10%。 该效果在秘境、征讨领域、深境螺旋中无效，迅行效果无法叠加。,4.4,datamine
10000093,xianyun,elemental_burst,暮集竹星,Stars Gather at Dusk,atk,轻唤仙风，造成风元素范围伤害，为队伍中附近的所有角色恢复生命值，回复量受益于闲云的攻击力，并召唤机关「竹星」。 竹星 ·持续跟随当前场上的角色，并间歇性为队伍中附近的所有角色恢复生命值，回复量受益于闲云的攻击力； ·初始拥有8层仙力助推。拥有仙力助推时，将提升队伍中附近的当前场上角色的跳跃高度。 ·当前场上角色完成下落攻击时，竹星将消耗一层仙力助推，造成风元素范围伤害。 场上至多存在一个竹星。,4.4,datamine
10000093,xianyun,elemental_skill,朝起鹤云,White Clouds at Dawn,atk,闲云进入鹤云幻化状态，不会承受坠落伤害，并施放一次步天梯。 在此状态下，闲云的下落攻击将转化为闲云冲击波，造成风元素范围伤害，并结束鹤云幻化状态。该伤害视为下落攻击伤害。 此状态下每次施放步天梯，都将提升下一次闲云冲击波的伤害和范围。 步天梯 可以在空中施放。闲云向前方跳跃，并对路径上的目标造成风元素伤害。 一次鹤云幻化状态下最多施放3次步天梯，且只能对同一名敌人造成一次步天梯伤害。 若短时间内没有施放步天梯，鹤云幻化状态将解除。 若鹤云幻化状态期间没有释放闲云冲击波，朝起鹤云的冷却时间将减少3秒。,4.4,datamine
10000093,xianyun,normal_attack,清风散花词,Word of Wind and Flower,atk,普通攻击 旋卷清风，进行至多四段的攻击，造成风元素伤害。 重击 消耗一定体力，挥出一枚直线飞掠的清风之环，对路径上的敌人造成风元素伤害。 下落攻击 凝聚风元素的力量，从空中下坠冲击地面，攻击下落路径上的敌人，并在落地时造成风元素范围伤害。,4.4,datamine
10000093,xianyun,passive_1,霜翎高逐祥风势,Galefeather Pursuit,,朝起鹤云的闲云冲击波每命中一个敌人，都将为队伍中附近的所有角色产生一层持续20秒，至多叠加4层的「风翎」效果，使角色的下落攻击的暴击率提升4%/6%/8%/10%。 每次命中敌人产生的「风翎」的持续时间独立计算。,4.4,datamine
10000093,xianyun,passive_2,细想应是洞中仙,Consider、 the Adeptus in Her Realm,,暮集竹星的竹星拥有仙力助推时，附近的当前场上角色的下落攻击坠地冲击造成的伤害提升，提升值相当于闲云的攻击力的200%。通过这种方式，至多使附近的当前场上角色的下落攻击坠地冲击伤害提升9000。 一次下落攻击坠地冲击伤害中，只会对一名敌人造成上述伤害提升效果，每个角色每0.4秒至多触发一次。,4.4,datamine
10000093,xianyun,passive_3,身形如鹤,Crane Form,,队伍中自己的角色滑翔时移动速度提高15%。 无法与效果完全相同的固有天赋叠加。,4.4,datamine
10000094,chiori,elemental_burst,二刀之形·比翼,Hiyoku: Twin Blades,atk;def,双刀出鞘，以利落裁衣之势挥出凌厉的一斩，基于千织的攻击力和防御力，造成岩元素范围伤害。,4.5,datamine
10000094,chiori,elemental_skill,羽袖一触,Fluttering Hasode,atk;def,以绸缎飘舞之姿迅捷突进，突进结束时，在身边唤出自动制御人形「袖」，并挥出上挑攻击，基于千织的攻击力和防御力，对附近的敌人造成岩元素范围伤害。 长按时将以不同的方式施放。 长按 进入瞄准状态，以调整突进的方向。 袖 ·间歇性对附近的敌人发动斩切，基于千织的攻击力和防御力，造成岩元素范围伤害； ·存在期间，如果附近存在岩元素创造物，或有岩元素创造物被创造，将在当前场上自己的角色身边额外唤出一名袖。通过这种方式至多唤出一名袖，存在时间独立计算。,4.5,datamine
10000094,chiori,normal_attack,心织刀流,Weaving Blade,atk,普通攻击 进行至多四段的连续剑击。 重击 消耗一定体力，瞬间向前方挥出两剑。 下落攻击 从空中下坠冲击地面，攻击下落路径上的敌人，并在落地时造成范围伤害。,4.5,datamine
10000094,chiori,passive_1,量体裁衣,Tailor-Made,,施放羽袖一触的上挑攻击后的短暂时间内，依据不同的后续操作，产生不同的效果：点按元素战技将触发「织锦」；点按普通攻击则触发「裁锦」。 织锦 ·切换角色，使队伍中下一名自己的角色登场； ·为队伍中所有自己的角色施加「当意即妙」：队伍中自己的当前场上角色的普通攻击、重击和下落攻击命中附近的敌人时，袖将进行协同攻击，在敌人的位置造成相当于羽袖一触的上挑攻击伤害100%的岩元素范围伤害，通过这种方式造成的伤害视为元素战技伤害； ·「当意即妙」持续8秒，每2秒至多触发一次袖的协同攻击，一次「当意即妙」持续期间，至多触发2次协同攻击。 裁锦 ·千织获得岩元素附魔，持续5秒。 千织在场上时，如果施放羽袖一触的上挑攻击后的短暂时间内没有再次点按元素战技或点按普通攻击，将触发后续效果「裁锦」。,4.5,datamine
10000094,chiori,passive_2,锦上添花,The Finishing Touch,,队伍中附近的角色创造岩元素创造物时，千织获得20%岩元素伤害加成，持续20秒。,4.5,datamine
10000094,chiori,passive_3,衣香襟影,Brocaded Collar's Beauteous Silhouette,,队伍中任意自己的角色装备了默认衣装以外的衣装，或初始之翼以外的风之翼时，队伍中自己的角色获得迅行效果：移动速度提升10%。 该效果在秘境、征讨领域、深境螺旋中无效，迅行效果无法叠加。,4.5,datamine
10000095,sigewinne,elemental_burst,过饱和心意注射,Super Saturated Syringing,hp,取出梅洛彼得堡特制的注射器，以满满的心意与药剂冲击前方区域，基于希格雯的生命值上限，持续造成水元素范围伤害。 此外，施放时，希格雯将吸收附近一定范围内至多2枚源水之滴。,4.7,datamine
10000095,sigewinne,elemental_skill,弹跳水疗法,Rebound Hydrotherapy,hp,使用梅洛彼得堡特制的泡泡枪，吹出既可以刺激血液循环、也可以让病人安心入睡的激愈水球。 激愈水球将在附近的敌人间弹跳，命中敌人时基于希格雯的生命值上限，造成水元素伤害；弹跳时，为队伍中附近除希格雯自己外的所有角色恢复生命值，回复量受益于希格雯自己的生命值上限。 进行5次弹跳后，激愈水球将消失，并基于希格雯的生命值上限为她恢复生命值。 没有敌人时，激愈水球将在附近进行弹跳。至多同时存在一个希格雯自己创造的激愈水球。 长按时，能蓄力施放激愈水球。 长按 进行瞄准蓄力，吹出更大更厉害的激愈水球！ 激愈水球将随长按时间变大，至多变大二级，每级将使造成的伤害提升5%，回复量提升5%；弹跳后将变小一个等级，直到恢复为正常的激愈水球。 较弱的敌人被较大的激愈水球命中后会被禁锢，无法行动。 此外，施放时将在希格雯附近产生2枚源水之滴。每拾取一枚源水之滴，都会为希格雯自己赋予生命值上限10%的生命之契。 希格雯的生命之契被清除时，每清除2000点生命之契将为她恢复1点元素能量，至多通过这种方式为希格雯自己恢复5点元素能量。 始基力：荒性 每隔一段时间，激愈水球将在命中的位置降下流涌之刃，基于希格雯的生命值上限，造成具有荒性的水元素伤害。,4.7,datamine
10000095,sigewinne,normal_attack,靶向治疗,Targeted Treatment,atk,普通攻击 进行至多三段的连续攻击。 重击 进行伤害更高、更为精准的瞄准射击。 瞄准时，水元素之力会在箭矢上持续积聚。蓄力完成后，每隔一段时间，希格雯会向目标方向发射缓慢移动的「小小关心气泡」，造成水元素伤害。释放时，聚满了激流的箭矢会在命中敌人时造成水元素伤害。 下落攻击 从空中射出箭雨，并迅速下坠冲击地面，在落地时造成范围伤害。,4.7,datamine
10000095,sigewinne,passive_1,应有适当的休憩,Requires Appropriate Rest,,施放弹跳水疗法时，希格雯将为自己施加持续18秒的「半强制静养」效果：持续期间，希格雯获得8%水元素伤害加成与10层静养计数，除希格雯外附近队伍中处于后台的角色的元素战技造成伤害时，将消耗1层静养计数，提升此次元素战技造成的伤害值：希格雯的生命值上限超过30000的部分，每1000点生命值上限将提升80点伤害，通过这种方式，至多使本次元素战技造成的伤害提升2800点。,4.7,datamine
10000095,sigewinne,passive_2,细致入微的诊疗,Detailed Diagnosis、 Thorough Treatment,,希格雯进行治疗时，将基于队伍中所有角色当前生命之契的总和，提升本次治疗量：每1000点生命之契都将提升3%治疗量，至多通过这种方式提升30%治疗量。,4.7,datamine
10000095,sigewinne,passive_3,急性剂量,Emergency Dose,,在水下时，当前场上自己的角色的生命值降低至50%以下时，将在2.5秒内为其持续恢复生命值，总回复量相当于其生命值上限的50%，并在10秒内使该角色的所有元素抗性和物理抗性下降10%。该效果每20秒最多触发一次。,4.7,datamine
10000096,arlecchino,elemental_burst,厄月将升,Balemoon Rising,atk,阿蕾奇诺振舞厄月血火之翼，回收并清除周围的血偿勒令，造成火元素范围伤害，并在此后清除元素战技「万相化灰」的冷却时间及为自己恢复生命值，回复量基于她的生命之契数值与攻击力。,4.6,datamine
10000096,arlecchino,elemental_skill,万相化灰,All Is Ash,atk,遣令厄月血火，对附近的多名敌人造成火元素伤害，并对其中一名敌人突进切斩，造成火元素范围伤害。 上述攻击命中敌人时将对其施加血偿勒令。 血偿勒令 ·血偿勒令持续30秒，每5秒，血偿勒令将对敌人造成一次火元素伤害，至多造成2次伤害。该伤害视为元素战技伤害； ·阿蕾奇诺进行重击或施放元素爆发「厄月将升」时，将回收并清除周围的血偿勒令，每回收一枚血偿勒令，将为她赋予生命值上限65%的生命之契； ·施放元素战技后的35秒内，至多通过血偿勒令为阿蕾奇诺赋予生命值上限145%的生命之契。持续期间再次施放元素战技将重新计算持续时间与血偿勒令能赋予的生命之契上限。,4.6,datamine
10000096,arlecchino,normal_attack,斩首之邀,Invitation to a Beheading,atk,普通攻击 进行至多六段的连续枪击。 重击 消耗一定体力，向附近的敌人突进，并进行一次挥斩。 持续长按时，阿蕾奇诺将以消耗体力为代价，进行至多持续5秒的快速移动。 下落攻击 从空中下坠冲击地面，攻击下落路径上的敌人，并在落地时造成范围伤害。 红死之宴 阿蕾奇诺具有的生命之契大于或等于生命值上限的30%时，将进入红死之宴状态：普通攻击、重击与下落攻击造成的伤害将转为无法被附魔覆盖的火元素伤害。 红死之宴状态下，阿蕾奇诺的普通攻击命中敌人时，将提升本次攻击造成的伤害，提升值相当于阿蕾奇诺的攻击力乘以当前生命之契百分比的一定比例，并消耗当前7.5%的生命之契，每0.03秒至多因此消耗一次生命之契；通过这种方式消耗生命之契时，会使元素战技「万相化灰」的冷却缩短0.8秒。,4.6,datamine
10000096,arlecchino,passive_1,唯苦痛可偿还,Agony Alone May Be Repaid,,血偿勒令具有如下性质： ·具有阿蕾奇诺自己施加的血偿勒令的敌人被击败时，将为她赋予生命值上限130%的生命之契； ·在施加的5秒后，会升级为血偿勒令·结，在回收时转而为阿蕾奇诺提供130%生命之契。 上述方式赋予生命之契时，赋予的生命之契数值上限无法超过万相化灰原本的限制。,4.6,datamine
10000096,arlecchino,passive_2,唯力量可守护,Strength Alone Can Defend,,基于阿蕾奇诺的攻击力超过1000的部分，每100点攻击力都将使阿蕾奇诺获得1%所有元素抗性与物理抗性。通过这种方式，阿蕾奇诺的所有元素抗性与物理抗性至多提升20%。,4.6,datamine
10000096,arlecchino,passive_3,唯厄月可知晓,The Balemoon Alone May Know,,在战斗状态下，阿蕾奇诺获得40%火元素伤害加成，并且仅能通过厄月将升恢复生命值。,4.6,datamine
10000097,sethos,elemental_burst,秘仪·瞑光贯影,Secret Rite: Twilight Shadowpiercer,em,施展秘仪，进入「寂想瞑影」状态，在此期间，赛索斯的普通攻击将转为发射能穿透敌人的瞑弦矢：对路径上的敌人造成雷元素伤害，并基于赛索斯的元素精通，提升其造成的伤害。 持续期间，赛索斯无法进行瞄准射击。 瞑弦矢造成的伤害视为重击伤害。 效果将在赛索斯退场时解除。,4.7,datamine
10000097,sethos,elemental_skill,古仪·鸣砂掣雷,Ancient Rite: The Thundering Sands,atk,凝集轰雷，造成雷元素范围伤害并快速后退。如果此次攻击对敌人触发了感电、月感电、超导、星超导、超载、原激化、超激化、超绽放或雷元素扩散反应，赛索斯将恢复一定的元素能量。,4.7,datamine
10000097,sethos,normal_attack,王家苇箭术,Royal Reed Archery,atk;em,普通攻击 进行至多三段的连续弓箭射击。 重击 进行伤害更高、更为精准的瞄准射击。 瞄准时，雷霆的力量会在箭矢上持续积聚，并随攻击发射出去。根据蓄力时间长短，能造成不同的效果： ·一段蓄力：射出附有雷元素的箭矢，造成雷元素伤害； ·二段蓄力：发射能穿透敌人的贯影箭，对路径上的敌人造成雷元素伤害。贯影箭完成蓄力后，赛索斯将无法进行移动。 下落攻击 从空中射出箭雨，并迅速下坠冲击地面，在落地时造成范围伤害。,4.7,datamine
10000097,sethos,passive_1,黑鸢的密喻,Black Kite's Enigma,,瞄准射击时，赛索斯每1点当前元素能量都将使蓄力时间减少0.285秒，通过这种方式，至多使蓄力时间降低至0.3秒并计入20点元素能量；发射时，若发射的是贯影箭，将消耗计入的元素能量；如果发射的是一段蓄力的箭矢，则消耗计入元素能量的50%。,4.7,datamine
10000097,sethos,passive_2,砂王的赐礼,The Sand King's Boon,,赛索斯获得「热砂炫影」效果，使贯影箭造成的伤害值提升，提升值相当于赛索斯的元素精通的700%。 热砂炫影期间满足以下任意条件时效果将被移除： ·贯影箭首次命中敌人5秒后； ·4枚贯影箭命中敌人后。 热砂炫影效果下的贯影箭首次命中敌人15秒后将重新获得热砂炫影效果。,4.7,datamine
10000097,sethos,passive_3,猿月的显迹,Thoth's Revelation,,在小地图上显示周围的须弥区域特产的位置。,4.7,datamine
10000098,clorinde,elemental_burst,残光将终,Last Lightfall,atk;hp,基于生命值上限为自己赋予生命之契，随后以剑枪齐奏的技艺闪身截击，造成雷元素范围伤害。,4.7,datamine
10000098,clorinde,elemental_skill,狩夜之巡,Hunter's Vigil,atk;hp,预装铳枪，进入剑枪结合作战的「夜巡」状态。在此状态下，克洛琳德的普通攻击将转为进行铳枪射击「驰猎」，造成的伤害将转为无法被附魔覆盖的雷元素伤害，并且无法进行重击；施放元素战技将转为进行「贯夜」：进行突进剑击，造成雷元素伤害。上述方式造成的伤害视为普通攻击造成的伤害。 驰猎 ·生命之契大于或等于生命值上限的100%时：进行铳枪射击； ·生命之契小于生命值上限的100%时：发射铳枪时基于克洛琳德的生命值上限赋予她一定的生命之契，打出能穿透敌人的弹药，对路径上的敌人造成更高的伤害。 贯夜 根据克洛琳德当前生命之契的百分比，决定此次贯夜的效果： ·生命之契为0%时，将进行突进剑击； ·生命之契小于生命值上限的100%时，将为克洛琳德恢复生命值，回复量基于她的生命之契数值，并提升此次贯夜的范围与造成的伤害； ·生命之契大于或等于生命值上限的100%时，将进行贯夜·契令，为克洛琳德恢复更高比例的生命值，并进一步提升此次贯夜的攻击范围与造成的伤害。 此外，克洛琳德处于夜巡状态下时，贯夜以外的治疗效果将不会生效，并转为为她赋予相当于生命值回复量一定比例的生命之契。 「夜巡」状态将在克洛琳德退场时解除。 始基力：荒性 每隔一段时间，克洛琳德的驰猎命中时，将在命中的位置降下流涌之刃，造成具有荒性的雷元素伤害。,4.7,datamine
10000098,clorinde,normal_attack,逐影之誓,Oath of Hunting Shadows,atk,普通攻击 进行至多五段的连续剑击。 重击 消耗一定体力，以铳枪打出扇面压制射击。 下落攻击 从空中下坠冲击地面，攻击下落路径上的敌人，并在落地时造成范围伤害。,4.7,datamine
10000098,clorinde,passive_1,破夜的明焰,Dark-Shattering Flame,,队伍中附近的角色对敌人触发雷元素相关反应后，将基于克洛琳德攻击力的20%，提升克洛琳德的普通攻击与残光将终造成的雷元素伤害。此效果持续15秒，至多叠加3层，每层独立计时。通过这种方式至多使克洛琳德的上述攻击造成的伤害提升1800。,4.7,datamine
10000098,clorinde,passive_2,契令的酬偿,Lawful Remuneration,,如果克洛琳德的生命之契大于或等于生命值上限的100%，生命之契的数值提升或降低时，克洛琳德的暴击率提升10%，此效果持续15秒，至多叠加2层，每层独立计时。 此外，狩夜之巡的夜巡状态获得强化：持续期间，治疗回复量转化为生命之契的比例提升至100%。,4.7,datamine
10000098,clorinde,passive_3,夜巡之获,Night Vigil's Harvest,,在小地图上显示周围的枫丹区域特产的位置。,4.7,datamine
10000099,emilie,elemental_burst,香氛演绎,Aromatic Explication,atk,引导匣中萃集的香氛，将其化作纯粹的草元素之力，创造柔灯之匣·三阶，并收存已有的柔灯之匣。 存在期间内，柔灯之匣·三阶不会萃集附近的香韵，而是会持续降下香露，攻击范围内的敌人，造成草元素伤害。持续期间，每0.3秒将会降下一枚香露，且每名敌人每0.7秒只能被选为一次目标。 持续时间结束时，将重新创造柔灯之匣·一阶；若施放香氛演绎时收存了柔灯之匣，则改为放置已收存的柔灯之匣，并重置其持续时间。 香氛演绎持续期间，元素战技「撷萃调香」不会生成柔灯之匣。,4.8,datamine
10000099,emilie,elemental_skill,撷萃调香,Fragrance Extraction,atk,创造柔灯之匣，造成草元素范围伤害。 柔灯之匣 ·间歇性对附近的敌人发射「纯露芳息」，造成草元素伤害； ·附近的敌人处于燃烧状态下时，将间歇性产生「香韵」，每2秒至多通过这种方式产生一枚香韵。柔灯之匣会萃集附近的香韵，萃集两枚香韵后，其品阶将会提升，发射纯露芳息时，将额外发射一枚纯露芳息，且提高上述攻击的攻击范围与造成的伤害。 ·同时至多存在一个艾梅莉埃自己创造的柔灯之匣。柔灯之匣创造时的初始品阶为一阶，至多提升至二阶。处于场上时，若8秒内未萃集香韵，则柔灯之匣的品阶将会回到一阶。 始基力：芒性 每隔一段时间，艾梅莉埃通过这种方式创造柔灯之匣后，将在前方降下穿透敌人的灵息之刺，造成具有芒性的草元素伤害。,4.8,datamine
10000099,emilie,normal_attack,逐影枪术·改,Shadow-Hunting Spear (Custom),atk,普通攻击 进行至多四段的连续枪击。 重击 消耗一定体力，进行向上的挑斩攻击。 下落攻击 从空中下坠冲击地面，攻击下落路径上的敌人，并在落地时造成范围伤害。,4.8,datamine
10000099,emilie,passive_1,余薰,Lingering Fragrance,,每萃集两枚香韵，柔灯之匣·二阶将消耗香韵，并浸析出「清露香氛」，对敌人造成相当于艾梅莉埃攻击力600%的草元素范围伤害。该伤害不被视为元素战技伤害。,4.8,datamine
10000099,emilie,passive_2,精馏,Rectification,,基于艾梅莉埃的攻击力，提升艾梅莉埃对处于燃烧状态下的敌人造成的伤害：每1000点攻击力都将提升15%伤害，至多通过这种方式提升36%伤害。,4.8,datamine
10000099,emilie,passive_3,顶空集香,Headspace Capture,,场上存在艾梅莉埃自己创造的柔灯之匣时，队伍中附近的所有角色对燃烧伤害的火元素抗性提升85%。,4.8,datamine
10000100,kachina,elemental_burst,现在，认真时间！,Time to Get Serious!,def,冲击大地，基于卡齐娜的防御力造成岩元素范围伤害，并产生超级钻钻领域。 超级钻钻领域能提升冲天转转的攻击范围与搭乘冲天转转时的移动速度。 施放时，若场上存在卡齐娜自己的冲天转转，则将其召唤至身边。,5.0,datamine
10000100,kachina,elemental_skill,出击，冲天转转！,Go、 Go Turbo Twirly!,def,和超可靠的冲天转转一同战斗！ 召唤「冲天转转」；长按施放时，卡齐娜将召唤并搭乘冲天转转。 施放后，卡齐娜将获得60点夜魂值并进入夜魂加持状态。 夜魂加持·卡齐娜 冲天转转的各种行为将消耗夜魂值。 夜魂值耗尽时卡齐娜的夜魂加持将会结束。 冲天转转 能够独立存在，或是由卡齐娜搭乘操控。冲天转转存在时，卡齐娜的元素战技「出击，冲天转转！」将替换为搭乘或脱离冲天转转。 ·冲天转转独立存在时，将间歇性冲击地面，基于卡齐娜的防御力，造成具有夜魂性质的岩元素范围伤害； ·卡齐娜搭乘冲天转转时，能操控冲天转转快速移动、攀爬，并在进行普通攻击时冲击地面，基于卡齐娜的防御力，造成具有夜魂性质的岩元素范围伤害。 冲天转转将在卡齐娜的夜魂加持结束时消失，被视为岩元素创造物；同时只能存在一个卡齐娜自己的冲天转转。,5.0,datamine
10000100,kachina,normal_attack,嵴之啮咬,Cragbiter,atk,普通攻击 进行至多四段的连续枪击。 重击 消耗一定体力，向前方突进，对路径上的敌人造成伤害。 下落攻击 从空中下坠冲击地面，攻击下落路径上的敌人，并在落地时造成范围伤害。,5.0,datamine
10000100,kachina,passive_1,山的回声,Mountain Echoes,,队伍中的附近的角色触发「夜魂迸发」后，卡齐娜的岩元素伤害加成提升20%，持续12秒。,5.0,datamine
10000100,kachina,passive_2,坚岩之重,The Weight of Stone,,冲天转转造成的伤害提升，提升值相当于卡齐娜的防御力的20%。,5.0,datamine
10000100,kachina,passive_3,夜域赐礼·团结炉心,Night Realm's Gift: Heart of Unity,,在夜魂值耗竭后，卡齐娜将会转而消耗燃素来维持夜魂加持。 在纳塔存在燃素机制的区域时，能够进行夜魂传递·卡齐娜。当前场上角色处于冲刺、攀爬或是特定天赋赋予的移动状态下，或是位于一定高度的空中时，切换卡齐娜登场时触发：卡齐娜将进入夜魂加持状态，搭乘冲天转转登场，并获得30点夜魂值。自己的队伍每10秒能触发一次夜魂传递。 此外，位于纳塔地区时，卡齐娜搭乘冲天转转时攀爬消耗的体力降低90%。,5.0,datamine
10000100,kachina,passive_4,晶焰之祝,Boon of Crystal Flame,,在纳塔存在燃素机制的区域时，与部分采集物交互能恢复20点体力。此外，在小地图上显示周围的纳塔区域特产的位置。,5.0,datamine
10000101,kinich,elemental_burst,向伟大圣龙致意,Hail to the Almighty Dragonlord,atk,（有限度、有条件、有节制地，依照契约，部分、暂时）解放「圣龙阿乔」的力量，造成具有夜魂性质的草元素范围伤害。圣龙阿乔将在持续期间周期性释放龙息，造成具有夜魂性质的草元素范围伤害。 施放时，若基尼奇处于夜魂加持状态下，此次夜魂加持的持续时间延长1.7秒。,5.0,datamine
10000101,kinich,elemental_skill,悬猎·游骋高狩,Canopy Hunter: Riding High,atk,以狩猎巨兽的心得，快速移动或对敌人发起攻击。 若身边存在敌人或能被攻击的物件，会将钩索链接在目标上，以0点夜魂值进入夜魂加持状态；否则，会向前方发射钩索进行空中摆荡，并使冷却时间缩短60%； 能够长按施放。长按时，能够瞄准以决定发射钩索的方向。 夜魂加持·基尼奇 基尼奇的夜魂加持状态持续10秒，每秒将产生2点夜魂值。 在夜魂加持状态下，基尼奇会以钩索链接身边的敌人，并据此改变攻击方式： ·进行普通攻击时依据当前移动的方向，以链接的目标为中心，进行环绕射击，造成具有夜魂性质的草元素伤害，并产生3点夜魂值。环绕射击造成的伤害视为元素战技伤害； ·夜魂值达到上限时，能够施放元素战技「迴猎贯鳞炮」：消耗所有夜魂值，造成具有夜魂性质的草元素伤害。长按施放迴猎贯鳞炮时，能够瞄准以决定攻击的目标。施放迴猎贯鳞炮后，基尼奇将会尝试链接迴猎贯鳞炮的目标。 在夜魂加持状态下，链接敌人或施放迴猎贯鳞炮后，将会在敌人身边产生死角区，基尼奇进入死角区会产生4点夜魂值，并移除死角区。 链接因超出距离等原因断开时，进行普通攻击会与身边的敌人重新建立链接并进行环绕射击。,5.0,datamine
10000101,kinich,normal_attack,夜阳斗技,Nightsun Style,atk,普通攻击 进行至多三段的连续攻击。 通过元素战技「悬猎·游骋高狩」进行空中摆荡后，在落地之前能在空中进行一次普通攻击。 重击 消耗一定体力，向前方旋转地投出大剑攻击敌人。 下落攻击 从空中下坠冲击地面，攻击下落路径上的敌人，并在落地时造成范围伤害。,5.0,datamine
10000101,kinich,passive_1,噩地的代价,The Price of Desolation,,处于夜魂加持状态下时，基尼奇的元素战技命中的敌人，将陷入「噩地」状态，在受到燃烧反应或烈绽放反应伤害时，为基尼奇产生7点夜魂值，每0.8秒至多通过这种方式产生一次夜魂值。噩地状态持续直至基尼奇此次夜魂加持状态结束。,5.0,datamine
10000101,kinich,passive_2,焰灵的契约,Flame Spirit Pact,,队伍中的附近的角色触发「夜魂迸发」后，将为基尼奇赋予一层「猎人心得」，持续15秒，至多叠加2层。基尼奇在施放悬猎·游骋高狩的迴猎贯鳞炮时，将消耗所有的「猎人心得」，并依据消耗的层数，每层使本次迴猎贯鳞炮造成的伤害基于基尼奇攻击力的320%提高。,5.0,datamine
10000101,kinich,passive_3,夜域赐礼·索报皆偿,Night Realm's Gift: Repaid in Full,,通过悬猎·游骋高狩，基尼奇进行空中摆荡后处于空中时，能够消耗10点燃素以再次进行空中摆荡。 在纳塔存在燃素机制的区域时，能够进行夜魂传递·基尼奇。当前场上角色处于冲刺状态、特定天赋赋予的移动状态下，或是位于空中时，切换基尼奇登场时，基尼奇将依照条件，进行以下行动之一： ·朝向可以交互的卷叶符印时：向它发射钩索以进行移动； ·身边有敌人并处于战斗状态时：向该敌人施放悬猎·游骋高狩； 否则，发射钩索，进行空中摆荡。基尼奇将优先以符合条件的卷叶符印为发射钩索的目标。 自己的队伍每10秒能触发一次夜魂传递。 在与卷叶符印等能够与匿叶龙交互的物件互动时，悬猎·游骋高狩将被替换为「匿叶仿生」，通过匿叶仿生与这些物件交互时，这些物件的交互规则沿袭匿叶龙的交互规则，并且不会使悬猎·游骋高狩进入冷却。,5.0,datamine
10000101,kinich,passive_4,疾行的使令,Swift Envoy,,在纳塔存在燃素机制的区域时，与部分采集物交互能够使队伍中自己的角色移动速度提高15%，持续10秒。此外，在小地图上显示周围的纳塔区域特产的位置。,5.0,datamine
10000102,mualani,elemental_burst,爆瀑飞弹,Boomsharka-laka,hp,发射能追踪敌人的特大号鲨鲨导弹，基于玛拉妮的生命值上限造成具有夜魂性质的水元素范围伤害。,5.0,datamine
10000102,mualani,elemental_skill,踏鲨破浪,Surfshark Wavebreaker,hp,以驾驭速度与水潮的心得，随时随地进入冲浪的架势。 施放后，玛拉妮将获得60点夜魂值并进入夜魂加持状态。 夜魂加持·玛拉妮 持续消耗夜魂值。夜魂值耗尽时，或是再次施放时，玛拉妮的夜魂加持将会结束。夜魂加持状态具有如下特性： ·搭乘鲨鲨冲浪板，提升玛拉妮的移动速度与抗打断能力。玛拉妮在这种状态下能在水面与液态燃素上移动，并免疫液态燃素的伤害； ·进行普通攻击时，将转为进行鲨鲨撕咬，基于玛拉妮的生命值上限造成具有夜魂性质的水元素伤害。鲨鲨撕咬能够在空中进行，造成的伤害被视为普通攻击伤害； ·在这种状态下接触敌人时，玛拉妮对敌人施加猎物标记，并获得1层浪势充能，浪势充能至多叠加3层，每0.7秒至多通过同一个敌人获得1层。 浪势充能与猎物标记 进行鲨鲨撕咬时，玛拉妮将依据浪势充能的层数，提高造成的伤害，拥有3层浪势充能时，玛拉妮的鲨鲨撕咬将转为巨浪鲨鲨撕咬，造成的伤害进一步提升，并在命中敌人时清除浪势充能。 鲨鲨撕咬命中敌人时，将移除其猎物标记，并向附近至多5名处于猎物标记标记状态下的敌人发射鲨鲨飞弹，造成相当于此次鲨鲨撕咬的伤害，并清除这些敌人的猎物标记；此次鲨鲨撕咬与鲨鲨飞弹的目标敌人超过1名时，造成的伤害将会降低，至多在达到3名敌人时造成原本72%的伤害。,5.0,datamine
10000102,mualani,normal_attack,降温处理,Cooling Treatment,atk,普通攻击 进行至多三段攻击，造成水元素伤害。 重击 消耗一定体力，向空中击出坠落时会造成水元素范围伤害的水豚球。 下落攻击 凝聚水元素的力量，从空中下坠冲击地面，攻击下落路径上的敌人，并在落地时造成水元素范围伤害。,5.0,datamine
10000102,mualani,passive_1,耐热型淡水豚豚,Heat-Resistant Freshwater Floater,,巨浪鲨鲨撕咬命中敌人时，将在附近产生一个豚豚球。获得豚豚球时，玛拉妮自己将恢复20点夜魂值。一次夜魂加持期间，至多通过这种方式产生2个豚豚球。,5.0,datamine
10000102,mualani,passive_2,纳塔最好的向导,Natlan's Greatest Guide,,队伍中的附近的角色触发「夜魂迸发」后，玛拉妮将获得一层持续20秒、至多叠加3层的逐浪心得。施放爆瀑飞弹时，玛拉妮将清除所有逐浪心得，并基于清除的层数，基于生命值上限的15%/30%/45%提高本次爆瀑飞弹造成的伤害。,5.0,datamine
10000102,mualani,passive_3,夜域赐礼·波涛顶底,Night Realm's Gift: Crests and Troughs,,在夜魂值耗竭后，玛拉妮将会转而消耗燃素来维持夜魂加持。 在纳塔存在燃素机制的区域时，能够进行夜魂传递·玛拉妮。当前场上角色处于冲刺、游泳或是特定天赋赋予的移动状态下，或是位于一定高度的空中时，切换玛拉妮登场时触发：玛拉妮将进入夜魂加持状态，并获得40点夜魂值。自己的队伍每10秒能触发一次夜魂传递。 此外，玛拉妮在夜魂加持状态下在水面与液态燃素上移动时：在纳塔地区时消耗的夜魂值或燃素降低75%，在纳塔地区外消耗的夜魂值降低35%。,5.0,datamine
10000102,mualani,passive_4,要诀是保持笑容！,The Trick Is to Keep Smiling!,,在纳塔存在燃素机制的区域时，与部分采集物交互能够恢复15点燃素。此外，在小地图上显示周围的纳塔区域特产的位置。,5.0,datamine
10000103,xilonen,elemental_burst,豹烈律动！,Ocelotlicue Point!,def,以最大输出功率开启立体声燃素工学调音台（便携式），基于希诺宁的防御力，造成具有夜魂性质的岩元素范围伤害。 此外，根据「源音采样」的类型不同，还将相应触发以下效果： ·拥有至少两枚经过元素转化的「源音采样」：希诺宁奏响「欢兴」的律动，每隔一段时间，为附近的当前场上角色恢复生命值，回复量受益于希诺宁自己的防御力； ·拥有少于两枚经过元素转化的「源音采样」：希诺宁奏响「燥烈」的律动，进行两次额外的节拍演奏，基于希诺宁的防御力，造成具有夜魂性质的岩元素范围伤害。,5.1,datamine
10000103,xilonen,elemental_skill,音火锻淬,Yohual's Scratch,def,让热情的律动响彻大地！希诺宁切换至用于高速战斗的刃轮装束，并向前突进一段距离，基于希诺宁的防御力，造成具有夜魂性质的岩元素伤害。 施放后，希诺宁将获得45点夜魂值，进入夜魂加持状态，在这种状态下，希诺宁将切换至「刃轮巡猎」模式。 源音采样 希诺宁拥有三枚采样器，根据队伍中其他角色的元素类型，能够呈现出不同的「音型」，并在激活时降低附近的敌人的对应元素抗性； 三枚采样器初始记录的「源音采样」均为岩元素，队伍中每存在一名火元素、水元素、冰元素或雷元素角色，一枚岩元素采样便将转变为对应的元素类型； 处于夜魂加持状态下时，希诺宁携带的岩元素「源音采样」将始终保持激活状态；解锁突破天赋「四境四象回声」后，希诺宁可以通过触发突破天赋「四境四象回声」的效果为自己恢复夜魂值；在夜魂值达到上限时，希诺宁将会消耗全部夜魂值，激活希诺宁自己携带的三枚「源音采样」，持续15秒； 「源音采样」激活时，附近的敌人的对应元素抗性降低，同元素类型「源音采样」的效果不能叠加；希诺宁处于队伍后台时，同样能产生该效果。 夜魂加持·希诺宁 持续消耗夜魂值。夜魂值耗尽时，或是再次施放时，希诺宁的夜魂加持将会结束。夜魂加持状态具有如下特性： ·切换至「刃轮巡猎」模式，提升希诺宁的移动速度与攀爬速度，且攀爬时能够以豹猫形态进行高速腾跃； ·希诺宁的夜魂加持状态具有如下限制：处于夜魂加持状态下时，希诺宁的夜魂值有9秒的时间限制，超过时间限制后，希诺宁的夜魂值将立刻耗竭。 处于夜魂加持状态下时，夜魂值耗竭后，希诺宁将无法通过突破天赋「四境四象回声」产生夜魂值。,5.1,datamine
10000103,xilonen,normal_attack,锐锋攫猎,Ehecatl's Roar,atk;def,普通攻击 进行至多三段的连续剑击。 重击 消耗一定体力，向前方使出踢击。 下落攻击 从空中下坠冲击地面，基于希诺宁的防御力，攻击下落路径上的敌人，并在落地时造成范围伤害。 夜魂状态·刃轮巡猎 在夜魂加持状态下，希诺宁将切换至「刃轮巡猎」模式，在这种状态下，希诺宁的普通攻击将转为以刃轮鞋进行至多四段的连续踢击，无法进行重击。 在这种状态下进行普通攻击与下落攻击时，将转为基于希诺宁的防御力，造成具有夜魂性质且无法被附魔覆盖的岩元素伤害。,5.1,datamine
10000103,xilonen,passive_1,四境四象回声,Netotiliztli's Echoes,,在夜魂加持状态下： ·若希诺宁拥有至少两枚经过元素转化的「源音采样」，在普通攻击与下落攻击命中敌人时，将获得35点夜魂值，该效果每0.1秒至多触发一次； ·若希诺宁拥有少于两枚经过元素转化的「源音采样」，普通攻击与下落攻击造成的伤害提升30%。,5.1,datamine
10000103,xilonen,passive_2,便携铠装护层,Portable Armored Sheath,,在夜魂加持状态下，希诺宁的夜魂值达到上限时，将触发一次等同于「夜魂迸发」的效果，该效果每14秒至多触发一次。 此外，队伍中的附近的角色触发「夜魂迸发」时，希诺宁的防御力提升20%，持续15秒。,5.1,datamine
10000103,xilonen,passive_3,夜域赐礼·锻火之祝,Night Realm's Gift: Blessing of Forge-Fire,,在夜魂值耗竭后，希诺宁将会转而消耗燃素来维持夜魂加持。 在纳塔存在燃素机制的区域时，能够进行夜魂传递·希诺宁。当前场上角色处于冲刺、攀爬或是特定天赋赋予的移动状态下，或是位于一定高度的空中时，切换希诺宁登场时触发：希诺宁将进入夜魂加持状态，并获得20点夜魂值。在这种情况下，希诺宁的夜魂值有4秒的时间限制，超过时间限制后，希诺宁的夜魂值将立刻耗竭，在时间限制内施放音火锻淬后，夜魂值的时间限制将延长9秒。自己的队伍每10秒可以触发一次夜魂传递。 此外，位于纳塔地区时，在夜魂加持状态下，希诺宁攀爬将不再消耗体力。,5.1,datamine
10000103,xilonen,passive_4,丛山锻火驰行,Tour of Tepeilhuitl,,触发夜魂传递时，恢复15点燃素。,5.1,datamine
10000104,chasca,elemental_burst,索魂命袭,Soul Reaper's Fatal Round,atk,恰斯卡集注意志，射出一枚「裂风索魂弹」，造成具有夜魂性质的风元素范围伤害。此后，裂风索魂弹将分裂成六枚「索魂弹」，攻击附近的敌人。 索魂弹 ·造成具有夜魂性质的风元素伤害； ·队伍中每存在一名火元素、水元素、冰元素或雷元素角色，两枚索魂弹便将随机转化为对应元素类型之一的「溢光索魂弹」，造成具有夜魂性质的对应元素伤害。,5.2,datamine
10000104,chasca,elemental_skill,灵缰追影,Spirit Reins、 Shadow Hunt,atk,恰斯卡与武器中寄宿的意志共鸣，造成具有夜魂性质的风元素范围伤害。 施放后，恰斯卡将获得80点夜魂值，并进入夜魂加持状态。 夜魂加持·恰斯卡 持续消耗夜魂值。夜魂值耗尽时，或是再次施放时，恰斯卡的夜魂加持将会结束。夜魂加持状态具有如下特性： ·搭乘「灵枪·仪式杖」，提升恰斯卡的移动速度与抗打断能力，在这种状态下，恰斯卡将持续消耗夜魂值，维持悬浮状态，进行冲刺或抬升高度时，将额外消耗夜魂值； ·进行普通攻击与重击时，依据点按、长按，将转为以不同的方式进行「多重瞄准」。 多重瞄准 点按 对前方的敌人造成具有夜魂性质的风元素伤害，该伤害视为普通攻击造成的伤害。 长按 进入瞄准状态，并选定一定范围内一定数量的敌人，根据蓄力时间长短，依次装填至多6枚「追影弹」；填充6枚或停止蓄力时，将依序向选定的敌人发射。 追影弹 ·造成具有夜魂性质的风元素伤害，该伤害视为重击造成的伤害； ·根据队伍中其他角色的元素类型，第四枚、第五枚与第六枚装填入弹匣的「追影弹」将会发生元素转化；队伍中每存在一名火元素、水元素、冰元素或雷元素角色，一枚「追影弹」便会随机转化为对应元素类型之一的「焕光追影弹」，造成具有夜魂性质的对应元素伤害，该伤害视为重击造成的伤害； ·后装填入弹匣的「追影弹」会优先发射。 此外，在夜魂加持状态下，长按施放元素战技灵缰追影时，恰斯卡将转为进行具有夜魂性质的下落攻击，松开技能时可以中断下落攻击，并维持悬浮状态；在下落攻击过程中落地时，恰斯卡的夜魂加持将会结束。,5.2,datamine
10000104,chasca,normal_attack,迷羽流击,Phantom Feather Flurry,atk,普通攻击 进行至多四段的连续弓箭射击。 重击 进行伤害更高、更为精准的瞄准射击。 瞄准时，强风会在箭矢上持续积聚。聚满了强风之力的箭矢会造成风元素伤害。 下落攻击 从空中射出箭雨，并迅速下坠冲击地面，攻击下落路径上的敌人，在落地时造成范围伤害。,5.2,datamine
10000104,chasca,passive_1,子弹的戏法,Bullet Trick,,进行元素战技灵缰追影中的多重瞄准的蓄力时，若队伍中存在符合元素转化条件的元素类型的角色，则依据符合条件的不同元素的数量，获得以下效果： ·每种元素有33.3%/66.7%/100%的几率触发「附灵转化」，使第三枚装入弹匣的追影弹随机转化为对应元素类型之一的焕光追影弹； ·每种元素将为恰斯卡产生一层「焕影之灵」效果，使焕光追影弹造成的伤害提升15%/35%/65%，该效果持续至本次多重瞄准结束，至多叠加3层。,5.2,datamine
10000104,chasca,passive_2,掩护的心意,Intent to Cover,,队伍中的附近的角色触发「夜魂迸发」时，恰斯卡会对附近的敌人发射「流焰追影弹」，造成具有夜魂性质的风元素伤害，该伤害相当于元素战技灵缰追影中的追影弹的150%；若队伍中存在火元素、水元素、冰元素或雷元素角色，则流焰追影弹会发生元素转化，造成具有夜魂性质的对应元素伤害，该伤害相当于元素战技灵缰追影中的焕光追影弹的150%。 通过上述方式造成的伤害视为重击伤害。,5.2,datamine
10000104,chasca,passive_3,夜域赐礼·不熄炽心,Night Realm's Gift: Everburning Heart,,在夜魂值耗竭后，恰斯卡将会转而消耗燃素来维持夜魂加持。 在纳塔存在燃素机制的区域时，能够进行夜魂传递·恰斯卡。当前场上角色位于空中时，切换恰斯卡登场时触发：恰斯卡将进入夜魂加持状态，并获得32点夜魂值。自己的队伍每10秒可以触发一次夜魂传递。,5.2,datamine
10000104,chasca,passive_4,调停的真意,Mediation's True Meaning,,队伍中自己的角色击败敌人时，将恢复25点燃素，该效果每12秒至多触发一次。 该效果在秘境、征讨领域、深境螺旋中无效。,5.2,datamine
10000105,ororon,alternate_attack,特殊跳跃,Special Jump,,如果角色在纳塔地区，长按后可以消耗燃素进行二段火箭跳，当燃素耗尽时将转为消耗体力进行二段跳跃。,5.2,datamine
10000105,ororon,elemental_burst,黯声回响,Dark Voices Echo,atk,欧洛伦唤起远古的秘仪，造成具有夜魂性质的雷元素范围伤害，并召唤出「超音灵眼」。 超音灵眼 ·持续嘲讽周围的敌人，吸引敌人攻击； ·持续旋转并发射音波，对附近的敌人造成具有夜魂性质的雷元素伤害。,5.2,datamine
10000105,ororon,elemental_skill,暝色缒索,Night's Sling,atk,欧洛伦将烟谜主亘古传承的秘术具现为暝色的宿灵球投向敌人，造成具有夜魂性质的雷元素伤害。 附近存在其他敌人时，宿灵球将在附近的敌人间弹跳，造成具有夜魂性质的雷元素伤害。每次施放暝色缒索后，每名敌人只能被选为一次目标。 进行3次弹跳或附近没有可以被选为目标的敌人时，宿灵球将消失。,5.2,datamine
10000105,ororon,normal_attack,宿灵闪箭,Spiritvessel Snapshot,atk,普通攻击 进行至多三段的连续弓箭射击。 重击 进行伤害更高、更为精准的瞄准射击。 瞄准时，雷元素会凭附在箭矢上。聚满了雷元素的箭矢会造成雷元素伤害。 下落攻击 从空中射出箭雨，并迅速下坠冲击地面，在落地时造成范围伤害。,5.2,datamine
10000105,ororon,passive_1,夜翳的通感,Nightshade Synesthesia,,队伍中的附近的角色触发「夜魂迸发」后，欧洛伦将获得40点夜魂值。施放元素战技后的15秒内，队伍中其他角色的元素类型为水元素或雷元素的攻击命中敌人时，欧洛伦将获得5点夜魂值，该效果每0.3秒至多触发一次，在持续期间内至多触发10次。 欧洛伦的夜魂值上限为80点。 此外，附近的敌人受到感电或月感电反应的伤害或队伍中附近的其他角色造成的具有夜魂性质的伤害时，若欧洛伦拥有至少10点夜魂值，欧洛伦将消耗10点夜魂值，进入夜魂加持状态，并触发「显象超感」效果：基于欧洛伦攻击力的160%，对周围至多4名敌人造成具有夜魂性质的雷元素伤害。上述效果每1.8秒至多触发一次。 夜魂加持·欧洛伦 欧洛伦的夜魂加持状态持续至多6秒。,5.2,datamine
10000105,ororon,passive_2,灵相的触媒,Aspect Catalyst,,元素战技暝色缒索中的宿灵球命中敌人后，欧洛伦将获得「灵相之印」效果，持续15秒。 灵相之印 队伍中附近的当前场上角色普攻、重击或下落攻击命中敌人后，将为该角色恢复3点元素能量；若欧洛伦处于队伍后台，还会为欧洛伦恢复3点元素能量。该效果每1秒至多触发一次，在持续期间内至多触发3次。,5.2,datamine
10000105,ororon,passive_3,夜域赐礼·流雾跃影,Night Realm's Gift: Flowing Fog、 Spritely Shadows,,在纳塔存在燃素机制的区域时，能够进行夜魂传递·欧洛伦。当前场上角色位于空中时，切换欧洛伦登场时触发：欧洛伦将高高腾跃而起。自己的队伍每10秒可以触发一次夜魂传递。 长按瞄准时，欧洛伦会进入「灵觉」状态，处于这种状态下时，欧洛伦可以与「灵谜涂鸦」和「灵谜纹」交互，提取其中的信息与力量，这些物件的交互规则沿袭暝视龙的交互规则。 此外，长按跳跃时，欧洛伦将消耗75点体力腾跃而起；在纳塔存在燃素机制的区域时，欧洛伦会优先消耗5点燃素，腾跃至更高的高度。 位于空中时，欧洛伦可以长按普通攻击，消耗燃素或体力进行瞄准。,5.2,datamine
10000105,ororon,passive_4,皮行的巧技,The Art of Skinchanging,,队伍中自己的角色滑翔时移动速度提高15%。 无法与效果完全相同的固有天赋叠加。,5.2,datamine
10000106,mavuika,elemental_burst,燔天之时,Hour of Burning Skies,atk,让众人的心声，直抵高天的神座。 玛薇卡的元素爆发不依靠元素能量，而是依靠「战意」。 战意 当玛薇卡拥有至少50%战意时，玛薇卡可以消耗所有战意，施放元素爆发。 玛薇卡可以通过以下方式获取战意： ·处于战斗状态下时，队伍中的附近的角色消耗的夜魂值将会转化为玛薇卡的战意； ·队伍中附近的角色的普通攻击命中敌人时，玛薇卡将获得1.5点战意，该效果每0.1秒至多触发一次。 施放后，玛薇卡获得10点夜魂值，进入夜魂加持状态，驾驶驰轮车腾跃至空中，并向地面上的敌人进行一次强力的坠日斩，造成具有夜魂性质的火元素范围伤害，并进入「死生之炉」状态。 死生之炉 持续期间，玛薇卡的各种行为将不再消耗夜魂值，并提高玛薇卡的抗打断能力。同时，依据施放时的战意，提升坠日斩、「古名解放」时的普通攻击与重击造成的伤害。 死生之炉状态将在玛薇卡退场时解除。,5.3,datamine
10000106,mavuika,elemental_skill,称名之刻,The Named Moment,atk,依凭「争斗」的权柄，召唤人神传承的「诸火武装」，造成具有夜魂性质的火元素伤害。 施放后，玛薇卡将恢复夜魂值至上限，并进入夜魂加持状态。 诸火武装 依据点按、长按，以不同的形态解放诸火武装。 点按 「神名解放」：诸火武装将以焚曜之环的形态显现。焚曜之环将跟随当前场上角色，并间歇性攻击周围的敌人，造成具有夜魂性质的火元素伤害。 长按 「古名解放」：诸火武装将以驰轮车的形态显现。在这种状态下，玛薇卡能驾驶驰轮车高速移动，或是打开驰轮车的后备隐藏推进模块，短暂通过各种地形，以及在空中短暂滑翔。同时，玛薇卡的普通攻击、重击与下落攻击将转为无法被附魔覆盖的具有夜魂性质的火元素伤害；进行冲刺时，也会对路径上的敌人造成具有夜魂性质的火元素伤害。 处于夜魂加持状态下时，点按元素战技可以切换诸火武装的形态；诸火武装将在玛薇卡的夜魂加持结束时消失。 夜魂加持·玛薇卡 依据诸火武装的形态，持续消耗夜魂值。夜魂值耗尽时，玛薇卡的夜魂加持将会结束。,5.3,datamine
10000106,mavuika,normal_attack,以火织命,Flames Weave Life,atk,普通攻击 进行至多四段的连续挥砍。 重击 消耗一定体力，向前方进行一次格外有力的烈曜斩。 下落攻击 从空中下坠冲击地面，攻击下落路径上的敌人，并在落地时造成范围伤害。,5.3,datamine
10000106,mavuika,passive_1,炎花献礼,Gift of Flaming Flowers,,队伍中的附近的角色触发「夜魂迸发」时，玛薇卡的攻击力提升30%，持续10秒。,5.3,datamine
10000106,mavuika,passive_2,「基扬戈兹」,"Kiongozi",,施放元素爆发燔天之时后，依据施放时的战意，每点战意都将使当前场上角色造成的伤害提升0.2%，通过这种方式至多使队伍中的当前场上角色造成的伤害提升40%，该效果持续20秒，并会在持续时间内逐渐降低为0。,5.3,datamine
10000106,mavuika,passive_3,夜域赐礼·耗竭模式,Night Realm's Gift: Exhaust Mode,,在夜魂值耗竭后，玛薇卡将会转而消耗燃素来维持诸火武装·驰轮车。 在纳塔存在燃素机制的区域时，能够进行夜魂传递·玛薇卡。当前场上角色处于冲刺、攀爬、游泳或是特定天赋赋予的移动状态下，或是位于一定高度的空中时，切换玛薇卡登场时触发：玛薇卡将进入夜魂加持状态，并获得相当于玛薇卡夜魂值上限50%的夜魂值。自己的队伍每10秒可以触发一次夜魂传递。,5.3,datamine
10000106,mavuika,passive_4,破夜的焰光,Night-Shattering Radiance,,队伍触发夜魂传递的冷却时间减少20%。,5.3,datamine
10000107,citlali,alternate_attack,茜特菈莉特殊跳跃,,,长按后可以消耗燃素进行更高的二段跳跃，当燃素耗尽时将转为消耗体力进行二段跳跃。,5.3,datamine
10000107,citlali,elemental_burst,诸曜饬令,Edict of Entwined Splendor,atk,驱使来自星天与大地的「盟友」，唤起冰风暴轰击前方区域，造成具有夜魂性质的冰元素范围伤害，为茜特菈莉恢复一定夜魂值，并在范围内至多3名敌人附近各自召唤一个宿灵之髑。宿灵之髑会在一段时间后爆炸，造成具有夜魂性质的冰元素范围伤害，并为茜特菈莉恢复一定夜魂值。,5.3,datamine
10000107,citlali,elemental_skill,霜昼黑星,Dawnfrost Darkstar,atk;em,依凭烟谜主千年传承的密契，展开白曜护盾，并召唤（传闻中）无比可怖的「黑曜星魔」伊兹帕帕，造成具有夜魂性质的冰元素范围伤害。 白曜护盾的伤害吸收量受益于茜特菈莉的元素精通，对冰元素伤害有250%的吸收效果，并在展开护盾时，为茜特菈莉施加短暂的冰元素附着。 施放后，茜特菈莉将获得24点夜魂值，并进入夜魂加持状态。 夜魂加持·茜特菈莉 伊兹帕帕退场时，茜特菈莉的夜魂加持将会结束。 伊兹帕帕 ·伊兹帕帕将跟随角色行动； ·若茜特菈莉拥有至少50点夜魂值，伊兹帕帕将进入白燧状态，持续消耗夜魂值，并卷起跟随角色的霜陨风暴，攻击范围内的敌人，造成具有夜魂性质的冰元素伤害； ·夜魂值耗尽时，伊兹帕帕的白燧状态也会结束。,5.3,datamine
10000107,citlali,normal_attack,宿灵捕影,Shadow-Stealing Spirit Vessel,atk,普通攻击 唤起烟谜主世代传承的秘仪，进行至多三段的攻击，造成冰元素伤害。 重击 进入瞄准状态，并在长按结束时消耗一定体力，向瞄准的方向挥出一枚寒星，对路径上的敌人造成冰元素伤害。 下落攻击 凝聚冰元素的力量，从空中下坠冲击地面，攻击下落路径上的敌人，并在落地时造成冰元素范围伤害。,5.3,datamine
10000107,citlali,passive_1,五重天的寒雨,Mamaloaco's Frigid Rain,,伊兹帕帕存在期间，队伍中附近的角色触发冻结反应或融化反应后，受本次反应影响的敌人的火元素与水元素抗性还会降低20%，持续12秒；此外，茜特菈莉还会恢复16点夜魂值，每8秒至多通过这种方式恢复一次夜魂值。,5.3,datamine
10000107,citlali,passive_2,白燧蝶的星衣,Itzpapalotl's Star Garments,,元素战技霜昼黑星中，伊兹帕帕的霜陨风暴造成的伤害提升，提升值相当于茜特菈莉的元素精通的90%；元素爆发诸曜饬令中，冰风暴造成的伤害提升，提升值相当于茜特菈莉的元素精通的1200%。 此外，队伍中的附近的角色触发「夜魂迸发」时，茜特菈莉还会恢复4点夜魂值。,5.3,datamine
10000107,citlali,passive_3,夜域赐礼·镜烟翾风,Night Realm's Gift: Smoke、 Mirrors、 and the Flowing Winds,,在纳塔存在燃素机制的区域时，能够进行夜魂传递·茜特菈莉。当前场上角色位于一定高度的空中时，切换茜特菈莉登场时触发：茜特菈莉将高高腾跃而起，并借助「白曜星魔·茜特菈琳」在空中飘行。自己的队伍每10秒可以触发一次夜魂传递。 长按瞄准时，茜特菈莉会进入「灵觉」状态，处于这种状态下时，茜特菈莉可以与「灵谜涂鸦」和「灵谜纹」交互，提取其中的信息与力量，这些物件的交互规则沿袭暝视龙的交互规则。 此外，长按跳跃时，茜特菈莉将消耗75点体力腾跃而起；在纳塔存在燃素机制的区域时，茜特菈莉将优先消耗5点燃素，腾跃至更高的高度。 位于空中时，茜特菈莉可以长按普通攻击，消耗燃素或体力进行瞄准与重击；在空中进行重击时，茜特菈莉将优先消耗20点燃素。,5.3,datamine
10000107,citlali,passive_4,奥秘传唱,Songs of Profound Mystery,,在纳塔存在燃素机制的区域时，触发「夜魂迸发」能恢复20点燃素。 该效果在秘境、征讨领域、深境螺旋中无效。,5.3,datamine
10000108,lan_yan,elemental_burst,鹍弦踏月出,Lustrous Moonrise,atk,蓝砚踏出银燕翦月阵，牵引附近的敌人与物体，并造成数次风元素范围伤害。,5.3,datamine
10000108,lan_yan,elemental_skill,凤缕随翦舞,Swallow-Wisp Pinion Dance,atk,唤出世代秘传的凤缕护盾，并以雨旆先驰之姿迅捷突进，接触目标会向后腾跃至空中。 凤缕护盾的伤害吸收量受益于蓝砚的攻击力，对风元素伤害有250%的吸收效果。 蓝砚因元素战技·凤缕随翦舞而腾跃至空中时，若点按元素战技或点按普通攻击，则会向敌人抛出翦月环，命中后将在附近的敌人间回旋两次，造成风元素伤害。 长按时将以不同的方式施放。 长按 进入瞄准状态，以调整突进的方向。,5.3,datamine
10000108,lan_yan,normal_attack,玄鸾画水,Black Pheasant Strides on Water,atk,普通攻击 挥舞翦月环，进行至多四段的攻击，造成风元素伤害。 重击 消耗一定体力，抛出手中的翦月环，造成风元素伤害。 下落攻击 凝聚风元素的力量，从空中下坠冲击地面，攻击下落路径上的敌人，并在落地时造成风元素范围伤害。,5.3,datamine
10000108,lan_yan,passive_1,四戈封刀灵卜,Four Sealing Divination Charms,,元素战技凤缕随翦舞的突进命中目标时，如果接触了水元素/火元素/冰元素/雷元素，则会使凤缕护盾发生元素转化，转化后的护盾对于对应元素伤害有250%的吸收效果。 此外，如果这次元素战技凤缕随翦舞使凤缕护盾发生了元素转化，蓝砚向敌人抛出的翦月环将附加原本50%对应元素伤害，该伤害视为元素战技伤害。,5.3,datamine
10000108,lan_yan,passive_2,苍翎镇邪敕符,Skyfeather Evil-Subduing Charm,,元素战技凤缕随翦舞与元素爆发鹍弦踏月出造成的伤害值提升，提升值分别相当于蓝砚元素精通的309%和774%。,5.3,datamine
10000108,lan_yan,passive_3,「心随芳兮意犹绵」,Thought and Intent、 Like Silken Scent,,蓝砚在队伍中时，队伍中自己的角色接近晶蝶等部分生物时，不会惊动它们。 有效对象可参考图鉴中「生物志 / 野生动物」的「其他」分类。,5.3,datamine
10000109,yumemizuki_mizuki,elemental_burst,安乐秘汤疗法,Anraku Secret Spring Therapy,atk;em,唤起无数「美梦」与「噩梦」的回忆，牵引附近的物体与敌人，造成风元素范围伤害，并召唤出小貘来帮忙。 小貘 将跟随当前场上角色。每隔一段时间，小貘将在附近制造出1枚「梦见风名物点心」。队伍中自己的角色拾取梦见风名物点心后，若拾取者的生命值高于70%，梦见风名物点心便会发生爆炸并释放梦念冲击波，对周围的敌人造成一次风元素范围伤害，否则会为拾取者恢复生命值，回复量受益于梦见月瑞希的元素精通。梦见月瑞希拾取梦见风名物点心并触发治疗时，治疗量还会提升100%。如果一段时间后仍未被拾取，梦见风名物点心也会发生爆炸并释放梦念冲击波，对周围的敌人造成一次风元素范围伤害。,5.4,datamine
10000109,yumemizuki_mizuki,elemental_skill,秋沙歌枕巡礼,Aisa Utamakura Pilgrimage,atk,编织出「美梦」的回忆，进入悬浮于地面之上的梦浮状态，并对周围的敌人造成一次风元素范围伤害。 梦浮 ·处于梦浮状态下时，梦见月瑞希将持续向前浮行，并将周期性对附近的敌人造成风元素范围伤害； ·期间，梦见月瑞希可以控制浮行的方向，并提升元素爆发安乐秘汤疗法中的梦见风名物点心的拾取距离； ·基于梦见月瑞希的元素精通，提升队伍中附近的角色触发的扩散反应与星扩散反应造成的伤害； ·梦见月瑞希退场时，或是再次施放技能时，梦浮状态将会结束。,5.4,datamine
10000109,yumemizuki_mizuki,normal_attack,梦我梦心,Pure Heart、 Pure Dreams,atk,普通攻击 进行至多三段攻击，造成风元素伤害。 重击 消耗一定体力，短暂咏唱后，造成风元素范围伤害。 下落攻击 凝聚风元素的力量，从空中下坠冲击地面，攻击下落路径上的敌人，并在落地时造成风元素范围伤害。,5.4,datamine
10000109,yumemizuki_mizuki,passive_1,名月浮声,Bright Moon's Restless Voice,,梦见月瑞希在梦浮状态下触发扩散或星扩散反应时，梦浮状态的持续时间延长2.5秒。该效果每0.3秒至多触发1次，在一次梦浮状态期间至多触发2次。,5.4,datamine
10000109,yumemizuki_mizuki,passive_2,昼想夜梦,Thoughts by Day Bring Dreams by Night,,梦见月瑞希处于梦浮状态下时，队伍中附近的其他角色的元素类型为火元素、水元素、冰元素或雷元素的攻击命中敌人时，梦见月瑞希的元素精通提升100点，持续4秒。,5.4,datamine
10000109,yumemizuki_mizuki,passive_3,诸病无病,All Ailments Banished,,梦见月瑞希在队伍中时，队伍中自己的角色使用不具备复苏功能的恢复类料理时的回复量有概率提升30%，该效果的触发概率基于对应角色的好感等级（旅行者使用时，该效果将始终触发）。,5.4,datamine
10000110,iansan,elemental_burst,力的三原理,The Three Principles of Power,atk,以「力量」之名踏破大地，造成具有夜魂性质的雷元素范围伤害，并取出珍藏的限定版动能标示（健身用）。 施放时，伊安珊将获得15点夜魂值，并进入夜魂加持状态。 动能标示退场时，伊安珊的夜魂加持将会结束。 动能标示 动能标示将跟随角色行动，并根据伊安珊的夜魂值，以不同的方式使队伍中自己的当前场上角色的攻击力提升： ·若伊安珊的夜魂值少于42点，将基于伊安珊的夜魂值与攻击力，获得攻击力加成； ·若伊安珊拥有至少42点夜魂值，动能标示将切换至「炽烈声援！」模式，基于伊安珊的攻击力，获得更高的攻击力加成。 此外，动能标示存在期间，将记录除伊安珊外的队伍中自己的当前场上角色的移动距离；每秒都将基于上一秒记录的移动距离，为伊安珊恢复夜魂值。 动能标示将在伊安珊的夜魂加持结束时消失。不处于战斗状态下时，动能标示将在1秒后消失。动能标示存在期间，伊安珊处于后台时，夜魂加持也不会结束。,5.5,datamine
10000110,iansan,elemental_skill,电掣雷驰,Thunderbolt Rush,atk,伊安珊向前突进一段距离，对路径上的敌人造成具有夜魂性质的雷元素伤害。 施放后，伊安珊将恢复54点夜魂值，并进入夜魂加持状态。并且在突进结束后的5秒内，点按普通攻击时，伊安珊将快速施放一次不消耗体力的「雷霆飞缒」踏击。 夜魂加持·伊安珊 持续消耗夜魂值。夜魂值耗尽时，或是再次施放时，伊安珊的夜魂加持将会结束。夜魂加持状态具有如下特性： ·提升伊安珊的移动速度； ·长按冲刺会切换至「雷驰电掣」模式，短时间内大幅提升伊安珊的移动速度；在这种状态下伊安珊可以利用地形差进行飞跃，或额外消耗夜魂值在水面与液态燃素上移动，并免疫液态燃素的伤害。,5.5,datamine
10000110,iansan,normal_attack,负重锥击,Weighted Spike,atk,普通攻击 进行至多三段的连续枪击。 重击 消耗一定体力，向前方突进，对路径上的敌人造成伤害。 下落攻击 从空中下坠冲击地面，攻击下落路径上的敌人，并在落地时造成范围伤害。 夜魂状态·雷霆飞缒 在夜魂加持状态下，伊安珊的重击将转为施展豪烈的「雷霆飞缒」，消耗一定体力向前方猛踏，造成具有夜魂性质的雷元素范围伤害。,5.5,datamine
10000110,iansan,passive_1,强化抗阻练习,Enhanced Resistance Training,,「雷霆飞缒」命中敌人后，伊安珊将获得「标准动作」效果，持续15秒。 持续期间，伊安珊的攻击力提升20%，通过元素爆发力的三原理中的动能标示恢复夜魂值时，还会额外恢复1点夜魂值；此外，队伍中自己的当前场上角色消耗或恢复夜魂值后，伊安珊下一次通过动能标示恢复夜魂值时，额外恢复的夜魂值提升至4点，该效果每2.8秒至多触发一次。 「标准动作」效果将在伊安珊的夜魂加持结束时消失。,5.5,datamine
10000110,iansan,passive_2,动能梯度测验,Kinetic Energy Gradient Test,,队伍中的附近的角色触发「夜魂迸发」时，伊安珊将获得「热身效应」，持续10秒。 持续期间，伊安珊恢复至少1点夜魂值时，会为当前场上自己的角色恢复生命值，回复量相当于伊安珊攻击力的60%，该效果每2.8秒至多触发一次。,5.5,datamine
10000110,iansan,passive_3,夜域赐礼·勉力传动,Night Realm's Gift: Hard Work and Drive,,在夜魂值耗竭后，伊安珊在场上时，将会转而消耗燃素来维持夜魂加持。 在纳塔存在燃素机制的区域时，能够进行夜魂传递·伊安珊。当前场上角色处于冲刺或是特定天赋赋予的移动状态下时，或是位于一定高度的空中时，切换伊安珊登场时触发：伊安珊将进入夜魂加持状态，并获得25点夜魂值。自己的队伍每10秒可以触发一次夜魂传递。 此外，在纳塔存在燃素机制的区域时，伊安珊利用地形差进行飞跃时，不会承受坠落伤害。,5.5,datamine
10000110,iansan,passive_4,热量均衡计划,Caloric Balancing Plan,,在纳塔存在燃素机制的区域时，当燃素从50%以上降低至50%以下时能恢复10点燃素，该效果每10秒至多触发一次。,5.5,datamine
10000111,varesa,elemental_burst,闪烈降临！,Guardian Vent!,atk,如同面向孩子们的织卷中描绘的正义英雄那般，腾跃至高空，并借助下落的冲击力使出强力的飞踢，对敌人造成具有夜魂性质的雷元素范围伤害。 施放后，瓦雷莎将恢复夜魂值至上限，并进入炽热激情状态。 在炽热激情状态下，瓦雷莎的元素爆发将转为对敌人造成伤害更高的、具有夜魂性质的雷元素范围伤害。 此外，瓦雷莎在炽热激情状态下进行下落攻击后，将在短暂时间内进入「极限驱动」状态。 极限驱动 提高瓦雷莎的抗打断能力。在这种状态下，瓦雷莎将能够无视元素爆发的冷却时间，消耗更少的元素能量，施放特殊的元素爆发「闪烈降临·大火山崩落」：进行格外强力的下落攻击·大火山狂雷怒卷，在落地时造成具有夜魂性质的雷元素范围伤害，并退出极限驱动状态。该伤害视为下落攻击伤害。 施放元素战技后，将会退出极限驱动状态。,5.5,datamine
10000111,varesa,elemental_skill,夜虹逐跃,Riding the Night-Rainbow,atk,以迅捷如电、豪烈如雷的步法，展现摔角的真意。瓦雷莎向前方突进一段距离，对路径上的敌人造成具有夜魂性质的雷元素伤害。 施放后，瓦雷莎将获得20点夜魂值，并获得「逐击」效果：持续期间，瓦雷莎的抗打断能力提高，点按普通攻击时，瓦雷莎将快速进行重击，并且该次重击不会消耗体力；「逐击」效果将在进行重击后消除。 依据点按、长按，以不同的方式展现摔角的风格。 点按 向前方迅速突进一段距离。 长按 瓦雷莎进入夜魂加持状态，并切换至「突驰烈进」模式。 突驰烈进 持续消耗夜魂值。在这种状态下，瓦雷莎的移动速度与抗打断能力提高，并且可以利用地形差进行飞跃，或额外消耗夜魂值在水面与液态燃素上移动，并免疫液态燃素的伤害。 夜魂加持·瓦雷莎 夜魂值耗尽时，瓦雷莎的夜魂加持将会结束。瓦雷莎在突驰烈进模式或炽热激情状态下时，将始终视为处于夜魂加持状态。 拥有2次可使用次数。当瓦雷莎进入炽热激情状态时，将额外获得一次短按施放的元素战技可用次数，并提高元素战技造成的伤害。 炽热激情 ·不处于炽热激情状态下时，瓦雷莎可以通过下落攻击恢复夜魂值；通过这种方式使夜魂值达到上限时，或是施放元素爆发闪烈降临！时，瓦雷莎将进入炽热激情状态。 ·在炽热激情状态下，瓦雷莎的普通攻击、元素战技和元素爆发会分别得到对应的强化，并能在进行下落攻击后的短暂时间内，施放特殊的元素爆发。 ·炽热激情状态至多持续15秒，并将在消耗夜魂值后、或是脱离战斗状态一段时间后结束。,5.5,datamine
10000111,varesa,normal_attack,角力搏摔,By the Horns,atk,普通攻击 要…要努力像厉害的摔角冠军那样战斗！进行至多三段的搏击，造成雷元素伤害。 重击 消耗一定体力，以头槌向前撞击敌人，造成具有夜魂性质的雷元素伤害，并借势腾跃而起。 下落攻击 从空中下坠冲击地面，攻击下落路径上的敌人，并在落地时造成具有夜魂性质的雷元素范围伤害；若此时瓦雷莎处于战斗状态，或本次坠地冲击命中了敌人，则瓦雷莎获得25点夜魂值；通过这种方式使夜魂值达到上限时，瓦雷莎将进入「炽热激情」状态。 炽热激情 在这种状态下，瓦雷莎的普通攻击、重击和下落攻击将得到对应的强化： 普通攻击 如同明星摔角冠军那样无畏战斗！进行至多三段的猛烈搏击，造成伤害更高的雷元素伤害。 重击 消耗一定体力，猛烈前冲撞击敌人，造成伤害更高的、具有夜魂性质的雷元素伤害，并借势腾跃而起。 下落攻击 消耗全部夜魂值，从空中下坠冲击地面，攻击下落路径上的敌人，并在落地时造成伤害更高的、具有夜魂性质的雷元素范围伤害。,5.5,datamine
10000111,varesa,passive_1,连势，三重腾跃！,Tag-Team Triple Jump!,,施放元素战技夜虹逐跃后，瓦雷莎获得「虹色坠击」，持续5秒。 持续期间，瓦雷莎进行下落攻击时，坠地冲击能额外造成50%攻击力的伤害；若瓦雷莎处于炽热激情状态，则坠地冲击改为能额外造成180%攻击力的伤害。 「虹色坠击」效果将在坠地冲击命中敌人或持续时间结束时解除。,5.5,datamine
10000111,varesa,passive_2,英雄，二度归来！,The Hero Twice-Returned!,,队伍中的附近的角色触发「夜魂迸发」时，瓦雷莎的攻击力提升35%，持续12秒。该效果至多叠加两层，每层独立计算持续时间。,5.5,datamine
10000111,varesa,passive_3,夜域赐礼·炬照焚恶,Night Realm's Gift: A Torch That Incinerates Evil,,在夜魂值耗竭后，瓦雷莎将会转而消耗燃素来维持夜魂加持状态下的「突驰烈进」模式。 在纳塔存在燃素机制的区域时，能够进行夜魂传递·瓦雷莎。当前场上角色处于冲刺或是特定天赋赋予的移动状态下，或是位于一定高度的空中时，切换瓦雷莎登场时触发：瓦雷莎将进入夜魂加持状态，切换至「突驰烈进」模式，并获得20点夜魂值。自己的队伍每10秒可以触发一次夜魂传递。 此外，在纳塔存在燃素机制的区域时，瓦雷莎利用地形差进行飞跃时，不会承受坠落伤害。,5.5,datamine
10000111,varesa,passive_4,炽心，一往直前！,Blazing Heart、 Singular Advance!,,瓦雷莎的冲刺速度获得提升，不处于战斗状态下时，冲刺消耗的体力也会提升。 此外，在纳塔存在燃素机制的区域时，队伍中自己的角色使用食物能恢复20点燃素，该效果每10秒至多触发一次，在秘境、征讨领域、深境螺旋中无效。,5.5,datamine
10000112,escoffier,elemental_burst,花刀技法,Scoring Cuts,atk,展现极致的刀工，造成冰元素范围伤害，并为队伍中附近的所有角色恢复生命值，回复量受益于爱可菲的攻击力。,5.6,datamine
10000112,escoffier,elemental_skill,低温烹饪,Low-Temperature Cooking,atk,敬请见证「料理」的真意！依据点按、长按，以不同的方式展现枫丹引以为傲的厨艺。 点按 以「低温冷藏」模式启动全频谱多重任务厨艺机关，对周围的敌人造成冰元素范围伤害。 厨艺机关·低温冷藏模式 将跟随当前场上角色，并将间歇性对附近的敌人发射「冻霜芭菲」，造成冰元素伤害。 始基力：荒性 每隔一段时间，爱可菲以「低温冷藏」模式启动厨艺机关时，将唤出流涌之刃，造成具有荒性的冰元素范围伤害。 长按 以**即兴烹饪模式**启动全频谱多重任务厨艺机关。,5.6,datamine
10000112,escoffier,normal_attack,后厨手艺,Kitchen Skills,atk,普通攻击 进行至多三段的连续枪击。 重击 消耗一定体力，进行上挑攻击。 下落攻击 从空中下坠冲击地面，攻击下落路径上的敌人，并在落地时造成范围伤害。,5.6,datamine
10000112,escoffier,passive_1,美食胜过良药,Better to Salivate Than Medicate,,施放元素爆发**花刀技法**后，爱可菲将获得「康复食疗」效果，持续9秒：每1秒为附近的当前场上角色恢复生命值，回复值受益于爱可菲自己攻击力的138.24%。,5.6,datamine
10000112,escoffier,passive_2,灵感浸入调味,Inspiration-Immersed Seasoning,,当队伍中存在1/2/3/4名水元素或冰元素角色时，爱可菲的元素战技**低温烹饪**或元素爆发**花刀技法**命中敌人时，将使该敌人的水元素抗性与冰元素抗性降低5%/10%/15%/55%，持续12秒。,5.6,datamine
10000112,escoffier,passive_3,时时刻刻的即兴料理,Constant Off-the-Cuff Cookery,,长按施放元素战技**低温烹饪**时，将以「即兴烹饪」模式启动全频谱多重任务厨艺机关。 厨艺机关·即兴烹饪模式 ·在场上放置厨艺机关。厨艺机关可以吸收元素攻击。吸收的元素能量达到临界值时，将使爱可菲事先放入其中的食材转化为美食。 ·爱可菲需要时间采购新的食材，每周只能通过这种方式制作一定数量的料理。制作料理的次数每周一凌晨4点重置。,5.6,datamine
10000113,ifa,elemental_burst,复合镇静域,Compound Sedation Field,atk,向（暂时还没有冷静下来的）敌人发射一枚疗域镇静剂。疗域镇静剂将在命中时炸裂，产生固缚风场，牵引附近的物品与敌人，并造成具有夜魂性质的风元素范围伤害。 疗域镇静剂命中处于水元素/火元素/冰元素/雷元素附着下的敌人时，会为这些敌人施加**「镇静标记」**效果。,5.6,datamine
10000113,ifa,elemental_skill,空天疾护,Airborne Disease Prevention,atk;em,到好哥们出场的时候了，哥们！伊法唤来咔库库一同战斗。 施放后，伊法将获得80点夜魂值，并进入**夜魂加持**状态。夜魂加持状态期间，伊法将在咔库库的帮助下悬浮，进行普通攻击时，将依据点按、长按，转为以不同的方式进行**「援护射击」**，发射能够为队伍中所有角色恢复生命值的秘药弹。 此外，在夜魂加持状态下，长按施放元素战技空天疾护时，伊法将转为进行具有夜魂性质的下落攻击，松开技能时可以中断下落攻击，并维持悬浮状态；在下落攻击过程中落地时，伊法的夜魂加持将会结束。,5.6,datamine
10000113,ifa,normal_attack,祛风妙仪,Rite of Dispelling Winds,atk,普通攻击 进行至多三段的攻击，造成风元素伤害。 重击 消耗一定体力，向前方射击，造成风元素范围伤害。 下落攻击 从空中下坠冲击地面，攻击下落路径上的敌人，并在落地时造成风元素范围伤害。,5.6,datamine
10000113,ifa,passive_1,场中医者视野,Field Medic's Vision,,伊法处于夜魂加持状态下时，将基于队伍中所有角色当前夜魂值的总和，每1点夜魂值都将使伊法获得1点**「救援要义」**。救援要义可以提升队伍中附近的角色触发的扩散、星扩散、感电、月感电反应造成的伤害。,5.6,datamine
10000113,ifa,passive_2,互助救援协议,Mutual Aid Agreement,,队伍中的附近的角色触发「夜魂迸发」时，伊法的元素精通提升80点，持续10秒。,5.6,datamine
10000113,ifa,passive_3,夜域赐礼·集念急救,Night Realm's Gift: Focused Emergency Rescue,,在夜魂值耗竭后，伊法将会转而消耗燃素来维持夜魂加持。 在纳塔存在燃素机制的区域时，能够进行夜魂传递·伊法。当前场上角色位于一定高度的空中时，切换伊法登场时触发：伊法将进入夜魂加持状态，并获得32点夜魂值。自己的队伍每10秒可以触发一次夜魂传递。,5.6,datamine
10000113,ifa,passive_4,温敷战术包扎,Tactical Warm Compress Bandaging,,在纳塔存在燃素机制的区域时，队伍中自己的当前场上角色或受魂附的龙生命值低于40%时，伊法将消耗10点燃素为其恢复40%生命值。该效果每10秒至多触发一次，在秘境、征讨领域、深境螺旋中无效。,5.6,datamine
10000114,skirk,elemental_burst,极恶技·灭,Havoc: Ruin,atk,丝柯克的元素爆发不依靠元素能量，而是依靠**蛇之狡谋**。 当丝柯克拥有至少50点蛇之狡谋时，丝柯克可以消耗所有蛇之狡谋，施放元素爆发，撕裂前方的空间并进行高速的连续斩击，造成冰元素范围伤害。同时，依据施放时丝柯克拥有的蛇之狡谋超过50点的部分，每1点蛇之狡谋都将提升本次元素爆发造成的伤害，至多通过这种方式计入12点蛇之狡谋。 丝柯克处于**七相一闪**模式下时，元素爆发「极恶技·灭」将会被替换为「极恶技·尽」。 极恶技·尽 无需消耗蛇之狡谋即可施放的特殊元素爆发。 施放后，丝柯克将获得凋尽效果，效果持续至七相一闪模式结束；解锁突破天赋**理外之理**后，丝柯克还将汲取附近一定范围内的虚境裂隙。 凋尽效果持续期间，每0.1秒，丝柯克的普通攻击命中敌人后，将使本次普通攻击造成的伤害提高；若施放极恶技·尽时，汲取了虚境裂隙，则会依据汲取的虚境裂隙枚数，使本次普通攻击造成的伤害进一步提高。 该效果将在触发次数达到10次时解除。,5.7,datamine
10000114,skirk,elemental_skill,极恶技·闪,Havoc: Warp,atk,仿拟极恶骑的战斗风格，依据点按、长按，以不同的方式产生效果。 点按 丝柯克获得45点**蛇之狡谋**，并切换至**七相一闪**模式。 长按 丝柯克获得45点蛇之狡谋，并将持续快速移动，在该状态下提高丝柯克的抗打断能力。 期间，丝柯克可以控制快速移动的方向，且可以在水面上移动，并能通过再次施放技能，提前结束快速移动状态。,5.7,datamine
10000114,skirk,normal_attack,极恶技·断,Havoc: Sunder,atk,普通攻击 进行至多五段的连续攻击。 重击 消耗一定体力，掷出回旋的晶枪，对前方的敌人造成伤害。 下落攻击 从空中下坠冲击地面，攻击下落路径上的敌人，并在落地时造成范围伤害。,5.7,datamine
10000114,skirk,passive_1,理外之理,Reason Beyond Reason,,队伍中附近的角色对敌人触发冻结、超导、星超导、冰元素扩散、星扩散或冰元素结晶反应时，将在敌人附近创造一枚虚境裂隙。该效果每2.5秒至多触发一次，场上至多存在3枚丝柯克自己创造的虚境裂隙。 丝柯克可以通过以下方式，汲取附近一定范围内的虚境裂隙： ·在**七相一闪**模式下进行的重击命中敌人时； ·施放七相一闪模式下的特殊元素爆发极恶技·尽时； ·长按施放元素战技极恶技·闪进行快速移动时。 每汲取一枚虚境裂隙，丝柯克将获得8点**蛇之狡谋**。,5.7,datamine
10000114,skirk,passive_2,万流归寂,Return to Oblivion,,队伍中附近的元素类型为水元素的角色的水元素攻击命中敌人时，或是队伍中附近的元素类型为冰元素的其他角色的冰元素攻击命中敌人时，丝柯克将获得一层持续20秒的死河渡断效果，至多叠加3层，每层独立计算持续时间。 每名角色至多通过这种方式使丝柯克获得1层死河渡断效果。 每层死河渡断效果会使丝柯克在**七相一闪**模式下时进行的普通攻击造成原本110%/120%/170%的伤害，且施放的元素爆发极恶技·灭造成原本105%/115%/160%的伤害。,5.7,datamine
10000114,skirk,passive_3,诸武相授,Mutual Weapons Mentorship,,队伍中所有角色的元素类型均为水元素或冰元素，并且至少有一名水元素角色、一名冰元素角色时，队伍中自己的角色的元素战技等级提高1级。,5.7,datamine
10000115,dahlia,elemental_burst,纯耀的祷咏,Radiant Psalter,atk;hp,以虔诚的心意与歌声向神明祷告，对周围的敌人造成水元素范围伤害，为队伍中自己的角色赋予「西风之眷」效果，并唤出圣眷护盾。 圣眷护盾的伤害吸收量受益于塔利雅的生命值上限，对水元素伤害有250%的吸收效果。 西风之眷 持续期间，圣眷护盾因伤害破碎时，塔利雅可以消耗一层祝颂效果，重新唤出圣眷护盾。 塔利雅可以通过以下方式获得祝颂效果： ·队伍中自己的当前场上角色处于西风之眷效果影响下时，普通攻击每命中敌人4次，塔利雅将获得1层祝颂效果； ·触发突破天赋「风色柔愿的眷宠」的效果后（需要解锁突破天赋「风色柔愿的眷宠」）。 每次西风之眷效果持续期间，塔利雅至多获得4层祝颂效果。,5.7,datamine
10000115,dahlia,elemental_skill,圣浸的礼典,Immersive Ordinance,atk,是时候玩些有趣的小把戏啦！依据点按、长按，以不同的方式唤出雾雨秘迹。 点按 短暂祷告后，在前方唤出雾雨秘迹。 长按 持续进行祷告，并在祷告结束时，在指定位置唤出雾雨秘迹。 雾雨秘迹 敌人或队伍中附近的角色接触到雾雨秘迹后，依据接触者的不同，将会产生不同的效果： 若敌人接触到雾雨秘迹，雾雨秘迹将会发生爆炸，对周围的敌人造成水元素范围伤害； 若队伍中附近的角色接触到雾雨秘迹，雾雨秘迹会将接触者高高弹起。 同时只能存在一个由塔利雅自己创造的雾雨秘迹。,5.7,datamine
10000115,dahlia,normal_attack,西风剑术·祭仪,Favonius Bladework - Ritual,atk,普通攻击 进行至多四段的连续剑击。 重击 消耗一定体力，瞬间向前方挥出两剑。 下落攻击 从空中下坠冲击地面，攻击下落路径上的敌人，并在落地时造成范围伤害。,5.7,datamine
10000115,dahlia,passive_1,风色柔愿的眷宠,The Wind's Gentle Grace,,处于元素爆发**纯耀的祷咏**中的「西风之眷」效果影响下的角色对敌人触发冻结反应时，将会为塔利雅赋予2层「祝颂」效果，该效果8秒内至多触发一次。,5.7,datamine
10000115,dahlia,passive_2,黠巧欢愉的祈颂,Prayer of Well-Wrought Joy,,队伍中自己的当前场上角色处于元素爆发**纯耀的祷咏**中的「西风之眷」效果影响下时，攻击速度将获得提升，提升值基于塔利雅的生命值上限：每1000点生命值上限都将提升0.5%攻击速度，至多通过这种方式提升至20%攻击速度。,5.7,datamine
10000115,dahlia,passive_3,归风相随的巡礼,Pilgrimage Upon Returning Winds,,在白天（6时至18时），队伍中自己的角色获得迅行效果：移动速度提高10%。 该效果在秘境、征讨领域、深境螺旋中无效，迅行效果无法叠加。,5.7,datamine
10000116,ineffa,elemental_burst,至高律令·全域扫灭,Supreme Instruction: Cyclonic Exterminator,atk,借助多用途智能辅助单元**「薇尔琪塔」**，使用火箭飞拳清扫敌人！伊涅芙发射出薇尔琪塔，造成雷元素范围伤害，并使薇尔琪塔停留在场上。 若场上存在伊涅芙自己召唤的薇尔琪塔，则改为在目标位置重新召唤薇尔琪塔，并重置其持续时间。,5.8,datamine
10000116,ineffa,elemental_skill,涤净模式·稳态载频,Cleaning Mode: Carrier Frequency,atk,伊涅芙启动高阶清扫模块，对周围的敌人造成一次雷元素范围伤害，展开光流屏障护盾，并召唤出多用途智能辅助单元**「薇尔琪塔」**。 光流屏障护盾的伤害吸收量受益于伊涅芙的攻击力，对雷元素伤害有250%的吸收效果。,5.8,datamine
10000116,ineffa,normal_attack,除尘旋刃,Cyclonic Duster,atk,普通攻击 进行至多四段的连续枪击。 重击 消耗一定体力，进行回旋攻击。 下落攻击 从空中下坠冲击地面，攻击下落路径上的敌人，并在落地时造成范围伤害。,5.8,datamine
10000116,ineffa,passive_1,频率超限回路,Overclocking Circuit,,若**「薇尔琪塔」**附近存在月感电反应产生的雷暴云，薇尔琪塔进行放电攻击时，将额外进行一次攻击，造成相当于伊涅芙攻击力65%的雷元素范围伤害，该伤害视为月感电反应造成的伤害。,5.8,datamine
10000116,ineffa,passive_2,全相重构协议,Panoramic Permutation Protocol,,施放元素爆发**至高律令·全域扫灭**时，将为队伍中自己的所有角色赋予「参数重构」效果：基于伊涅芙攻击力的6%，提升伊涅芙与队伍中自己当前场上角色的元素精通，持续20秒。,5.8,datamine
10000116,ineffa,passive_3,月兆祝赐·象拟中继,Moonsign Benediction: Assemblage Hub,,队伍中的角色触发感电反应时，将转为触发月感电反应，且基于伊涅芙的攻击力，提升月感电反应的基础伤害：每100点攻击力都将提升0.7%基础伤害，至多通过这种方式提升14%伤害。 此外，伊涅芙在队伍中时，队伍的月兆将会上升一级。,5.8,datamine
10000116,ineffa,passive_4,美味合成单元,Flavor Synthesis Unit,,伊涅芙使用食物时，有30%概率获得一个调味剂食材。 此外，在挪德卡莱，似乎可以通过某种途径来改变薇尔琪塔的外观…,5.8,datamine
10000119,lauma,elemental_burst,圣言述咏·众心为月,Runo: All Hearts Become the Beating Moon,em,让众生的心愿，成为照亮大地的月光。菈乌玛默咏终北的圣歌，并获得18层**「苍色祷歌」**。 此外，菈乌玛在拥有**「月咏」**的情况下施放元素爆发时，或是在施放元素爆发后的15秒内获得「月咏」时，菈乌玛将消耗所有的「月咏」，并依据消耗的层数，每层使菈乌玛获得6层「苍色祷歌」。每次施放元素爆发以及施放元素爆发后的15秒内，该效果至多触发一次。 苍色祷歌 队伍中附近的角色造成绽放、超绽放、烈绽放、月绽放反应伤害时，将消耗一层「苍色祷歌」，提升造成的伤害，提升值基于菈乌玛的元素精通。上述伤害同时命中多名敌人时，会依据命中敌人的数量消耗「苍色祷歌」层数。 每层「苍色祷歌」独立计算持续时间。,6.0,datamine
10000119,lauma,elemental_skill,圣言述咏·终宵永眠,Runo: Dawnless Rest of Karsikko,atk;em,默咏古老的祷歌，展开**霜林圣域**，并依据点按、长按，以不同的方式产生效果。 点按 咏唱狩猎的祷歌，造成草元素范围伤害。 长按 拥有至少1枚**草露**时可以施放。菈乌玛将消耗所有草露，咏唱永眠的祷歌，造成一次草元素范围伤害与一次视为月绽放反应伤害的草元素范围伤害。依据消耗的草露数，每一枚草露还会使菈乌玛获得一层**「月咏」**，每次长按施放元素战技时，至多通过这种方式消耗3枚草露。 此外，菈乌玛的元素战技或霜林圣域的攻击命中敌人时，将使该敌人的草元素抗性与水元素抗性降低，持续10秒。,6.0,datamine
10000119,lauma,normal_attack,林麓旅踏,Peregrination of Linnunrata,atk,普通攻击 进行至多三段的攻击，造成草元素伤害。 重击 施展「灵使化形」。菈乌玛化形为谧林的灵使，以消耗体力为代价，进行至多10秒的奔行。在该状态下，提高菈乌玛的抗打断能力，并可以额外消耗体力，进行至多两段的连续跳跃。 退出灵使状态时，「灵使化形」将进入冷却，期间菈乌玛的重击将转为进行「唤灵之祷」：消耗一定体力，短暂咏唱后，对前方区域造成草元素范围伤害。 下落攻击 凝聚草元素的力量，从空中下坠冲击地面，攻击下落路径上的敌人，并在落地时造成草元素范围伤害。,6.0,datamine
10000119,lauma,passive_1,奉向霜夜的明光,Light for the Frosty Night,,菈乌玛施放元素战技**圣言述咏·终宵永眠**后的20秒内，将依据队伍的月兆，分别产生不同的强化效果，不同月兆等级提供的强化效果无法叠加。 月兆·初辉 队伍中附近的所有角色触发的绽放、超绽放、烈绽放反应造成的伤害能够造成暴击，暴击率固定为15%，暴击伤害固定为100%。该效果提供的暴击率可以与使对应元素反应能够造成暴击的同类效果提供的暴击率叠加。 月兆·满辉 队伍中附近的所有角色造成的月绽放反应伤害，暴击率提升10%，暴击伤害提升20%。,6.0,datamine
10000119,lauma,passive_2,奉向甘泉的沐濯,Cleansing for the Spring,,菈乌玛的每点元素精通，都会使菈乌玛获得以下增益效果： ·元素战技造成的伤害提升0.04%，通过这种方式至多提升32%； ·重击「灵使化形」的冷却时间缩短0.02%，通过这种方式至多使「灵使化形」的冷却时间缩短20%。,6.0,datamine
10000119,lauma,passive_3,月兆祝赐·千籁恩宠,Moonsign Benediction: Nature's Chorus,,队伍中的角色触发绽放反应时，将转为触发月绽放反应，且基于菈乌玛的元素精通，提升队伍中角色造成的月绽放反应的基础伤害：每点元素精通都将提升0.0175%月绽放反应的基础伤害，至多通过这种方式提升14%伤害。 此外，菈乌玛在队伍中时，队伍的月兆将会上升一级。,6.0,datamine
10000119,lauma,passive_4,奉向苍林的祷言,Prayers for the Forest,,在小地图上显示周围的挪德卡莱区域特产的位置。 此外，对受到月矩力影响的部分小动物，菈乌玛似乎有着特殊的亲和力…,6.0,datamine
10000120,flins,elemental_burst,旧仪·夜客致访,Ancient Ritual: Cometh the Night,atk,菲林斯解放提灯中真正的力量，造成雷元素范围伤害，并在短暂间隔后，分别造成2次中间段、以及一次最终段的视为月感电反应伤害的雷元素范围伤害。 月兆·满辉：技能获得强化：若附近存在雷暴云，还会额外造成2次中间段的视为月感电反应伤害的雷元素范围伤害。 施放特殊元素战技北国枪阵后6秒内，菲林斯的元素爆发旧仪·夜客致访将会被替换为特殊的元素爆发雷霆交响。 雷霆交响 消耗更少的元素能量便可以施放的特殊元素爆发。菲林斯造成一次视为月感电反应伤害的雷元素范围伤害。 月兆·满辉：技能获得强化：若附近存在雷暴云，还会额外造成一次视为月感电反应伤害的雷元素范围伤害。,6.0,datamine
10000120,flins,elemental_skill,古律·孤灯遗秘,Ancient Rite: Arcane Light,atk,菲林斯唤出提灯中古老的力量，切换至幽焰显迹模式。该模式具有以下特性： ·菲林斯的普通攻击与重击将转为造成无法被附魔覆盖的雷元素伤害，无法进行下落攻击； ·提升菲林斯的抗打断能力； ·元素战技古律·孤灯遗秘将会被替换为特殊的元素战技北国枪阵。 北国枪阵 菲林斯在前方唤出枪阵，造成雷元素范围伤害，并在接下来6秒内，使菲林斯的元素爆发旧仪·夜客致访替换为特殊的元素爆发**雷霆交响**。 北国枪阵的基础冷却时间为6秒，该冷却时间不会受到其他效果影响。,6.0,datamine
10000120,flins,normal_attack,扈圣魔枪,Pocztowy Demonspear,atk,普通攻击 进行至多五段的连续枪击。 重击 消耗一定体力，进行向前的投枪攻击。 下落攻击 从空中下坠冲击地面，攻击下落路径上的敌人，并在落地时造成范围伤害。,6.0,datamine
10000120,flins,passive_1,寒冬的交响,Symphony of Winter,,依据队伍的月兆，菲林斯将获得对应的强化效果。 月兆·满辉：菲林斯触发的月感电反应造成的伤害提升20%。,6.0,datamine
10000120,flins,passive_2,幽焰的呢喃,Whispering Flame,,菲林斯的元素精通提升，提升值相当于菲林斯的攻击力的8%。通过这种方式，至多使菲林斯的元素精通提升160点。,6.0,datamine
10000120,flins,passive_3,月兆祝赐·旧世潜藏,Moonsign Benediction: Old World Secrets,,队伍中的角色触发感电反应时，将转为触发月感电反应，且基于菲林斯的攻击力，提升月感电反应的基础伤害：每100点攻击力都将提升0.7%基础伤害，至多通过这种方式提升14%伤害。 此外，菲林斯在队伍中时，队伍的月兆将会上升一级。,6.0,datamine
10000120,flins,passive_4,掌灯暗行,A Light in the Dark,,在小地图上显示周围的挪德卡莱区域特产的位置。 此外，菲林斯似乎能听懂狂猎的低语…,6.0,datamine
10000121,aino,elemental_burst,精密水冷仪,Precision Hydronic Cooler,atk,抛出特制的超级喷水机关「冷静一下鸭」，展开对点水冷域。 持续期间，「冷静一下鸭」会间歇性对附近的敌人发射水弹，造成水元素伤害。,6.0,datamine
10000121,aino,elemental_skill,妙思捕手,Musecatcher,atk,向前方投出「妙思捕手」，造成水元素伤害，同时将自己牵引至前方，并在移动结束时对身边的敌人造成水元素范围伤害。 长按时将以不同的方式施放。 长按 进入瞄准状态，以调整投出「妙思捕手」的方向。,6.0,datamine
10000121,aino,normal_attack,敲打修理法,Bish-Bash-Bosh Repair,atk,普通攻击 进行至多三段的连续攻击。 重击 持续消耗体力，旋转大剑攻击周围的敌人。 停止旋转时，会进行一次格外有力的挥砍。 下落攻击 从空中下坠冲击地面，攻击下落路径上的敌人，并在落地时造成范围伤害。,6.0,datamine
10000121,aino,passive_1,模块式高效运作,Modular Efficiency Protocol,,依据队伍的月兆，爱诺将获得对应的强化效果。 月兆·满辉：元素爆发**精密水冷仪**将获得强化：「冷静一下鸭」将以更短的间隔发射水弹，造成范围更大的水元素范围伤害。,6.0,datamine
10000121,aino,passive_2,结构化功率提升,Structured Power Booster,,爱诺元素爆发造成的伤害提升，提升值基于爱诺的元素精通的50%。,6.0,datamine
10000121,aino,passive_3,月兆祝赐·力极演算,Moonsign Benediction: Force Limit Analysis,,爱诺在队伍中时，队伍的月兆将会上升一级。,6.0,datamine
10000121,aino,passive_4,小型识别侦测器,Miniaturized Detection Sensor,,在小地图上显示周围的挪德卡莱区域特产的位置。 此外，爱诺似乎可以通过某种途径来改变「冷静一下鸭」的外观…,6.0,datamine
10000122,nefer,elemental_burst,圣约·真眸幻戏,Sacred Vow: True Eye's Phantasm,atk;em,以图特的真视，向伪物的谜题奉上「解明」，对前方的敌人造成草元素范围伤害。施放时，奈芙尔还会消耗所有的**「伪秘之帷」**，提升本次元素爆发造成的伤害。,6.1,datamine
10000122,nefer,elemental_skill,弈术·千夜一舞,Senet Strategy: Dance of a Thousand Nights,atk;em,如月色的轻纱般缠绵，又如寒夜的砂海般凛冽的倾国之舞。奈芙尔向前方突进一段距离，造成草元素范围伤害，并进入**「影舞」**状态。 处于「影舞」状态下时，若拥有至少1枚**草露**，奈芙尔施放的重击将会被替换为特殊的、不消耗体力的重击**幻戏**。「影舞」状态下将提高奈芙尔的抗打断能力。 初始拥有2次可用次数。,6.1,datamine
10000122,nefer,normal_attack,游虵吐信,Striking Serpent,atk,普通攻击 以游蛇般凶锐与优雅的仪态，进行至多四段的踢击，造成草元素伤害。 重击 进入蛇行状态，以消耗体力为代价，进行至多2.5秒的高速移动。松开技能、持续时间结束或体力耗尽时，奈芙尔将退出蛇行状态，并额外消耗一定体力，对敌人造成草元素伤害；处于**「影舞」**状态下时，额外消耗的体力会降低。 此外，奈芙尔处于蛇行状态下时，施放元素战技**弈术·千夜一舞**或进行冲刺不会使奈芙尔退出蛇行状态。 下落攻击 凝聚草元素的力量，从空中下坠冲击地面，攻击下落路径上的敌人，并在落地时造成草元素范围伤害。,6.1,datamine
10000122,nefer,passive_1,月下的豪赌,A Wager of Moonlight,,依据队伍的月兆，奈芙尔将获得对应的强化效果。 月兆·满辉：施放元素战技**弈术·千夜一舞**时，将使当前场上的草原核转化为「诳言之核」，且附近所有角色在接下来的15秒内触发月绽放反应时，将取代草原核与丰穰之核产生诳言之核。诳言之核无法触发超绽放与烈绽放反应，也无法迸发。 奈芙尔施放重击或**幻戏**时，可以吸收附近一定范围内的诳言之核，每吸收一枚诳言之核，奈芙尔便会获得一层**「伪秘之帷」**效果；该效果叠加至3层或3层的持续时间刷新时，奈芙尔的元素精通提升100点，持续8秒。,6.1,datamine
10000122,nefer,passive_2,尘沙的女儿,Daughter of the Dust and Sand,,奈芙尔处于**「影舞」**状态下时，队伍中的角色触发月绽放反应后的5秒内，奈芙尔的**蛇行**状态还会额外为队伍提供**草露**；依据奈芙尔的元素精通超过500的部分，每100点元素精通都将使上述提供草露的效果提升10%，至多通过这种方式提升50%。,6.1,datamine
10000122,nefer,passive_3,月兆祝赐·廊下暮影,Moonsign Benediction: Dusklit Eaves,,队伍中的角色触发绽放反应时，将转为触发月绽放反应，且基于奈芙尔的元素精通，提升队伍中角色造成的月绽放反应的基础伤害：每点元素精通都将提升0.0175%月绽放反应的基础伤害，至多通过这种方式提升14%伤害。 此外，奈芙尔在队伍中时，队伍的月兆将会上升一级。,6.1,datamine
10000122,nefer,passive_4,金室的密谋,Conspiracy of the Golden Vault,,在挪德卡莱执行时长为20小时的探索派遣任务时，获得的奖励增加25%。,6.1,datamine
10000123,durin,elemental_burst,白化法·如光流变,Principle of Purity: As the Light Shifts,atk,以不同的方式解放「兽」的力量。依据杜林的**精质转变**状态，杜林可以施放不同的元素爆发。 白化法·如光流变 若杜林处于白化之是状态，将施放元素爆发白化法·如光流变，对前方的敌人造成三次火元素范围伤害，并将自身的力量以「白焰之龙」的形态显现。「白焰之龙」将跟随当前场上角色，并间歇性攻击周围的敌人，造成火元素范围伤害，该伤害视为元素爆发伤害。 黑度法·如星阴燃 若杜林处于黑度之否状态，将转为施放元素爆发黑度法·如星阴燃，对前方的敌人造成三次火元素范围伤害，并将自身的力量以「黑蚀之龙」的形态显现。「黑蚀之龙」将跟随当前场上角色，并间歇性对周围一名敌人发起攻击，造成火元素伤害，该伤害视为元素爆发伤害。 此外，若杜林不处于精质转变的特殊状态，将施放元素爆发白化法·如光流变。,6.2,datamine
10000123,durin,elemental_skill,二元式·聚分熔炼,Binary Form: Convergence and Division,atk,将灵魂与愿望的质料纯化，进行**精质转变**。期间，杜林的元素战技二元式·聚分熔炼将会被替换为特殊的元素战技转变·白化之是，普通攻击芒焰之翼斩将会被替换为特殊的元素战技转变·黑度之否。 转变·白化之是 对附近的敌人造成一次火元素范围伤害，解除精质转变，并进入白化之是状态，持续30秒。 转变·黑度之否 对前方的敌人连续造成三次火元素伤害，解除精质转变，并进入黑度之否状态，持续30秒。 处于战斗状态下时，杜林进入白化之是或黑度之否状态时，还会为杜林恢复一定的元素能量，每6秒至多通过这种方式恢复一次元素能量。,6.2,datamine
10000123,durin,normal_attack,芒焰之翼斩,Radiant Wingslash,atk,普通攻击 进行至多四段的连续剑击。 重击 消耗一定体力，向前方进行一次斩击。 下落攻击 从空中下坠冲击地面，攻击下落路径上的敌人，并在落地时造成范围伤害。,6.2,datamine
10000123,durin,passive_1,光灵遵神数显现,Light Manifest of the Divine Calculus,,依据杜林施放元素爆发显现的力量形态，分别产生不同的强化效果。若杜林的力量显现为： 白焰之龙 队伍中附近的角色对敌人触发燃烧、超载、火元素扩散、火元素结晶反应后，或对处于燃烧状态下的敌人造成火元素伤害或草元素伤害时，该敌人的火元素抗性与参与反应的对应元素抗性降低20%，持续6秒。 黑蚀之龙 杜林触发的蒸发反应造成的伤害提升40%，融化反应造成的伤害提升40%。,6.2,datamine
10000123,durin,passive_2,混沌如黑夜构成,Chaos Formed Like the Night,,施放元素爆发后的20秒内，杜林将获得「肇象熔炼」效果：持续期间，杜林将获得10层「肇象」，白焰之龙与黑蚀之龙的间歇性攻击造成伤害时，将消耗1层「肇象」，提升造成的伤害，每100点攻击力都将额外造成相当于原本3%的伤害，至多通过这种方式额外造成相当于原本75%的伤害。一次白焰之龙与黑蚀之龙同时命中多名敌人时，只会消耗一层「肇象」。 再次施放元素爆发时，「肇象」的层数将会刷新。,6.2,datamine
10000123,durin,passive_3,地涌的回音,Echoes of the Surging Earth,,在蒙德执行时长为20小时的探索派遣任务时，获得的奖励增加25%。,6.2,datamine
10000124,jahoda,elemental_burst,秘器·猎人的七道具,Hidden Aces: Seven Tools of the Hunter,atk,压箱底的秘藏只能在这里用掉啦！雅珂达取出两枚**猫型家用互助协调器**，并对附近的敌人造成一次风元素伤害。,6.2,datamine
10000124,jahoda,elemental_skill,奇策·财富分配方案,Savvy Strategy: Splitting the Spoils,atk,雅珂达向敌人突进，并在触及敌人时进入「掠影追袭」状态。处于该状态下时，雅珂达将持续快速移动；若附近的敌人处于火元素、水元素、雷元素或冰元素附着下，雅珂达还会偷偷将随身携带的**呼噜噜秘藏瓶**转换成对应的元素属性，并持续进行装填。持续时间结束或再次施放时，雅珂达将会清空呼噜噜秘藏瓶，并对附近的敌人造成一次风元素伤害；呼噜噜秘藏瓶装满时，雅珂达也会清空呼噜噜秘藏瓶，退出掠影追袭状态，并对附近的敌人造成一次伤害更高的风元素伤害。 如果雅珂达的突进没有触及敌人，雅珂达会在原地投掷下一枚烟雾弹，对身边的敌人造成一次风元素伤害。 月兆·满辉：呼噜噜秘藏瓶装满时，雅珂达不会立刻清空呼噜噜秘藏瓶，而是会在接下来的一段时间内，持续消耗瓶中装填的元素，并间歇性向附近的敌人发射软绒绒猫猫球，造成呼噜噜秘藏瓶对应元素类型的伤害。软绒绒猫猫球命中敌人时，还会为雅珂达恢复2点元素能量，该效果每3.5秒至多触发一次。,6.2,datamine
10000124,jahoda,normal_attack,见机行矢,Strike While the Arrow's Hot,atk,普通攻击 进行至多三段的连续弓箭射击。 重击 进行伤害更高、更为精准的瞄准射击。 瞄准时，强风会在箭矢上持续积聚。聚满了强风之力的箭矢会造成风元素伤害。 下落攻击 从空中射出箭雨，并迅速下坠冲击地面，攻击下落路径上的敌人，在落地时造成范围伤害。,6.2,datamine
10000124,jahoda,passive_1,索酬的巧计,Plan to Get Paid,,当队伍中存在至少1名元素类型为火元素、水元素、雷元素或冰元素的角色时，将依据对应元素类型的角色数量，使元素爆发秘器·猎人的七道具中的**猫型家用互助协调器**获得强化。 雅珂达会偷偷记录队伍中上述元素类型的角色。在这些角色中，若角色数量最多的元素类型为： ·火元素：猫型家用互助协调器造成原本130%的伤害； ·水元素：猫型家用互助协调器造成原本120%的治疗量； ·雷元素：猫型家用互助协调器的数量增加一个； ·冰元素：猫型家用互助协调器的攻击间隔减少10%。 若上述元素类型的角色数量相同，则按照火元素、水元素、雷元素、冰元素的顺序进行记录。初始至多只有一种元素类型对应的效果生效。,6.2,datamine
10000124,jahoda,passive_2,蜜莓的嘉赏,Sweet Berry Bounty,,元素爆发秘器·猎人的七道具中的**猫型家用互助协调器**对队伍中自己的当前场上角色触发治疗时，若受到治疗的角色生命值高于70%，则该角色的元素精通提升100点，持续6秒。,6.2,datamine
10000124,jahoda,passive_3,月兆祝赐·檐上趱行,Moonsign Benediction: Rooftop Dash,,雅珂达在队伍中时，队伍的月兆将会上升一级。,6.2,datamine
10000124,jahoda,passive_4,暗巷的黠慧,Backstreet Guile,,在挪德卡莱执行探索派遣任务时，消耗的时间缩短25%。,6.2,datamine
10000125,columbina,elemental_burst,她的乡愁,Moonlit Melancholy,atk;hp,以无秽的新月之名连接山与海，将身边的大地短暂变换为**月之领域**，并造成水元素范围伤害。,6.3,datamine
10000125,columbina,elemental_skill,万古潮汐,Eternal Tides,hp,唤起月海的潮汐，造成水元素范围伤害，并唤出**引力涟漪**。 引力涟漪将跟随场上角色，并持续对周围的敌人造成水元素范围伤害。引力涟漪存在期间，队伍中附近的角色触发月曜反应或造成月曜反应伤害时，将会为哥伦比娅积攒特殊的引力值，积攒至上限时，将会依据为哥伦比娅积攒最多引力值的月曜反应的类型，对敌人造成不同类型的伤害。 月兆·满辉：引力涟漪会造成范围更大的水元素范围伤害。,6.3,datamine
10000125,columbina,normal_attack,月露泼降,Moondew Cascade,atk;hp,普通攻击 唤起月光的潮汐，进行至多三段的攻击，造成水元素伤害。 重击 消耗一定体力，短暂咏唱后，造成水元素范围伤害。 若拥有至少1枚**草露**，哥伦比娅施放的重击将会被替换为特殊的、不消耗体力的重击月露涤荡：消耗一枚草露，对前方的敌人造成3次草元素范围伤害，该伤害视为月绽放反应伤害。 下落攻击 从空中下坠冲击地面，攻击下落路径上的敌人，并在落地时造成水元素范围伤害。,6.3,datamine
10000125,columbina,passive_1,月亮诱发的疯狂,Lunacy's Lure,,触发**引力干涉**时，哥伦比娅将获得月诱效果，使自身的暴击率提升5%，持续10秒。该效果至多叠加3层。,6.3,datamine
10000125,columbina,passive_2,新月自己的法则,Law of the New Moon,,处于**月之领域**中的角色触发月曜反应时，将分别获得以下效果： ·月感电反应：雷暴云对符合条件的目标进行雷击时，有33%概率额外进行一次雷击； ·月绽放反应：触发月绽放反应时，将为队伍提供一枚特殊的**山月草露**，每18秒至多通过这种方式为队伍提供3枚山月草露； ·月结晶反应：触发月笼谐奏时，每枚月笼有33%概率额外进行一次攻击。,6.3,datamine
10000125,columbina,passive_3,月兆祝赐·借汝月光,Moonsign Benediction: Moonlight、 Lent Unto You,,队伍中的角色触发感电/绽放/水元素结晶反应时，将转为触发月感电/月绽放/月结晶反应，且基于哥伦比娅的生命值上限，提升队伍中角色造成的月曜反应的基础伤害：每1000点生命值上限都将提升0.2%月曜反应的基础伤害，至多通过这种方式提升7%伤害。 此外，哥伦比娅在队伍中时，队伍的月兆将会上升一级。,6.3,datamine
10000125,columbina,passive_4,月的守望,Lunar Vigil,,处于挪德卡莱或霜月区域时，队伍中自己的角色倒下时，哥伦比娅将复苏该角色，并为其恢复生命值，恢复值基于哥伦比娅的好感等级，该效果每100秒至多触发一次。该效果在秘境、征讨领域、深境螺旋中无效。 此外，对受到月矩力影响的部分小动物，哥伦比娅似乎有着特殊的亲和力…,6.3,datamine
10000126,zibai,elemental_burst,三垣威仪法,Tri-Sphere Eminence,def,兹白转起青玄乘阳华盖，造成两次岩元素伤害，其中的第二段伤害视为月结晶反应伤害。 施放时，若兹白处于**「月转时隙」**模式下，则本次「月转时隙」模式的持续时间还会延长1.7秒。,6.3,datamine
10000126,zibai,elemental_skill,天地忽然身,Heaven and Earth Made Manifest,def,唤起旧日权能的片影，切换至**「月转时隙」**模式。 在该模式下，兹白进行普通攻击与重击时，将转为造成无法被附魔覆盖的岩元素伤害，并可以通过不同的方式，积攒特殊的「时隙浮光」；兹白可以消耗「时隙浮光」，施放特殊的元素战技灵驹飞踏。 月兆·满辉 处于「月转时隙」模式下时，兹白进行普通攻击时，第四段攻击将额外造成一次岩元素伤害，该伤害视为月结晶反应伤害。,6.3,datamine
10000126,zibai,normal_attack,金铗点桂,Golden Blade's Petaled Touch,atk,普通攻击 进行至多四段的连续剑击。 重击 消耗一定体力，瞬间向前方挥出两剑。 下落攻击 从空中下坠冲击地面，攻击下落路径上的敌人，并在落地时造成范围伤害。,6.3,datamine
10000126,zibai,passive_1,月下素娥降仙,The Selenic Adeptus Descends,,施放元素战技**天地忽然身**时，或队伍中附近的角色触发月笼谐奏时，兹白将获得持续4秒的「太阴降」效果：**灵驹飞踏**第二段攻击造成的伤害提升，提升值相当于兹白防御力的60%。,6.3,datamine
10000126,zibai,passive_2,叠嶂峦岫出云,Layered Peaks Pierce the Clouds,,队伍中每存在一名元素类型为岩元素的其他角色，都会使兹白的防御力提升15%；队伍中每存在一名元素类型为水元素的其他角色，都会使兹白的元素精通提升60点。,6.3,datamine
10000126,zibai,passive_3,月兆祝赐·浮明若流,Moonsign Benediction: The Coursing Sun and Moon,,队伍中的角色触发水元素结晶反应时，将转为触发月结晶反应，且基于兹白的防御力，提升队伍中角色造成的月结晶反应的基础伤害：每100点防御力都将提升0.7%月结晶反应的基础伤害，至多通过这种方式提升14%伤害。 此外，兹白在队伍中时，队伍的月兆将会上升一级。,6.3,datamine
10000126,zibai,passive_4,花林如霰,Moonlit Flower Forest,,在夜间（18时至6时），不处于战斗状态下时，每2秒为兹白恢复1点元素能量。 该效果在秘境、征讨领域、深境螺旋中无效。,6.3,datamine
10000127,illuga,elemental_burst,鉴照无影,Shadowless Reflection,def;em,点亮灯火，造成岩元素范围伤害，并获得「魇夜的莺歌」效果，持续20秒：持续期间，叶洛亚获得21层**「夜莺之歌」**，队伍中附近的当前场上角色的普通攻击、重击、下落攻击、元素战技或元素爆发对敌人造成岩元素伤害时，将消耗1层「夜莺之歌」，提升造成的伤害，提升值基于叶洛亚的元素精通；若该伤害为月结晶反应造成的伤害，还会进一步提升造成的伤害。 通过上述方式造成的岩元素伤害同时命中多名敌人时，会依据命中敌人的数量消耗「夜莺之歌」的层数。 此外，叶洛亚在场上存在队伍中附近的角色创造的岩元素创造物的情况下施放元素爆发时，或在「魇夜的莺歌」持续期间，队伍中附近的角色创造了岩元素创造物时，场上的每个岩元素创造物都会使叶洛亚额外获得5层「夜莺之歌」。每次施放元素爆发后的20秒内，叶洛亚至多通过这种方式额外获得15层「夜莺之歌」。 「夜莺之歌」的层数耗尽时，或持续时间结束时，「魇夜的莺歌」效果将会解除。,6.3,datamine
10000127,illuga,elemental_skill,衔莺破晓,Dawnbearing Songbird,def;em,唤出并肩作战的信鸟「阿咚」，依据点按、长按，以不同的方式产生效果。 点按 阿咚冲向前方的敌人，对触及的敌人造成岩元素伤害。 长按 进行瞄准，并使阿咚冲向被瞄准的敌人，对触及的敌人造成岩元素伤害。,6.3,datamine
10000127,illuga,normal_attack,守誓枪术,Oathkeeper's Spear,atk,普通攻击 进行至多四段的连续枪击。 重击 消耗一定体力，向前方突进，对路径上的敌人造成伤害。 下落攻击 从空中下坠冲击地面，攻击下落路径上的敌人，并在落地时造成范围伤害。,6.3,datamine
10000127,illuga,passive_1,铸灯者的盟约,Torchforger's Covenant,,施放元素战技**衔莺破晓**或元素爆发**鉴照无影**后，队伍中附近的其他角色将获得持续20秒的「执灯之誓」效果：对敌人造成的岩元素伤害，暴击率提升5%，暴击伤害提升10%。 月兆·满辉 处于「执灯之誓」效果影响下的角色，元素精通提升50点。,6.3,datamine
10000127,illuga,passive_2,狩魔者的黄昏,Demonhunter's Dusk,,**「夜莺之歌」**的效果获得强化：当队伍中存在1/2/3名水元素或岩元素角色时，「夜莺之歌」会进一步提升造成的伤害，提升值相当于叶洛亚元素精通的7%/14%/24%；若上述伤害为月结晶反应造成的伤害，提升值则相当于叶洛亚元素精通的48%/96%/160%。,6.3,datamine
10000127,illuga,passive_3,月兆祝赐·凌冬不凋,Moonsign Benediction: Unwithering in Winter,,叶洛亚在队伍中时，队伍的月兆将会上升一级。,6.3,datamine
10000127,illuga,passive_4,巡夜者的疾行,Night Warden's Stride,,在夜间（18时至6时），队伍中自己的角色获得迅行效果：移动速度提高10%。 该效果在秘境、征讨领域、深境螺旋中无效，迅行效果无法叠加。 此外，叶洛亚似乎能听懂狂猎的低语…,6.3,datamine
10000128,varka,elemental_burst,我即朔风,Northwind Avatar,atk,以最强的北风骑士之名，向前方挥出强力的二连斩，造成两次风元素伤害。 若队伍中存在火元素、水元素、雷元素或冰元素角色，则第一次斩击将会按照上述元素类型的优先级，转为造成对应元素伤害。,6.4,datamine
10000128,varka,elemental_skill,烈风终坠,Windbound Execution,atk,以绝对的力量，呈现西风剑术的真髓，依据点按、长按，以不同的方式产生效果。 点按 向前方腾跃而起并顺势劈斩，造成风元素范围伤害，并切换至**狂飙突进**模式。 处于狂飙突进模式下时，法尔伽的普通攻击与重击造成的伤害提高，无法进行下落攻击，且进行普通攻击与重击时，将根据队伍中角色的元素类型，使双持的大剑分别造成无法被附魔覆盖的对应元素伤害。 此外，处于狂飙突进模式下时，若队伍中存在火元素、水元素、雷元素或冰元素角色，法尔伽的元素战技烈风终坠将会被替换为特殊的元素战技**四风将起**，造成对应元素伤害与风元素伤害；此外，法尔伽还可以消耗特殊元素战技四风将起的可使用次数，进行不消耗体力的特殊重击苍噬，造成对应元素伤害与风元素伤害。 长按 进行蓄力后，向前方腾跃而起，蓄力时间会提升腾跃距离。,6.4,datamine
10000128,varka,normal_attack,西风剑术·流光之舞,Favonius Bladework: Dancing Radiance,atk,普通攻击 仿拟古代骑士的战舞，双持大剑进行至多五段的连续攻击。 重击 消耗一定体力，向前方突进后，进行一次格外有力的双剑挥砍。 下落攻击 从空中下坠冲击地面，攻击下落路径上的敌人，并在落地时造成范围伤害。,6.4,datamine
10000128,varka,passive_1,晓风的行军,Dawn Wind's March,,队伍中存在火元素、水元素、雷元素或冰元素角色时，按照上述元素类型的优先级，基于法尔伽的攻击力，每1000点攻击力都将使法尔伽获得10%风元素伤害加成与对应元素伤害加成（上述元素类型中，至多有一种元素类型可以通过这种方式获得伤害加成），至多通过这种方式获得25%。 此外，如果队伍中存在至少2名风元素角色，或存在至少2名元素类型相同的火元素、水元素、雷元素或冰元素角色，法尔伽在**狂飙突进**模式下进行的普通攻击、重击、特殊重击苍噬与施放的特殊元素战技**四风将起**将造成原本140%的伤害；若队伍中同时存在至少2名风元素角色与至少2名元素类型相同的火元素、水元素、雷元素或冰元素角色，则会使上述效果提升至220%。,6.4,datamine
10000128,varka,passive_2,风帜的先引,Wind's Vanguard,,队伍中附近的角色触发扩散或星扩散反应时，法尔伽将获得一层「苍牙之誓」，使法尔伽的普通攻击、重击、特殊重击苍噬与施放的特殊元素战技**四风将起**造成的伤害提升7.5%。该效果持续8秒，至多叠加4层，每名角色每1秒至多通过这种方式使法尔伽获得一层「苍牙之誓」。,6.4,datamine
10000128,varka,passive_3,归风的凯歌,Homebound Wind's Paean,,队伍中每有一名蒙德角色，通过长按施放的元素战技烈风终坠的冷却时间就会缩短5%。 该效果在秘境、征讨领域、深境螺旋中无效。,6.4,datamine
10000129,lohen,elemental_burst,裁罚遂成,Manifest Judgment,atk,向前方快速连续斩击，消耗所有**争胜**，造成冰元素伤害，并依据消耗的争胜，提升本次伤害。施放时，若洛恩处于**奇谋**状态下，则本次奇谋状态的持续时间还会延长1.65秒。,6.6,datamine
10000129,lohen,elemental_skill,奇兵诡出,Unforeseen Strike,atk,寻觅敌人的破绽，切换至**奇谋**状态。在这种状态下： ·洛恩可以主动积攒**欢悦**，从而施放特殊的元素战技**镂骨彻心**； ·队伍中附近的其他角色可以为洛恩积攒**争胜**，来提高镂骨彻心的伤害。 在奇谋状态下至多施放3次镂骨彻心，之后无法获得欢悦。,6.6,datamine
10000129,lohen,normal_attack,西风枪术·破誓,Spear of Favonius — Broken Oath,atk,普通攻击 进行至多五段的连续攻击。 重击 消耗一定体力，进行向前的突刺攻击。 下落攻击 从空中下坠冲击地面，攻击下落路径上的敌人，并在落地时造成范围伤害。,6.6,datamine
10000129,lohen,passive_1,禁问的训诫,Moratorium on Questioning,,在**奇谋**状态下，队伍中附近的其他角色通过造成伤害为洛恩积攒**争胜**时，若本次伤害不低于洛恩基础攻击力的3000%，则还会为洛恩额外积攒60点争胜。,6.6,datamine
10000129,lohen,passive_2,戏言的杰作,Flippant Masterpiece,,在**奇谋**状态下，队伍中附近的其他角色对敌人触发冰元素相关反应后的8秒内，该角色的攻击力提升15%，洛恩的攻击力提升15%。,6.6,datamine
10000129,lohen,passive_3,兴尽且去来,When the Mood Strikes,,施放元素战技奇兵诡出后，洛恩还会获得9秒的「乘兴」效果：持续期间，元素战技奇兵诡出的技能等级提高1级。 施放元素战技时，如果队伍中其他角色的普通攻击、元素战技或元素爆发中，任一技能等级不低于洛恩的元素战技的技能等级，则本次「乘兴」效果的持续时间额外延长6秒。 每18秒至多获得一次「乘兴」效果。,6.6,datamine
10000130,linnea,elemental_burst,备忘·绝境生存指南,Memo: Survival Guide in Extreme Conditions,def,就算是大师级的冒险家，也需要适度的休息！莉奈娅呼唤露米以**超厉害形态**出击，为附近的队伍中所有角色恢复生命值，并在接下来的一段时间内，持续为附近的当前场上角色恢复生命值，回复量受益于莉奈娅的防御力。 若施放元素爆发时，露米已经出击，则改为重置露米的持续时间，并不会改变露米的出击形态。,6.5,datamine
10000130,linnea,elemental_skill,对策·露米呀吼吼！,Countermeasure: Lumi's Battle Cry!,def,和露米一起冒险！依据不同的点按方式，露米将会以不同的形态出击。 点按 露米将会以**超厉害形态**出击，不断攻击附近的敌人，造成岩元素范围伤害；若附近存在月笼，露米还会对附近的敌人造成视为月结晶反应伤害的岩元素范围伤害。 连续点按 该拿出超厉害的真本事啦！使用元素战技后，连续点按元素战技或普通攻击，莉奈娅将会向露米投喂亮晶晶的宝石，吃得饱饱的露米会以**究极厉害形态**出击，对附近的敌人造成一次格外强力的、视为月结晶反应伤害的岩元素范围伤害，并切换至**普通厉害形态**。 此外，连续点按元素战技时，提高莉奈娅的抗打断能力。,6.5,datamine
10000130,linnea,normal_attack,捕获方案,Capture Protocol,atk,普通攻击 进行至多三段的连续弓箭射击。 重击 进行伤害更高、更为精准的瞄准射击。 瞄准时，岩晶会在箭矢上持续积聚。聚满了晶岩的箭矢会造成岩元素伤害。 下落攻击 从空中射出箭雨，并迅速下坠冲击地面，在落地时造成范围伤害。,6.5,datamine
10000130,linnea,passive_1,野外观察手记,Field Observation Notes,,露米在场上时，露米附近敌人的岩元素抗性会降低15%。 月兆·满辉：莉奈娅的元素战技**对策·露米呀吼吼！**和元素爆发**备忘·绝境生存指南**获得强化，呼唤露米上场后，露米附近敌人的岩元素抗性还会进一步降低15%。,6.5,datamine
10000130,linnea,passive_2,万类博物图鉴,Universal Naturalist Archive,,依据队伍中自己的当前场上角色，莉奈娅会提升队伍中特定角色的元素精通，提升值基于莉奈娅防御力的5%。若队伍中自己的当前场上角色： ·为月兆角色：提升该角色的元素精通； ·不为月兆角色：提升莉奈娅自己的元素精通。,6.5,datamine
10000130,linnea,passive_3,月兆祝赐·栖地考察,Moonsign Benediction: Habitat Survey,,队伍中的角色触发水元素结晶反应时，将转为触发月结晶反应，且基于莉奈娅的防御力，提升队伍中角色造成的月结晶反应的基础伤害：每100点防御力都将提升0.7%月结晶反应的基础伤害，至多通过这种方式提升14%伤害。 此外，莉奈娅在队伍中时，队伍的月兆将会上升一级。,6.5,datamine
10000130,linnea,passive_4,大师级的冒险者,Master Adventurer,,不处于战斗状态下时，莉奈娅进行瞄准射击所需的蓄力时间大幅减少，并会转为射出特制的超便利快捷矢，依据命中的目标，产生不同的效果。若命中的目标为： ·特定动物：超便利快捷矢会转化为特殊的「网」，可以拘出小动物的神形，并以其为媒介，再次化出小动物的形体；每周可使用的「网」数量有限。 ·锻造用矿石的矿脉：莉奈娅会派出露米，快速破坏被超便利快捷矢标记的矿体，并收集掉落的矿石。若露米不在场上，则会短暂呼唤出露米，帮助莉奈娅获取矿石。 超便利快捷矢对敌人造成的伤害降低为原本的20%。此外，短时间内发射一定数量的超便利快捷矢后，莉奈娅需要进行短暂的休息，才能继续发射。,6.5,datamine
10000131,nicole,elemental_burst,圣言默示·天路历程,Revelation: Ladder of Divine Ascent,atk,以天光的金缕，纺出「锚定」的命途，造成火元素范围伤害，并切换至「默观颂祷」模式。 尼可处于该模式下时，队伍中附近的当前场上角色的攻击命中敌人时，将会召唤出「奥迹造影」，对敌人发起协同攻击，依据该角色的元素类型，造成对应的元素范围伤害。该伤害受益于该角色的攻击力，并视为由该角色造成的伤害。 该效果每3秒至多触发一次，尼可每次切换至「默观颂祷」模式后，至多触发4次。 此外，魔导角色的「奥迹造影」在外观上似乎会有所不同…,6.6,datamine
10000131,nicole,elemental_skill,圣言默示·未现之光,Revelation: Uncreated Light,atk,重现旧日代行高天神权的片影，为队伍中附近的所有角色赋予**虚己之赐******效果，提升这些角色的攻击力，造成火元素范围伤害，并展开炽光护盾。 炽光护盾的伤害吸收量受益于尼可的攻击力，对火元素伤害有250%的吸收效果。,6.6,datamine
10000131,nicole,normal_attack,托喻,Allegoria,atk,普通攻击 以原初的言语降下敕命，进行至多三段的攻击，造成火元素伤害。 重击 消耗一定体力，短暂咏唱后，对前方区域造成火元素范围伤害。 下落攻击 从空中下坠冲击地面，攻击下落路径上的敌人，并在落地时造成火元素范围伤害。,6.6,datamine
10000131,nicole,passive_1,分有,Methexis,,施放元素战技**圣言默示·未现之光**后的20秒内，尼可将持续「观测」队伍中自己的当前场上其他角色。受观测的角色持续处于场上3秒后，其拥有的**虚己之赐**效果将会升变为**圣祝之引**，使其额外提升300点攻击力；若受观测的角色为魔导角色，则虚己之赐效果将会直接升变为圣祝之引。 除尼可外，其他角色拥有的圣祝之引将在退场时还原为虚己之赐。,6.6,datamine
10000131,nicole,passive_2,慕善,Philokalia,,队伍中附近的当前场上角色的元素伤害命中敌人后，尼可自己拥有的**虚己之赐**将会升变为**圣祝之引**，持续8秒。,6.6,datamine
10000131,nicole,passive_3,静念,Nepsis,,在提瓦特，不处于战斗状态下时，若已获得当前区域的寻宝罗盘，则尼可的重击将会转而施放「御使之引」：呼唤附近的仙灵指引道路，触发等同于当前区域寻宝罗盘的效果。 该效果有5秒的冷却时间，且在秘境、征讨领域、深境螺旋中无效。,6.6,datamine
10000132,prune,elemental_burst,铃鸣·狩魔之刻,The Bell Tolls! The Hunt Is On!,atk,布伦妮轻摇「诱巫饵铃」，对周围的敌人造成风元素伤害。随后「诱巫饵铃」将进入「寻猎」模式。 诱巫饵铃·寻猎 在该模式下，「诱巫饵铃」将跟随当前场上角色，并间歇性攻击周围的敌人，造成风元素范围伤害，该伤害视为元素爆发伤害。,6.6,datamine
10000132,prune,elemental_skill,叮铃铃·猎魔之音,Ring-A-Ding-Ding! Hexhunter Chime,atk,怀揣着打败「邪恶」魔女、拯救「德斯卡戴」的决心，解放风的力量吧！布伦妮使用「狩灾誓锤」敲击「诱巫饵铃」，造成风元素伤害。 若布伦妮通过该次攻击对敌人触发了扩散或星扩散反应，则在接下来6秒内，叮铃铃·猎魔之音将被替换为咚锵锵·裁魔之惩。 咚锵锵·裁魔之惩 将先前参与扩散或星扩散反应的元素类型缠绕于锤，并使**「狩灾誓锤」**发生元素转化，点按施放时，布伦妮跃起并将「狩灾誓锤」向前踢出，对面前的敌人造成对应的元素类型伤害。,6.6,datamine
10000132,prune,normal_attack,隆咚咚·破魔之锤,Badaboom! Hexbuster Hammer,atk,普通攻击 挥舞「狩灾誓锤」，进行至多三段的攻击，造成风元素伤害。 重击 消耗一定体力，以升势挥锤，对前方的敌人造成风元素伤害。 下落攻击 凝聚风元素的力量，从空中下坠冲击地面，攻击下落路径上的敌人，并在落地时造成风元素范围伤害。,6.6,datamine
10000132,prune,passive_1,裁断追惩,Verdict and Punishment,,元素爆发**铃鸣·狩魔之刻**中，处于「寻猎」模式下的「诱巫饵铃」对敌人造成伤害后，若该次伤害对敌人触发了扩散或星扩散反应，则还会在敌人面前召唤出一柄依据本次扩散或星扩散反应进行元素转化的**「狩灾誓锤」**向其砸下，造成布伦妮攻击力150%的对应类型的元素伤害，该伤害视为元素爆发伤害。,6.6,datamine
10000132,prune,passive_2,振铃同心,Tolling Synchronicity,,当布伦妮使用发生过元素转化的**「狩灾誓锤」**命中敌人后，队伍中附近的其他角色将获得持续5秒的「振铃鼓舞」效果：普通攻击、重击、下落攻击、元素战技或元素爆发对敌人造成伤害时，基于其获得「振铃鼓舞」效果时，布伦妮攻击力超过2000的部分，提升本次攻击造成的伤害：每点攻击力都会使本次攻击造成的伤害提升0.025%，至多提升50%。,6.6,datamine
10000132,prune,passive_3,改装！敲敲打打！,Tinker-Tink、 Clank、 and Bang!,,合成角色天赋素材时，有10%概率额外产生一份地区相同的其他随机天赋素材，等阶与合成后获得的素材相同。,6.6,datamine
10000133,sandrone,elemental_burst,事象数式·万理证毕,Formule Phenomenale: Q.E.D.,atk,秉持淑女优雅的礼仪，召唤出大量棱晶谐振炮对前方进行广域轰炸，并在随后发射负温聚能光束轰击敌人，造成冰元素范围伤害。 **辉映·星烁**：负温聚能光束将转为造成视为对应星烁反应伤害的冰元素范围伤害。,6.7,datamine
10000133,sandrone,elemental_skill,事象数式·游衍解析,Formule Phenomenale: Differential Analysis,atk,秉持淑女完美的法度，搭乘茶会用战术突击悬浮机关，并持续向前浮行6秒。期间，桑多涅可以控制浮行的方向，并且点按冲刺时，将会消耗10点体力，进入优雅的高速悬浮模式，每秒消耗15点体力，以更快的速度进行浮行。 开始浮行时，若附近存在敌人，桑多涅还会召唤出一台棱晶谐振炮，向没有冷静下来的敌人发射两枚棱晶弹，造成冰元素伤害。 **辉映·星烁**：第二枚棱晶弹将转为造成视为对应星烁反应伤害的冰元素伤害。 搭乘茶会用战术突击悬浮机关时，桑多涅还会优雅地悄悄维修法洁欧，使其**解算功率**快速降低。,6.7,datamine
10000133,sandrone,normal_attack,事象数式·自明演绎,Formule Phenomenale: Self-Evident Proposition,atk,普通攻击 以数式编织出操纵兵刃的丝线，进行至多三段的连续挥砍。 重击 召唤出全功能通用型自动机关「法洁欧」，并使其切换至**解算**模式：对前方的敌人进行扫射攻击，并周期性发射冷凝射线，造成冰元素范围伤害。 **辉映·星烁**：冷凝射线转为造成视为对应星烁反应伤害的冰元素范围伤害。 在解算模式下，法洁欧的**解算功率**将会持续提升；发射冷凝射线时，还会使解算功率进一步提升。 解算功率达到100点上限时，法洁欧将切换至功率过载模式，以更长的间隔对敌人进行射击，造成冰元素伤害，且无法切换至解算模式。 不处于解算模式下时，法洁欧的解算功率将会缓慢降低；桑多涅处于队伍后台时，还会专注于维修法洁欧，使其解算功率降低速度加快至原本的300%。 解算功率降低至50点以下时，法洁欧将退出功率过载模式。 下落攻击 从空中下坠冲击地面，攻击下落路径上的敌人，并在落地时造成范围伤害。,6.7,datamine
10000133,sandrone,passive_1,悠久的演算机关,Eternal Speculation Engine,,**辉映·星烁**：施放元素战技**事象数式·游衍解析**时，若法洁欧的**解算功率**超过50点，则会在降低解算功率的同时，使向附近敌人发射的第二枚棱晶弹造成原本400%的伤害。 此外，法洁欧的解算功率每降低10点，都会获得一层持续60秒的改进战术效果，该效果至多叠加10层。桑多涅处于辉映·星烁状态下施放元素爆发**事象数式·万理证毕**时，将会清除全部的改进战术层数，使负温聚能光束造成原本100%+清除层数*10%的伤害。,6.7,datamine
10000133,sandrone,passive_2,淑女的行事准则,A Lady's Code of Conduct,,基于桑多涅的攻击力，提升其元素精通：每100点攻击力都将使桑多涅的元素精通提升8点，至多通过这种方式提升160点元素精通。,6.7,datamine
10000133,sandrone,passive_3,星耀祝礼·唯理为光,Stellar Jubilee: Light of Rationalisme,,处于**极星辉域**中时/队伍中的角色在附近触发星扩散反应后的8秒内，桑多涅将分别进入辉映·星超导/辉映·星扩散状态。 队伍中的角色触发超导/冰元素扩散反应时，将转为触发星超导/星扩散反应，且基于桑多涅的攻击力，提升队伍中角色造成的上述反应的基础伤害：每100点攻击力都将提升0.7%上述反应的基础伤害，至多通过这种方式提升14%伤害。,6.7,datamine
10000133,sandrone,passive_4,茶会的序曲与长长的故事,A Caucus Prelude and a Long Tale,,桑多涅处于队伍中时，向凯瑟琳交付每日委托任务后，会获得额外的茶点奖励。,6.7,datamine
10000140,vodyanitsa,elemental_burst,终奏·伴尔沉沦,Koda: Sink With Thee,hp,领唱引诱沉沦的水妖之歌，造成水元素范围伤害。 处于**遥久之歌**状态下时，造成的伤害还会进一步提升。,7.1,datamine
10000140,vodyanitsa,elemental_skill,宣叙·晨声纷流,Rechitativ: Sonorous Dawn,hp,显现出水妖原本的姿态，造成水元素范围伤害，并获得遥久之歌效果：持续期间，沃雅妮莎将召唤出古老的唤春角笛，间歇性快速移动至一名敌人附近，对其进行攻击，造成水元素伤害。 上述两种攻击命中时将会使敌人的水元素抗性与冰元素抗性降低。此外，遥久之歌效果持续期间，还会提升队伍中自己的当前场上角色的抗打断能力，并间歇性为其恢复生命值，恢复量受益于沃雅妮莎的生命值上限。,7.1,datamine
10000140,vodyanitsa,normal_attack,水色咏叹,Psyshkhwe Arietta,atk,普通攻击 吟咏古老的水妖之歌，进行至多四段的攻击，造成水元素伤害。 重击 消耗一定体力，向前方掷出水球，造成水元素伤害。 下落攻击 从空中下坠冲击地面，攻击下落路径上的敌人，并在落地时造成水元素范围伤害。,7.1,datamine
10000140,vodyanitsa,passive_1,最后的塑诗者,The Last Djeguako Songstress,,施放元素战技宣叙·晨声纷流时，将使当前场上的星辉风旋转化为「流荡风旋」，且队伍中附近的角色在**遥久之歌**效果持续期间触发星扩散反应时，将取代星辉风旋创造流荡风旋。 创造或引爆流荡风旋时，还会使附近敌人的风元素抗性降低35%，持续6秒。 此外，遥久之歌持续期间，队伍中附近的角色进入辉映·星扩散状态时，辉映·星扩散的持续时间延长4秒。,7.1,datamine
10000140,vodyanitsa,passive_2,十二弦的泪歌,Dirge of the Fandyr,,施放元素战技宣叙·晨声纷流时，沃雅妮莎还会获得25层**「领唱」**与10层**「重唱」**。 上述两种效果分别持续30秒，并会在施放元素战技时刷新层数。,7.1,datamine
10000140,vodyanitsa,passive_3,余声绕冰湖,Echoes Over the Frozen Lake,,不处于战斗状态下时，长按元素战技，沃雅妮莎将显现出水妖的本貌，以消耗体力为代价，进行至多10秒的游动；因为是水妖，所以当然也可以在水面上移动。再次施放元素战技、持续时间结束或体力耗尽时，沃雅妮莎将不再维持水妖的本貌。 此外，沃雅妮莎的游泳速度提升，但消耗体力的速度也更快。,7.1,datamine
10000140,vodyanitsa,passive_4,无琴的诱音,Heartless Siren Song,,身为科洛列夫茨基剧团首席女高音，沃雅妮莎在演奏乐器时，将改为亲自献唱。,7.1,datamine
10000143,vesna,alternate_attack,薇斯纳跳跃,,,？,7.1,datamine
10000143,vesna,alternate_sprint,薇斯纳闪避,,,？,7.1,datamine
10000143,vesna,elemental_burst,致礼·献予女皇陛下,For the Tsaritsa!,atk,召唤众多**灵剑**，造成风元素范围伤害，并获得一层**「剑气」**。,7.1,datamine
10000143,vesna,elemental_skill,操典·制胜有道,The Art of Victory,atk,唤起风仙一族传承的灵剑，造成风元素范围伤害，切换至**巡风列装**模式，并获得两层**「剑气」**。 巡风列装 薇斯纳进行普通攻击、重击与下落攻击时，将转为造成无法被附魔覆盖的风元素伤害，并唤出风翎协同攻击敌人，造成额外的风元素伤害；每次唤出风翎时，都会为薇斯纳恢复一定的剑气。 薇斯纳可以消耗剑气，施放特殊的元素战技**翔风剑**，对敌人造成风元素伤害。 每次施放特殊元素战技翔风剑后，本次巡风列装模式持续期间，其境界都会提升，造成更高的风元素伤害；翔风剑的初始境界为一阶，至多提升至三阶；施放境界提升后的翔风剑时，还会唤出**灵剑**，对敌人造成风元素伤害。 持续时间结束时，或施放三次最高境界的翔风剑后，薇斯纳将退出该模式，并清除所有剑气。 此外，在该模式下，薇斯纳的抗打断能力将会提升。 辉映·星扩散：灵剑转为造成视为星扩散反应伤害的风元素伤害。,7.1,datamine
10000143,vesna,normal_attack,巡风剑舞,Vila Blade Dance,atk,普通攻击 进行至多六段的连续攻击。 重击 消耗一定体力，踏击前方的敌人。 下落攻击 从空中下坠冲击地面，攻击下落路径上的敌人，并在落地时造成范围伤害。,7.1,datamine
10000143,vesna,passive_1,仪典·春之行列,Rite of Spring's Procession,,薇斯纳施放特殊元素战技**翔风剑**或元素爆发**致礼·献予女皇陛下**后，还会获得一层「整肃」，持续20秒，至多叠加6层，每层独立计算持续时间。 拥有整肃时，薇斯纳召唤的**灵剑**将会造成原本100%+整肃层数*10%的伤害；施放元素战技操典·制胜有道或退场时，清除薇斯纳拥有的整肃。,7.1,datamine
10000143,vesna,passive_2,理典·冬之凯风,Truth Prevails,,辉映·星扩散：依据队伍中角色的元素类型，薇斯纳将获得对应效果。当前队伍中： ·每有一位元素类型为冰元素或风元素的角色：薇斯纳的攻击力提升6%； ·每有一位不为上述元素类型的角色：薇斯纳的元素精通提升25点。,7.1,datamine
10000143,vesna,passive_3,星耀祝礼·散华序饰,Stellar Jubilee: Splendid Prelude,,队伍中的角色触发冰元素扩散反应时，将转为触发星扩散反应，且基于薇斯纳的攻击力，提升队伍中角色造成的星扩散反应的基础伤害：每100点攻击力都将提升0.7%星扩散反应的基础伤害，至多通过这种方式提升14%伤害。 队伍中的角色在附近触发星扩散反应后的8秒内，薇斯纳将会进入辉映·星扩散状态。,7.1,datamine
10000143,vesna,passive_4,宝魄巡行,The Grand Circuit,,不处于战斗状态下时，薇斯纳可以通过长按冲刺或跳跃进入「巡游」状态。 巡游 持续消耗体力，维持悬浮状态；进行冲刺或点按跳跃抬升高度时，将额外消耗体力。包括长按跳跃进入巡游状态在内，每次巡游至多抬升三次高度。 此外，在至冬地区（挪德卡莱除外），不处于战斗状态下时，队伍中的当前场上角色位于空中时，切换薇斯纳登场时，薇斯纳将直接进入巡游状态，并恢复50点体力；该效果每10秒至多触发一次，且该效果在秘境、征讨领域、深境螺旋中无效。,7.1,datamine
10000148,alyosha,elemental_burst,守猎进踞,Hunter's Advance,atk,召唤信赖的好伙伴图加林一同战斗，并将前方区域短暂变换为轰霆猎场。 轰霆猎场 ·持续嘲讽周围的敌人，吸引敌人攻击； ·每隔2秒，对踏入其中的敌人造成一次雷元素范围伤害。 图加林 ·若周围存在敌人，每隔2秒，图加林将快速移动至一名敌人附近，对其进行撕咬攻击，造成雷元素伤害。 ·若命中的敌人处于弋猎印记效果影响下，还会激活弋猎印记。 ·图加林会优先攻击处于弋猎印记效果影响下的敌人。,7.0,datamine
10000148,alyosha,elemental_skill,伏袭霆击,Thunderbolt Strike,atk,循借猎人的本能，依据点按、长按，以不同的方式产生效果，并对命中的敌人施加**弋猎印记**效果。 点按 向前方射击，造成雷元素范围伤害。 长按 进入瞄准状态，并选定前方一定范围内的敌人，在该状态下提高阿罗夏的抗打断能力。 长按结束时，对选定的敌人造成雷元素伤害。,7.0,datamine
10000148,alyosha,normal_attack,角枪驰弋,Skirmishing Spear,atk,普通攻击 进行至多四段的连续枪击，并对最后一击命中的敌人施加**弋猎印记**效果。 重击 消耗一定体力，向前方突进，对路径上的敌人造成伤害。 下落攻击 从空中下坠冲击地面，攻击下落路径上的敌人，并在落地时造成范围伤害。,7.0,datamine
10000148,alyosha,passive_1,惊醒沉睡的林线,Awakened by the Baying Hounds,,**图加林**进行攻击时，还会为队伍中附近的当前场上角色恢复生命值，回复量相当于阿罗夏攻击力的120%。,7.0,datamine
10000148,alyosha,passive_2,告别冬麦与残叶,Suffer the Winter Wheat Will,,基于阿罗夏的元素充能效率，提升阿罗夏的元素战技与元素爆发造成的伤害：每1%元素充能效率都会使上述伤害提升0.35%，至多提升至70%。,7.0,datamine
10000148,alyosha,passive_3,星赴险域,Into the Fray,,处于**极星辉域**中时，阿罗夏将会进入辉映·星超导状态。 辉映·星超导：激活**弋猎印记**时获得的猎者之准效果还会使角色处于场上时造成的星超导反应伤害提升20%。,7.0,datamine
10000148,alyosha,passive_4,树梢察伺,Treetop Watch,,在小地图上显示周围的至冬区域特产的位置，在影域中亦能提供相同的佑助。,7.0,datamine
10000150,odette,elemental_burst,疾板·苍羽一梦,Presto: Bluebird Finale,atk,呈现迅疾的舞步，造成多次冰元素范围伤害，召唤出自身的**独舞倒影**，并获得雪鹄之梦：提升奥黛塔造成的星烁反应伤害。 此外，施放元素爆发疾板·苍羽一梦后的6秒内，奥黛塔的元素战技柔板·幻灵夜舞将会被替换为特殊的元素战技**柔板·破晓终奏******。 若场上存在奥黛塔自己召唤的独舞倒影，则将其召唤至身边，并重置其持续时间。,7.0,datamine
10000150,odette,elemental_skill,柔板·幻灵夜舞,Adagio: Phantom Night Dancers,atk,呈现柔缓的舞步，造成冰元素范围伤害，并召唤出自身的**独舞倒影**。 若场上存在奥黛塔自己召唤的独舞倒影，则会重新召唤，并重置其持续时间。 独舞倒影 交替呈现拂羽与旋翼两种舞步，以优雅轻盈的舞姿间歇性攻击附近的敌人，造成冰元素范围伤害。 此外，施放元素战技柔板·幻灵夜舞后的6秒内，奥黛塔的元素战技柔板·幻灵夜舞将会被替换为特殊的元素战技**柔板·破晓终奏******，以共舞对附近的敌人持续造成冰元素范围伤害，并在共舞结束时，造成一次视为星超导或星扩散反应伤害的冰元素范围伤害。,7.0,datamine
10000150,odette,normal_attack,雪鹄变奏,Snow Swan Variation,atk,普通攻击 进行至多五段的连续剑击。 重击 消耗一定体力，向前方挥出闪耀夺目的斩击。 下落攻击 从空中下坠冲击地面，攻击下落路径上的敌人，并在落地时造成范围伤害。,7.0,datamine
10000150,odette,passive_1,获选者的春祭,Spring Rite of the Chosen One,,奥黛塔召唤**独舞倒影**时，还会获得4层**华彩**。,7.0,datamine
10000150,odette,passive_2,赤忱者的悲歌,Pathetique of Pateticheskaya,,基于奥黛塔攻击力超过1000点的部分，每100点攻击力都将使奥黛塔造成的星烁反应伤害额外造成原本1.5%的伤害，至多通过这种方式额外造成原本30%的伤害。,7.0,datamine
10000150,odette,passive_3,星耀祝礼·银晓之舞,Stellar Jubilee: Dance of Aurore,,处于**极星辉域**中时/队伍中的角色在附近触发星扩散反应后的8秒内，奥黛塔将分别进入辉映·星超导/辉映·星扩散状态。 队伍中的角色触发超导/冰元素扩散反应时，将转为触发星超导/星扩散反应，且基于奥黛塔的攻击力，提升队伍中角色造成的上述反应的基础伤害：每100点攻击力都将提升0.7%上述反应的基础伤害，至多通过这种方式提升14%伤害。,7.0,datamine
10000150,odette,passive_4,回响中的冬梦,Echo of Winter Daydreams,,在小地图上显示周围的至冬区域特产的位置，在影域中亦能提供相同的佑助。 在闲暇时练习舞蹈，或许还会触发其他的效果…,7.0,datamine
